node_idx,label,pred_full,conf_full,is_correct_full,gate,u_text,conf_text,conf_graph,homophily
7527,0,1,0.9906086921691895,False,0.253441721200943,0.3233616352081299,0.9438484907150269,1.0,0.0
6018,0,1,0.9840972423553467,False,0.18695537745952606,0.4452761113643646,0.8374693393707275,0.9999997615814209,0.0
7453,0,1,0.9819244146347046,False,0.24003426730632782,0.349886417388916,0.9260550141334534,0.9999998807907104,0.0
2240,1,0,0.9700517654418945,False,0.18352755904197693,0.39029183983802795,0.9157904982566833,0.9992614388465881,0.0
5925,1,0,0.9632095098495483,False,0.13341152667999268,0.5667675733566284,0.8075450658798218,0.9985752105712891,0.0
5374,1,0,0.9630678296089172,False,0.12158441543579102,0.6111676096916199,0.7664372324943542,0.9989142417907715,0.0
1780,1,0,0.9623928666114807,False,0.16587015986442566,0.44432875514030457,0.8858465552330017,0.9997888207435608,0.0
6570,1,0,0.9547091126441956,False,0.14162200689315796,0.5368430018424988,0.8331103324890137,0.9993595480918884,0.0
229,1,0,0.9542328119277954,False,0.1732671856880188,0.4203709065914154,0.8973508477210999,0.9987879395484924,0.0
2276,1,0,0.9533179402351379,False,0.08893238008022308,0.7457650899887085,0.5424146056175232,0.997499406337738,0.0
3445,0,1,0.9513310790061951,False,0.21896463632583618,0.42057448625564575,0.9043692350387573,0.9999921321868896,0.0
3678,1,0,0.9507725238800049,False,0.13237331807613373,0.5450073480606079,0.795783519744873,0.9992850422859192,0.0
1437,1,0,0.9494547247886658,False,0.17684000730514526,0.39364925026893616,0.897962749004364,0.9992330074310303,0.0
4924,1,0,0.9469872117042542,False,0.16769687831401825,0.4353601932525635,0.8862220048904419,0.9988217949867249,0.0
6700,0,1,0.9383326768875122,False,0.2054499387741089,0.4517013132572174,0.8837755918502808,0.9999924898147583,0.0
3891,1,0,0.9366318583488464,False,0.1281599998474121,0.5539402365684509,0.7749008536338806,0.9968339800834656,0.0
7044,0,1,0.9344998598098755,False,0.23849262297153473,0.3632529377937317,0.927189826965332,0.9999788999557495,0.0
4302,0,1,0.9332864284515381,False,0.24670429527759552,0.3361016511917114,0.9348244667053223,0.9999501705169678,0.0
7502,0,1,0.9299407601356506,False,0.22015661001205444,0.4006582796573639,0.9007691144943237,0.9999817609786987,0.0
6429,0,1,0.9279571175575256,False,0.22910450398921967,0.389290988445282,0.9161556363105774,0.9999632835388184,0.0
7127,0,1,0.9264681935310364,False,0.1843089461326599,0.49422577023506165,0.8454297780990601,0.9999843835830688,0.0
7536,0,1,0.9264192581176758,False,0.15411850810050964,0.5586991906166077,0.7795401811599731,0.9999749660491943,0.0
469,0,1,0.9249206185340881,False,0.21704205870628357,0.3927710950374603,0.8915024399757385,0.9999240636825562,0.0
7184,0,1,0.9248120188713074,False,0.17670516669750214,0.5185624957084656,0.832728922367096,0.999957799911499,0.0
6717,0,1,0.9221798181533813,False,0.20336517691612244,0.4685872793197632,0.8840282559394836,0.999955415725708,0.0
3278,1,0,0.9207635521888733,False,0.10455141216516495,0.6863027215003967,0.6844263076782227,0.9963908791542053,0.0
3755,1,0,0.9190118908882141,False,0.11971062421798706,0.5990662574768066,0.7449317574501038,0.994939923286438,0.0
2899,1,0,0.9172825813293457,False,0.12243157625198364,0.5968130826950073,0.7658664584159851,0.9990612864494324,0.0
2167,1,0,0.9171204566955566,False,0.09397715330123901,0.6756962537765503,0.5937986373901367,0.9963370561599731,0.0
4942,1,0,0.9127161502838135,False,0.12765498459339142,0.6035435795783997,0.7931740283966064,0.9980778694152832,0.0
2382,1,0,0.9117087125778198,False,0.10102609544992447,0.7027264833450317,0.6619260311126709,0.9950336217880249,0.0
1216,0,1,0.9088407158851624,False,0.23164181411266327,0.37877243757247925,0.9180933833122253,0.9999390840530396,0.0
7490,0,1,0.9078261852264404,False,0.15588872134685516,0.6037415862083435,0.7974187731742859,0.9999384880065918,0.0
16,1,0,0.9043739438056946,False,0.09794941544532776,0.7567436695098877,0.659557580947876,0.99693763256073,0.0
8138,1,0,0.899939775466919,False,0.09968991577625275,0.6723498106002808,0.6408184170722961,0.9954498410224915,0.0
8200,0,1,0.8998069763183594,False,0.1626412570476532,0.5843362212181091,0.8121631145477295,0.9998251795768738,0.0
7129,0,1,0.8965417146682739,False,0.15436068177223206,0.5939353704452515,0.7900489568710327,0.9999344348907471,0.0
373,0,1,0.89571613073349,False,0.15278244018554688,0.5928247570991516,0.7847837209701538,0.9998176693916321,0.0
1373,0,1,0.8944462537765503,False,0.21675236523151398,0.42685943841934204,0.9012496471405029,0.999675989151001,0.0
6452,1,0,0.8908881545066833,False,0.11175241321325302,0.6616113781929016,0.7261074781417847,0.9978234767913818,0.0
2675,0,1,0.8903945088386536,False,0.1997184008359909,0.47075703740119934,0.8759738802909851,0.9996808767318726,0.0
7420,0,1,0.8883220553398132,False,0.22548678517341614,0.3984760642051697,0.9112317562103271,0.9997015595436096,0.0
3435,0,1,0.8858187794685364,False,0.12538838386535645,0.6320205926895142,0.6990354657173157,0.999517560005188,0.0
6137,0,1,0.8849704265594482,False,0.17722631990909576,0.48717057704925537,0.8244257569313049,0.9991862177848816,0.0
5109,1,0,0.8814135789871216,False,0.09483884274959564,0.6792498230934143,0.5973095297813416,0.9924783706665039,0.0
1155,1,0,0.8794617056846619,False,0.11544334888458252,0.6401132345199585,0.7291644215583801,0.991135835647583,0.0
1550,0,1,0.8775666952133179,False,0.1275423765182495,0.6158283352851868,0.7031487822532654,0.9994303584098816,0.0
1523,1,0,0.8741434812545776,False,0.13022007048130035,0.5569603443145752,0.7864989042282104,0.9971362352371216,0.0
6706,0,1,0.8733651041984558,False,0.08978713303804398,0.6874929666519165,0.5347171425819397,0.9993734955787659,0.0
2886,1,0,0.8714455366134644,False,0.1386951357126236,0.6139822006225586,0.740602433681488,0.9944973587989807,0.0
7888,0,1,0.8708003759384155,False,0.10363809764385223,0.7243520021438599,0.6238229274749756,0.999476969242096,0.0
4686,0,1,0.8701665997505188,False,0.1390392780303955,0.6468713283538818,0.7538904547691345,0.9997735619544983,0.0
4652,1,0,0.87015300989151,False,0.10234291851520538,0.6752771735191345,0.6624477505683899,0.9953483939170837,0.0
2360,0,1,0.8700184226036072,False,0.15650497376918793,0.5608802437782288,0.7871261239051819,0.9993651509284973,0.0
3239,0,1,0.8674566149711609,False,0.15197330713272095,0.5538755059242249,0.7712690234184265,0.9995456337928772,0.0
4536,0,1,0.8672999143600464,False,0.12526416778564453,0.6854676008224487,0.7122781276702881,0.9994333386421204,0.0
6337,0,1,0.8668109178543091,False,0.09453080594539642,0.7171729803085327,0.5713741779327393,0.9990867376327515,0.0
6788,0,1,0.866503119468689,False,0.17621847987174988,0.525651752948761,0.8333056569099426,0.9996691942214966,0.0
7177,0,1,0.8660074472427368,False,0.18639205396175385,0.5107523202896118,0.8553282022476196,0.9996389150619507,0.0
4848,0,1,0.8652686476707458,False,0.1686025857925415,0.5324798822402954,0.8143404126167297,0.9994540810585022,0.0
4672,0,1,0.8649580478668213,False,0.16476044058799744,0.551999568939209,0.8090758919715881,0.9995380640029907,0.0
4692,0,1,0.8632479906082153,False,0.13475553691387177,0.607385516166687,0.7277981638908386,0.9991268515586853,0.0
5944,1,0,0.8613806366920471,False,0.12365637719631195,0.6015567779541016,0.7571601867675781,0.9894413948059082,0.0
1484,1,0,0.860081136226654,False,0.08763333410024643,0.7242895364761353,0.5415258407592773,0.991591215133667,0.0
38,0,1,0.8599873185157776,False,0.17636919021606445,0.5059512853622437,0.8278293013572693,0.9994224309921265,0.0
4560,1,0,0.8595406413078308,False,0.1296384036540985,0.5796745419502258,0.787533164024353,0.9944615960121155,0.0
2265,0,1,0.8573606610298157,False,0.1886114627122879,0.49062812328338623,0.8540204167366028,0.998264491558075,0.0
3383,0,1,0.8548980951309204,False,0.17023645341396332,0.5519570112228394,0.824235737323761,0.9991403818130493,0.0
6441,0,1,0.8528279066085815,False,0.18450480699539185,0.5175268650054932,0.8519042134284973,0.9987301230430603,0.0
7676,0,1,0.8499025702476501,False,0.1709221750497818,0.555600643157959,0.8269919753074646,0.9988839030265808,0.0
2059,0,1,0.8486063480377197,False,0.11381766945123672,0.6614538431167603,0.6573864817619324,0.9992590546607971,0.0
8258,0,1,0.8485528826713562,False,0.18992622196674347,0.49241989850997925,0.8578466773033142,0.9983219504356384,0.0
3018,1,0,0.8474123477935791,False,0.11761850118637085,0.6139999628067017,0.7299192547798157,0.9898361563682556,0.0
8156,0,1,0.8472736477851868,False,0.14036591351032257,0.6557564735412598,0.7601283192634583,0.9985613226890564,0.0
4876,1,0,0.8469822406768799,False,0.10563075542449951,0.6854220032691956,0.6831641793251038,0.9913010001182556,0.0
5708,1,0,0.8468263149261475,False,0.0983257070183754,0.7301017045974731,0.6521357893943787,0.9961697459220886,0.0
4121,0,1,0.8462308049201965,False,0.18632327020168304,0.503424882888794,0.8522069454193115,0.9984660148620605,0.0
6765,0,1,0.8457528352737427,False,0.1711605042219162,0.5405316352844238,0.8230593204498291,0.9984146356582642,0.0
2730,0,1,0.8437618613243103,False,0.11801805347204208,0.6785123348236084,0.6803225874900818,0.9992408752441406,0.0
2657,0,1,0.8433251976966858,False,0.18054018914699554,0.5231612920761108,0.8431307673454285,0.998417854309082,0.0
8240,1,0,0.8424943089485168,False,0.1337917000055313,0.5845372676849365,0.79268878698349,0.98573237657547,0.0
4662,1,0,0.8420127034187317,False,0.12672360241413116,0.6081585884094238,0.7860599756240845,0.995701253414154,0.0
1692,0,1,0.8418567776679993,False,0.1672734022140503,0.5550836324691772,0.8168565034866333,0.9991586208343506,0.0
5596,0,1,0.8418031334877014,False,0.1797223538160324,0.5083668231964111,0.8368449211120605,0.9986230134963989,0.0
308,0,1,0.8377717137336731,False,0.14898844063282013,0.5863719582557678,0.7699635624885559,0.9980853796005249,0.0
4934,1,0,0.8373849987983704,False,0.124618299305439,0.6024239659309387,0.7718372941017151,0.9947872161865234,0.0
682,1,0,0.8371790051460266,False,0.10711108893156052,0.7204369306564331,0.7098151445388794,0.9939016103744507,0.0
2244,1,0,0.8370105624198914,False,0.1156609058380127,0.6532023549079895,0.7346776127815247,0.9909152388572693,0.0
3446,0,1,0.8356564044952393,False,0.18359918892383575,0.5227187871932983,0.8506113290786743,0.9980317950248718,0.0
2803,0,1,0.83560711145401,False,0.17150713503360748,0.5432952642440796,0.8249667286872864,0.9986661672592163,0.0
7708,1,0,0.8354448080062866,False,0.10447250306606293,0.6575503349304199,0.6615692973136902,0.989354133605957,0.0
7510,0,1,0.8350499868392944,False,0.17898079752922058,0.45833873748779297,0.8180363774299622,0.9958236217498779,0.0
5728,1,0,0.8324549794197083,False,0.08661302924156189,0.7392581105232239,0.5286436080932617,0.98689866065979,0.0
2047,0,1,0.8323211669921875,False,0.09279663115739822,0.6441197395324707,0.570140540599823,0.9970780611038208,0.0
7523,0,1,0.8310649991035461,False,0.17284415662288666,0.5360819697380066,0.8259445428848267,0.9977618455886841,0.0
4034,0,1,0.8280198574066162,False,0.1292515993118286,0.6315973401069641,0.7128546237945557,0.9975569248199463,0.0
3897,1,0,0.8256725072860718,False,0.08976878970861435,0.7760976552963257,0.5738319158554077,0.9856860041618347,0.0
3521,0,1,0.8251286745071411,False,0.18688321113586426,0.49932897090911865,0.8517565727233887,0.9975515007972717,0.0
3209,0,1,0.8225699663162231,False,0.14961683750152588,0.6160649657249451,0.7791817784309387,0.9967591166496277,0.0
2612,0,1,0.8219085931777954,False,0.2023192048072815,0.46992725133895874,0.8784019947052002,0.995186984539032,0.0
5456,0,1,0.8218573927879333,False,0.19232527911663055,0.48292186856269836,0.8591696619987488,0.9959685802459717,0.0
6350,0,1,0.8212291598320007,False,0.16393819451332092,0.5557569265365601,0.8053553700447083,0.9959225654602051,0.0
3911,0,1,0.8210353851318359,False,0.13875456154346466,0.6191319227218628,0.7435373067855835,0.9964619278907776,0.0
5651,1,0,0.8205803036689758,False,0.10376961529254913,0.655647337436676,0.6530103087425232,0.9877321720123291,0.0
4188,0,1,0.820492684841156,False,0.135148823261261,0.6330193281173706,0.7350667119026184,0.9974555373191833,0.0
6025,0,1,0.8198835253715515,False,0.15249322354793549,0.5815209150314331,0.7783413529396057,0.9960143566131592,0.0
3870,0,1,0.8192492723464966,False,0.13807183504104614,0.6292126774787903,0.7440112233161926,0.9967376589775085,0.0
995,0,1,0.8188539743423462,False,0.17225868999958038,0.5596897006034851,0.8306232690811157,0.9971432089805603,0.0
6468,0,1,0.8182359933853149,False,0.14841806888580322,0.6292393207550049,0.7795915603637695,0.9978747367858887,0.0
505,0,1,0.8173467516899109,False,0.13755184412002563,0.6226816773414612,0.7400522232055664,0.9961508512496948,0.0
6934,0,1,0.8161276578903198,False,0.1158156618475914,0.693832278251648,0.6735475659370422,0.9975669384002686,0.0
2531,1,0,0.8160061836242676,False,0.1471523493528366,0.5158615112304688,0.8300180435180664,0.9899553060531616,0.0
1510,0,1,0.8153795003890991,False,0.08553844690322876,0.6887471079826355,0.5044501423835754,0.9934420585632324,0.0
5460,1,0,0.8152737021446228,False,0.0911291241645813,0.7439072728157043,0.5869408845901489,0.9924792051315308,0.0
2525,0,1,0.8134960532188416,False,0.10890742391347885,0.6767535209655762,0.6371492743492126,0.9972643852233887,0.0
4941,0,1,0.8134728074073792,False,0.1965583860874176,0.4678695797920227,0.8629093170166016,0.9934681057929993,0.0
5939,1,0,0.8130977153778076,False,0.11165688186883926,0.634502649307251,0.68840491771698,0.9820615649223328,0.0
7359,0,1,0.81230628490448,False,0.18701604008674622,0.5146996974945068,0.8555362224578857,0.9961282014846802,0.0
818,0,1,0.8122207522392273,False,0.1866430640220642,0.5040464401245117,0.8523567318916321,0.9973018169403076,0.0
4128,1,0,0.812021017074585,False,0.1066986620426178,0.6667637228965759,0.6760580539703369,0.9867829084396362,0.0
6211,0,1,0.8116369247436523,False,0.2162633240222931,0.434829980134964,0.8976331353187561,0.9934412240982056,0.0
2268,1,0,0.8082560896873474,False,0.09242403507232666,0.7431409358978271,0.5937592387199402,0.9891942739486694,0.0
6002,0,1,0.8081935048103333,False,0.1610775738954544,0.526595413684845,0.7894011735916138,0.9968736171722412,0.0
7640,0,1,0.8077923655509949,False,0.11821996420621872,0.6908960342407227,0.6824522018432617,0.9962170720100403,0.0
5215,0,1,0.8077474236488342,False,0.21491634845733643,0.3816612958908081,0.87815260887146,0.9934934973716736,0.0
3294,0,1,0.807356595993042,False,0.17034950852394104,0.5406202673912048,0.8183895945549011,0.9949290752410889,0.0
5601,0,1,0.8047301769256592,False,0.0960959643125534,0.7247831225395203,0.5768085718154907,0.9910173416137695,0.0
5838,0,1,0.8030819892883301,False,0.12643025815486908,0.6924101710319519,0.711222767829895,0.9888542890548706,0.0
3421,0,1,0.8008862733840942,False,0.19554871320724487,0.48321595788002014,0.8658684492111206,0.9944576025009155,0.0
7869,1,0,0.8005268573760986,False,0.1726987063884735,0.45727360248565674,0.8775622844696045,0.9809731841087341,0.0
2297,0,1,0.8004258871078491,False,0.2476629912853241,0.3341182768344879,0.9317088723182678,0.9950169920921326,0.0
5535,0,1,0.7997323870658875,False,0.16168417036533356,0.5742445588111877,0.8032641410827637,0.9948898553848267,0.0
3075,1,0,0.7996313571929932,False,0.1327345222234726,0.5560498237609863,0.7791966199874878,0.986636221408844,0.0
8003,0,1,0.7992503643035889,False,0.13442069292068481,0.6510915756225586,0.7362064123153687,0.9959884285926819,0.0
5962,1,0,0.79828280210495,False,0.13857877254486084,0.5676634907722473,0.7939184904098511,0.9783362150192261,0.0
6460,0,1,0.7975708842277527,False,0.15994027256965637,0.5704558491706848,0.7974830865859985,0.9954433441162109,0.0
1167,0,1,0.7975105047225952,False,0.11474421620368958,0.7151579260826111,0.6726057529449463,0.9954288005828857,0.0
1528,0,1,0.7961331605911255,False,0.19590678811073303,0.46912881731987,0.8632206320762634,0.9953635931015015,0.0
4648,0,1,0.7959896922111511,False,0.10979220271110535,0.6075533032417297,0.6802893280982971,0.9900059103965759,0.0
4338,0,1,0.7959611415863037,False,0.18910816311836243,0.45958763360977173,0.8427502512931824,0.9939730763435364,0.0
2745,0,1,0.7957620620727539,False,0.19358886778354645,0.49453026056289673,0.8642381429672241,0.9941076040267944,0.0
4374,0,1,0.7955702543258667,False,0.16788314282894135,0.5448119640350342,0.8135181069374084,0.9960154891014099,0.0
6494,0,1,0.7951480150222778,False,0.24817250669002533,0.339424192905426,0.9322296380996704,0.9925685524940491,0.0
4986,0,1,0.7944502234458923,False,0.16517139971256256,0.5679441094398499,0.8091596364974976,0.991671085357666,0.0
2904,0,1,0.7903738617897034,False,0.15695644915103912,0.5906712412834167,0.7901731729507446,0.9900884032249451,0.0
3320,0,1,0.7899160981178284,False,0.12884026765823364,0.664810299873352,0.7189939022064209,0.99610435962677,0.0
6306,0,1,0.7892845273017883,False,0.11554563790559769,0.6494646072387695,0.6564849615097046,0.9910029172897339,0.0
2653,0,1,0.7891198992729187,False,0.1265023946762085,0.6835031509399414,0.7107260227203369,0.9907048344612122,0.0
6968,0,1,0.7871550917625427,False,0.19965298473834991,0.47589656710624695,0.8723090291023254,0.9930779337882996,0.0
538,0,1,0.7837693691253662,False,0.1622755527496338,0.5474646687507629,0.795882523059845,0.9927541613578796,0.0
4908,1,0,0.7835398316383362,False,0.11011142283678055,0.6746664643287659,0.6834235787391663,0.9767779111862183,0.0
2588,0,1,0.7828371524810791,False,0.11345170438289642,0.7073802351951599,0.6616278886795044,0.9910091161727905,0.0
4516,1,0,0.7824022769927979,False,0.09127721935510635,0.6554304361343384,0.5432950854301453,0.9861711859703064,0.0
723,1,0,0.7821329236030579,False,0.1080469861626625,0.6941215991973877,0.6933199167251587,0.9860367178916931,0.0
3856,0,1,0.7820734977722168,False,0.12110023945569992,0.6352997422218323,0.677112340927124,0.9915396571159363,0.0
5527,0,1,0.7817079424858093,False,0.17472945153713226,0.539727509021759,0.8268433213233948,0.9907436966896057,0.0
6413,1,0,0.7810684442520142,False,0.10579844564199448,0.7030623555183411,0.6823076605796814,0.9866201877593994,0.0
196,0,1,0.7796188592910767,False,0.09468569606542587,0.704230785369873,0.5652172565460205,0.9931996464729309,0.0
4506,0,1,0.7790537476539612,False,0.14865271747112274,0.5885960459709167,0.7651730179786682,0.9919237494468689,0.0
3978,0,1,0.7788957953453064,False,0.08556807786226273,0.7330803275108337,0.5122156143188477,0.9857420921325684,0.0
3926,0,1,0.7785561680793762,False,0.13452395796775818,0.6002381443977356,0.7133508920669556,0.9833618998527527,0.0
2054,0,1,0.7770500183105469,False,0.10009506344795227,0.598303496837616,0.5685421824455261,0.9934417009353638,0.0
5400,0,1,0.7764368057250977,False,0.1763094663619995,0.5387575626373291,0.8286668658256531,0.9881035685539246,0.0
7707,0,1,0.7757121920585632,False,0.13396131992340088,0.6013492941856384,0.7195795178413391,0.9934846758842468,0.0
4012,0,1,0.7753430008888245,False,0.09405634552240372,0.7543814778327942,0.572956383228302,0.9925301671028137,0.0
2793,0,1,0.7752825617790222,False,0.1215696707367897,0.5814435482025146,0.6600952744483948,0.9858929514884949,0.0
3627,0,1,0.7750146389007568,False,0.13517051935195923,0.6429624557495117,0.728649377822876,0.9852408766746521,0.0
2716,1,0,0.7745615243911743,False,0.09447276592254639,0.7290506958961487,0.6035395860671997,0.9868711233139038,0.0
6690,0,1,0.7731252908706665,False,0.15361173450946808,0.6029634475708008,0.7843601703643799,0.9914414882659912,0.0
2754,0,1,0.772331178188324,False,0.10427078604698181,0.6973333358764648,0.6131160855293274,0.9889562726020813,0.0
4970,0,1,0.771477222442627,False,0.16814829409122467,0.5235164761543274,0.7999680638313293,0.9855123162269592,0.0
5556,0,1,0.7713122367858887,False,0.10502342134714127,0.7717481851577759,0.6357662677764893,0.9903911352157593,0.0
1793,1,0,0.768949568271637,False,0.09529779106378555,0.6435009837150574,0.5813708305358887,0.9888957738876343,0.0
1432,1,0,0.7687980532646179,False,0.13401657342910767,0.5766363739967346,0.7015019655227661,0.9792822599411011,0.0
3006,0,1,0.7680605053901672,False,0.14557966589927673,0.6194568276405334,0.7534722685813904,0.9795578122138977,0.0
2681,0,1,0.7676975131034851,False,0.10558503866195679,0.7432345747947693,0.6310214996337891,0.989155113697052,0.0
6558,1,0,0.7673912644386292,False,0.09433509409427643,0.733390748500824,0.5988131165504456,0.9839194416999817,0.0
5593,0,1,0.7664250731468201,False,0.10819854587316513,0.7318882346153259,0.639220654964447,0.9866253137588501,0.0
3735,0,1,0.7660594582557678,False,0.09544719755649567,0.6507829427719116,0.5845871567726135,0.9882051944732666,0.0
8235,0,1,0.7657215595245361,False,0.10874057561159134,0.7005435824394226,0.6317703723907471,0.9836983680725098,0.0
1903,0,1,0.7641751766204834,False,0.14402581751346588,0.6170139908790588,0.7539913654327393,0.9871019124984741,0.0
7647,0,1,0.7630057334899902,False,0.14915136992931366,0.5637977719306946,0.7593252658843994,0.9911695718765259,0.0
17,1,0,0.7629071474075317,False,0.10453107953071594,0.7038997411727905,0.6637587547302246,0.9809539318084717,0.0
1947,0,1,0.7629052400588989,False,0.10575145483016968,0.696912944316864,0.6184915900230408,0.9864761829376221,0.0
5436,0,1,0.7620465755462646,False,0.17345081269741058,0.5135283470153809,0.814117431640625,0.9885868430137634,0.0
6720,0,1,0.7618099451065063,False,0.13997456431388855,0.6144272089004517,0.7405104041099548,0.988304615020752,0.0
3060,1,0,0.7605261206626892,False,0.10453908145427704,0.7015027403831482,0.6625080704689026,0.9806790351867676,0.0
1838,0,1,0.7596433162689209,False,0.1522982269525528,0.5831344127655029,0.772862434387207,0.988878607749939,0.0
5490,0,1,0.7585554718971252,False,0.10685063898563385,0.7188128232955933,0.6276004910469055,0.9844636917114258,0.0
4785,0,1,0.7573952674865723,False,0.15302832424640656,0.576367974281311,0.7579054832458496,0.9711007475852966,0.0
6515,0,1,0.7566244006156921,False,0.1645727902650833,0.5567476749420166,0.8002309203147888,0.9865339994430542,0.0
7310,0,1,0.7555361390113831,False,0.1505858600139618,0.6244179606437683,0.7753536701202393,0.9847316741943359,0.0
5803,0,1,0.754544198513031,False,0.18181437253952026,0.5187908411026001,0.8255520462989807,0.9745192527770996,0.0
753,0,1,0.7544870376586914,False,0.14477641880512238,0.6070901155471802,0.75668865442276,0.9907658100128174,0.0
2801,0,1,0.7544611692428589,False,0.12849880754947662,0.666126549243927,0.7101652026176453,0.9857667684555054,0.0
5139,1,0,0.7531641721725464,False,0.11913605779409409,0.6387652158737183,0.7221227288246155,0.9758223295211792,0.0
4431,0,1,0.7528619766235352,False,0.1241595447063446,0.6881572604179382,0.6991596221923828,0.9864576458930969,0.0
6266,0,1,0.7526088953018188,False,0.12421730160713196,0.6588737368583679,0.6903919577598572,0.9845492839813232,0.0
2076,0,1,0.7519446611404419,False,0.1261693686246872,0.6667614579200745,0.6952508687973022,0.9788550734519958,0.0
4589,0,1,0.7495112419128418,False,0.12871766090393066,0.6641446352005005,0.7087438106536865,0.983668863773346,0.0
561,0,1,0.7489220499992371,False,0.20486609637737274,0.4731864631175995,0.8753312230110168,0.9832648634910583,0.0
5716,1,0,0.7488847374916077,False,0.08945547789335251,0.7707967758178711,0.5672737956047058,0.9847766160964966,0.0
7938,1,0,0.7487646341323853,False,0.09801117330789566,0.7262659668922424,0.6087494492530823,0.9733344316482544,0.0
6427,1,0,0.748574435710907,False,0.10014417767524719,0.7396605610847473,0.6346033215522766,0.9759075045585632,0.0
3524,0,1,0.747868001461029,False,0.1936243772506714,0.3675296902656555,0.9168425798416138,0.9903530478477478,0.0
5488,0,1,0.7478546500205994,False,0.10071512311697006,0.7446529269218445,0.600247859954834,0.9826427698135376,0.0
3826,0,1,0.7464238405227661,False,0.13821808993816376,0.6672204732894897,0.7480948567390442,0.9880934357643127,0.0
2289,0,1,0.7461218237876892,False,0.17513790726661682,0.5259809494018555,0.817436933517456,0.9827757477760315,0.0
8207,0,1,0.745274007320404,False,0.19032983481884003,0.4935002028942108,0.8480339050292969,0.984350323677063,0.0
3598,0,1,0.7445616126060486,False,0.10846756398677826,0.6938928961753845,0.6248818635940552,0.9793425798416138,0.0
7584,0,1,0.7439391016960144,False,0.14702287316322327,0.6072580218315125,0.7635237574577332,0.9900009632110596,0.0
2627,1,0,0.7439084053039551,False,0.08341369777917862,0.8206567168235779,0.5147531032562256,0.9827954173088074,0.0
7821,0,1,0.7431946396827698,False,0.10570158809423447,0.7158655524253845,0.6227661967277527,0.9863592982292175,0.0
7724,1,0,0.74300616979599,False,0.10436613112688065,0.7101066708564758,0.6613303422927856,0.9790663123130798,0.0
6357,0,1,0.7429367899894714,False,0.1807434856891632,0.5223801136016846,0.8300387263298035,0.9815407991409302,0.0
5096,1,0,0.7419531345367432,False,0.08914469927549362,0.8005561828613281,0.5438875555992126,0.9676257371902466,0.0
6536,0,1,0.7415329217910767,False,0.14568737149238586,0.607708215713501,0.7556297183036804,0.985430121421814,0.0
4293,0,1,0.739427387714386,False,0.11945964395999908,0.6886767148971558,0.6807740926742554,0.9876289367675781,0.0
2473,0,1,0.7393558025360107,False,0.1563033163547516,0.5554134845733643,0.775008499622345,0.9858719706535339,0.0
128,0,1,0.7391991019248962,False,0.10888537019491196,0.5962889790534973,0.6071102023124695,0.9856523275375366,0.0
5609,0,1,0.7379773855209351,False,0.11419674754142761,0.7546762228012085,0.6681264638900757,0.9812520742416382,0.0
6423,0,1,0.7378135919570923,False,0.18015144765377045,0.532912015914917,0.8261255025863647,0.9753437638282776,0.0
2947,1,0,0.7377752065658569,False,0.18711909651756287,0.4205292761325836,0.8928016424179077,0.9746324419975281,0.0
2719,1,0,0.7376868724822998,False,0.10672381520271301,0.7013532519340515,0.6711432337760925,0.9771653413772583,0.0
5614,0,1,0.7367222309112549,False,0.10853461176156998,0.6628077030181885,0.6724144220352173,0.9785789847373962,0.0
2747,0,1,0.7362522482872009,False,0.12487313896417618,0.6625425219535828,0.6941162347793579,0.9847238063812256,0.0
6896,0,1,0.7358367443084717,False,0.1185792088508606,0.5896859169006348,0.6430600881576538,0.9782951474189758,0.0
1271,0,1,0.7334378361701965,False,0.09101828932762146,0.7330363988876343,0.5457109212875366,0.9882490634918213,0.0
5769,0,1,0.7324644327163696,False,0.15970830619335175,0.5369029641151428,0.7687985301017761,0.9731086492538452,0.0
2972,1,0,0.731124997138977,False,0.10722724348306656,0.663571298122406,0.6652992367744446,0.9792928695678711,0.0
3085,1,0,0.7308254241943359,False,0.08969521522521973,0.7382991313934326,0.5530203580856323,0.9818974137306213,0.0
1573,1,0,0.7294342517852783,False,0.0905352234840393,0.7912235856056213,0.5527511835098267,0.9667009115219116,0.0
967,1,0,0.7284155488014221,False,0.09620319306850433,0.6473750472068787,0.5737534165382385,0.9785683751106262,0.0
1052,0,1,0.7283116579055786,False,0.12291017919778824,0.6931264996528625,0.6917498111724854,0.9822496175765991,0.0
2306,0,1,0.728190004825592,False,0.15608787536621094,0.5893831849098206,0.7782154083251953,0.9792283773422241,0.0
6153,0,1,0.7280652523040771,False,0.12519189715385437,0.5992122292518616,0.6724361777305603,0.9775658845901489,0.0
3134,0,1,0.7275456190109253,False,0.09600531309843063,0.7606629133224487,0.5706905126571655,0.9756372570991516,0.0
4361,1,0,0.7274817228317261,False,0.11370819061994553,0.701644241809845,0.6929643750190735,0.9650576114654541,0.0
5206,0,1,0.7273213863372803,False,0.09499159455299377,0.7543232440948486,0.5657194256782532,0.9781365990638733,0.0
1673,0,1,0.7271764874458313,False,0.10997607558965683,0.7523513436317444,0.6486029028892517,0.9820064902305603,0.0
4040,1,0,0.7266835570335388,False,0.09562773257493973,0.7340294122695923,0.5930823087692261,0.9741413593292236,0.0
3342,1,0,0.7265056371688843,False,0.09343697130680084,0.7854055762290955,0.5626294612884521,0.977358341217041,0.0
3492,0,1,0.7257685661315918,False,0.12992243468761444,0.6507967710494995,0.710199773311615,0.9839920401573181,0.0
2685,0,1,0.7256628274917603,False,0.16642391681671143,0.5751222968101501,0.7982261180877686,0.972195029258728,0.0
6798,0,1,0.7254658937454224,False,0.18613608181476593,0.5215044021606445,0.8332581520080566,0.9700877666473389,0.0
2975,1,0,0.7253848314285278,False,0.11856620013713837,0.6423523426055908,0.7256319522857666,0.9788079261779785,0.0
2641,0,1,0.7252209782600403,False,0.21648557484149933,0.4357161223888397,0.8862856030464172,0.9794405698776245,0.0
2974,0,1,0.7251378893852234,False,0.16860394179821014,0.5781768560409546,0.8151102066040039,0.9835141897201538,0.0
3993,1,0,0.7249696850776672,False,0.08998388051986694,0.7630314230918884,0.5583088994026184,0.9781213402748108,0.0
4757,0,1,0.7237854599952698,False,0.11856963485479355,0.7203963398933411,0.6735228300094604,0.9749065637588501,0.0
7690,0,1,0.7235026955604553,False,0.18281419575214386,0.508909285068512,0.8317354321479797,0.9819206595420837,0.0
1823,0,1,0.7230219841003418,False,0.11225491017103195,0.726409375667572,0.6456546187400818,0.9738599061965942,0.0
3583,0,1,0.7228344678878784,False,0.15991048514842987,0.5608536601066589,0.7851154804229736,0.9832242727279663,0.0
3182,1,0,0.7218630909919739,False,0.08854221552610397,0.7151106595993042,0.5134145021438599,0.9758089780807495,0.0
5739,0,1,0.7212589383125305,False,0.11674468219280243,0.6765877604484558,0.6509773135185242,0.9709770679473877,0.0
458,0,1,0.7212421298027039,False,0.14642877876758575,0.6302891373634338,0.7589942812919617,0.979371190071106,0.0
7380,0,1,0.7201935052871704,False,0.1852789968252182,0.5307795405387878,0.8403148651123047,0.9772762656211853,0.0
3976,1,0,0.718551754951477,False,0.09131401032209396,0.749277651309967,0.54389888048172,0.9655334949493408,0.0
132,1,0,0.7172953486442566,False,0.08884663134813309,0.7357996106147766,0.5096467137336731,0.9628522992134094,0.0
7319,0,1,0.7154355645179749,False,0.15924431383609772,0.6141349077224731,0.7867249846458435,0.9705754518508911,0.0
4525,0,1,0.7151100039482117,False,0.1469670981168747,0.6394188404083252,0.7610543370246887,0.9769546985626221,0.0
464,0,1,0.7150389552116394,False,0.12344692647457123,0.6240028738975525,0.6709351539611816,0.97636878490448,0.0
2523,0,1,0.714015781879425,False,0.13645532727241516,0.6712428331375122,0.7334902286529541,0.9770112633705139,0.0
2726,0,1,0.7138745188713074,False,0.10769842565059662,0.6608629822731018,0.6573571562767029,0.9736216068267822,0.0
3784,1,0,0.713657557964325,False,0.11784318834543228,0.6385951042175293,0.6897577047348022,0.9618489742279053,0.0
7894,0,1,0.7131972908973694,False,0.11987457424402237,0.7177303433418274,0.6787188053131104,0.9751714468002319,0.0
5243,0,1,0.7130393385887146,False,0.12916497886180878,0.6693796515464783,0.7030664682388306,0.9738820195198059,0.0
3456,0,1,0.7113222479820251,False,0.12331937253475189,0.7007668614387512,0.6843907833099365,0.9703753590583801,0.0
5208,1,0,0.711103081703186,False,0.09183786809444427,0.7751229405403137,0.5376216173171997,0.9653016924858093,0.0
2270,1,0,0.7110852003097534,False,0.09369321167469025,0.5960958003997803,0.5122672915458679,0.9689268469810486,0.0
4351,0,1,0.7108926773071289,False,0.16532287001609802,0.5791168212890625,0.7994784116744995,0.97580885887146,0.0
3273,1,0,0.7104787826538086,False,0.08416003733873367,0.8049174547195435,0.5119871497154236,0.9792295098304749,0.0
4393,0,1,0.7100208401679993,False,0.10386444628238678,0.7672252058982849,0.6145760416984558,0.9745910167694092,0.0
4730,1,0,0.7089637517929077,False,0.08939486742019653,0.7040256261825562,0.5205984711647034,0.9725144505500793,0.0
1493,0,1,0.7078033685684204,False,0.19554978609085083,0.5055336356163025,0.8371654748916626,0.9550337791442871,0.0
4039,1,0,0.7070528864860535,False,0.09545466303825378,0.7607654333114624,0.5652769207954407,0.9734762907028198,0.0
2855,0,1,0.7070236206054688,False,0.1828717589378357,0.5450478196144104,0.8319355845451355,0.9701659679412842,0.0
5798,1,0,0.706943690776825,False,0.15788595378398895,0.5960701107978821,0.7701349854469299,0.9625533223152161,0.0
1970,0,1,0.7049626708030701,False,0.09277689456939697,0.7624083161354065,0.5493115186691284,0.9733664989471436,0.0
6686,0,1,0.7045603394508362,False,0.1245151087641716,0.6919509172439575,0.6929836273193359,0.9766519069671631,0.0
1911,0,1,0.7039295434951782,False,0.1381862759590149,0.6548575758934021,0.7346810698509216,0.9761918783187866,0.0
6204,1,0,0.7034353017807007,False,0.10178469121456146,0.6541845202445984,0.5912938117980957,0.9614712595939636,0.0
8002,0,1,0.7031689882278442,False,0.19674965739250183,0.5102695822715759,0.8500661253929138,0.9639659523963928,0.0
3954,0,1,0.7019820809364319,False,0.09455081075429916,0.7911912798881531,0.5677259564399719,0.9744458794593811,0.0
4977,0,1,0.7016152739524841,False,0.13752184808254242,0.637773334980011,0.7252652049064636,0.9733405709266663,0.0
2025,0,1,0.7015349268913269,False,0.1373833864927292,0.6588675379753113,0.7306641936302185,0.9737580418586731,0.0
5878,0,1,0.7014187574386597,False,0.1568162441253662,0.6045682430267334,0.7756000757217407,0.9692484736442566,0.0
5163,1,0,0.7008110880851746,False,0.09041935950517654,0.7100379467010498,0.5352218747138977,0.9735591411590576,0.0
3034,1,0,0.7001502513885498,False,0.17253321409225464,0.5401431322097778,0.8052734732627869,0.972297191619873,0.0
8034,0,1,0.6994656920433044,False,0.14339841902256012,0.6534844040870667,0.7531952857971191,0.9772523641586304,0.0
429,0,1,0.6993081569671631,False,0.10980692505836487,0.7253779768943787,0.6339906454086304,0.9740340113639832,0.0
1020,0,1,0.6986964344978333,False,0.16757775843143463,0.5633119344711304,0.8044273853302002,0.9792459011077881,0.0
4402,0,1,0.6986360549926758,False,0.12652695178985596,0.7035109996795654,0.6926571726799011,0.9649074077606201,0.0
7024,1,0,0.6986023187637329,False,0.1166098564863205,0.643983781337738,0.6422749757766724,0.9712262153625488,0.0
3623,0,1,0.6985824108123779,False,0.10864903777837753,0.7396929860115051,0.6180893182754517,0.9606735110282898,0.0
7496,0,1,0.6985704898834229,False,0.13827122747898102,0.6288173794746399,0.7194191217422485,0.9668647050857544,0.0
3044,1,0,0.69821697473526,False,0.09874888509511948,0.7066463232040405,0.6080381274223328,0.9734203815460205,0.0
3912,1,0,0.6981772184371948,False,0.09725339710712433,0.697680652141571,0.5765845775604248,0.9644641280174255,0.0
4377,0,1,0.6979935765266418,False,0.09559553116559982,0.7361384034156799,0.5564454197883606,0.9697028994560242,0.0
751,0,1,0.6975545287132263,False,0.12156949192285538,0.693617045879364,0.6759195327758789,0.970939576625824,0.0
231,0,1,0.6969679594039917,False,0.1058962419629097,0.7503998279571533,0.6150994300842285,0.9685581922531128,0.0
1698,0,1,0.6969439387321472,False,0.1204436868429184,0.7078790664672852,0.6552413105964661,0.9520524144172668,0.0
375,0,1,0.6967824697494507,False,0.15699617564678192,0.6070635318756104,0.784277081489563,0.9774746298789978,0.0
4140,0,1,0.696190357208252,False,0.1274932324886322,0.6773181557655334,0.7025383114814758,0.9781851768493652,0.0
4554,0,1,0.6956161856651306,False,0.1335609257221222,0.6624311804771423,0.7067126631736755,0.9623366594314575,0.0
5192,0,1,0.6951830387115479,False,0.10191792994737625,0.7981664538383484,0.5904648900032043,0.9551106691360474,0.0
5877,0,1,0.694674015045166,False,0.10320132225751877,0.6575884819030762,0.6132148504257202,0.9671111702919006,0.0
7787,0,1,0.6946097016334534,False,0.1234964057803154,0.6226307153701782,0.6638749837875366,0.9691285490989685,0.0
1369,1,0,0.6944705843925476,False,0.09142980724573135,0.7780982851982117,0.5524837374687195,0.9642706513404846,0.0
4808,0,1,0.6942192316055298,False,0.1552770584821701,0.5823579430580139,0.7555256485939026,0.9596148133277893,0.0
6274,0,1,0.6942152380943298,False,0.16298829019069672,0.5764216184616089,0.7878247499465942,0.9711611270904541,0.0
6449,0,1,0.6941216588020325,False,0.11072110384702682,0.737949788570404,0.6387700438499451,0.9713961482048035,0.0
6661,0,1,0.6938217878341675,False,0.1965886801481247,0.49989816546440125,0.85240238904953,0.9701799750328064,0.0
8031,0,1,0.693759024143219,False,0.1497892141342163,0.6136072278022766,0.7472800016403198,0.9599571824073792,0.0
3822,0,1,0.6925573348999023,False,0.12010479718446732,0.631929874420166,0.646786630153656,0.9637477397918701,0.0
3065,1,0,0.692509114742279,False,0.11573148518800735,0.6578577160835266,0.6806371808052063,0.9597558975219727,0.0
649,0,1,0.692318320274353,False,0.19189323484897614,0.5013994574546814,0.8462945818901062,0.9753401279449463,0.0
2046,0,1,0.6912338137626648,False,0.17542415857315063,0.5599328279495239,0.814860999584198,0.968097448348999,0.0
5540,0,1,0.6909354329109192,False,0.1609986275434494,0.4659216105937958,0.841114342212677,0.9792870283126831,0.0
3815,0,1,0.6904522776603699,False,0.13169768452644348,0.6627029180526733,0.7046225666999817,0.9671968817710876,0.0
620,1,0,0.6903238296508789,False,0.09909822791814804,0.7707428932189941,0.5677756667137146,0.9543617367744446,0.0
600,0,1,0.6896832585334778,False,0.1526767462491989,0.6068944931030273,0.7675793766975403,0.9736637473106384,0.0
6407,0,1,0.6896326541900635,False,0.11898791790008545,0.7444080710411072,0.6632062196731567,0.9571011662483215,0.0
6925,1,0,0.689150869846344,False,0.09909047186374664,0.7646005153656006,0.5932748913764954,0.9533433318138123,0.0
5889,0,1,0.6875999569892883,False,0.09593794494867325,0.7578011155128479,0.5359060168266296,0.9456162452697754,0.0
2009,0,1,0.6875352263450623,False,0.17331832647323608,0.5698080658912659,0.8031798601150513,0.9588162899017334,0.0
1854,0,1,0.6874639987945557,False,0.14884939789772034,0.5969122052192688,0.7434187531471252,0.9637649059295654,0.0
7958,1,0,0.6860783100128174,False,0.10101437568664551,0.7511575222015381,0.5696290731430054,0.9505835771560669,0.0
4283,0,1,0.685659646987915,False,0.11862822622060776,0.7426036596298218,0.6696293950080872,0.9652249813079834,0.0
3597,0,1,0.684317409992218,False,0.14612169563770294,0.6358540654182434,0.7497470378875732,0.9686559438705444,0.0
3746,0,1,0.6836215853691101,False,0.14591450989246368,0.6288464069366455,0.7401782870292664,0.9613727331161499,0.0
6425,0,1,0.6834135055541992,False,0.14518097043037415,0.6396557688713074,0.7363912463188171,0.957110583782196,0.0
4860,1,0,0.6833370327949524,False,0.10127871483564377,0.7428324222564697,0.6020000576972961,0.9528163075447083,0.0
5564,0,1,0.682714581489563,False,0.13131067156791687,0.6478798985481262,0.7027038931846619,0.9706981182098389,0.0
5884,0,1,0.6817537546157837,False,0.1043688952922821,0.7364519834518433,0.6034237146377563,0.9680199027061462,0.0
4475,0,1,0.6815224289894104,False,0.11146696656942368,0.6272150278091431,0.6787734031677246,0.978783130645752,0.0
2330,1,0,0.6806961297988892,False,0.08807829022407532,0.7797731757164001,0.5350486040115356,0.9726390242576599,0.0
7260,0,1,0.6799790263175964,False,0.13500376045703888,0.6626206636428833,0.7142825722694397,0.9645648002624512,0.0
6590,0,1,0.6798309683799744,False,0.10820802301168442,0.7302821278572083,0.6271110773086548,0.9737446904182434,0.0
1604,1,0,0.6793497800827026,False,0.11434024572372437,0.7015953660011292,0.6265151500701904,0.9519866108894348,0.0
666,0,1,0.679341197013855,False,0.09470951557159424,0.7089865803718567,0.5512893199920654,0.9602913856506348,0.0
4959,0,1,0.6789658069610596,False,0.1339808702468872,0.6939133405685425,0.7142324447631836,0.9602915048599243,0.0
2027,0,1,0.6786620020866394,False,0.14259420335292816,0.6570585370063782,0.7318354845046997,0.9567248821258545,0.0
2142,1,0,0.6781793832778931,False,0.0867781713604927,0.7799195647239685,0.5010777711868286,0.9615119099617004,0.0
494,1,0,0.6781497597694397,False,0.09635669738054276,0.7421648502349854,0.5598402619361877,0.9510451555252075,0.0
7352,0,1,0.6780213713645935,False,0.13784673810005188,0.656093418598175,0.7292027473449707,0.9711905717849731,0.0
5389,0,1,0.6777917146682739,False,0.1999635398387909,0.5220494866371155,0.8390121459960938,0.9414824843406677,0.0
3269,0,1,0.6776455640792847,False,0.11995720118284225,0.5947524905204773,0.6966663002967834,0.9678277373313904,0.0
3148,0,1,0.6774649620056152,False,0.12297279387712479,0.6472366452217102,0.6520451903343201,0.9534603357315063,0.0
5833,1,0,0.6771919131278992,False,0.0922011062502861,0.7194513082504272,0.5320984721183777,0.9700462818145752,0.0
8229,1,0,0.6771804690361023,False,0.08898302912712097,0.7425112128257751,0.5211176872253418,0.9670488238334656,0.0
530,0,1,0.6771369576454163,False,0.1274479478597641,0.6486377120018005,0.6877787709236145,0.970416247844696,0.0
7440,0,1,0.676607608795166,False,0.15799212455749512,0.6135032176971436,0.7795657515525818,0.9670875072479248,0.0
5211,0,1,0.6764446496963501,False,0.18397682905197144,0.539177656173706,0.8202477097511292,0.9566884636878967,0.0
5665,1,0,0.6762440800666809,False,0.09416946023702621,0.7603411078453064,0.5550675392150879,0.9711597561836243,0.0
6409,0,1,0.6761446595191956,False,0.1150767132639885,0.7338935732841492,0.6449950933456421,0.9586824774742126,0.0
1771,1,0,0.6750627756118774,False,0.10111545026302338,0.656011700630188,0.554595410823822,0.9573944807052612,0.0
2591,0,1,0.6749921441078186,False,0.1796707659959793,0.5665166974067688,0.8116174936294556,0.9511653780937195,0.0
7709,0,1,0.6748113036155701,False,0.11501485854387283,0.7163156867027283,0.6481778025627136,0.9660748839378357,0.0
1942,0,1,0.6745838522911072,False,0.1005881205201149,0.7437999844551086,0.5917465686798096,0.9746577143669128,0.0
5842,0,1,0.6737370491027832,False,0.1010553240776062,0.7301252484321594,0.5756933689117432,0.9600590467453003,0.0
7330,0,1,0.6737088561058044,False,0.15285718441009521,0.6166244745254517,0.7670995593070984,0.9696536064147949,0.0
5003,0,1,0.6731771230697632,False,0.16949202120304108,0.5841544270515442,0.7988947033882141,0.9610456228256226,0.0
546,0,1,0.6730170249938965,False,0.12420780956745148,0.6672670841217041,0.6709595918655396,0.9616950154304504,0.0
6545,1,0,0.672691285610199,False,0.08715784549713135,0.8082127571105957,0.5272427201271057,0.9683140516281128,0.0
1515,1,0,0.6723315119743347,False,0.09266810864210129,0.799394428730011,0.5436769723892212,0.9496436715126038,0.0
3372,1,0,0.6723242402076721,False,0.10246980935335159,0.7598876357078552,0.6041395664215088,0.9463436603546143,0.0
8223,1,0,0.6723148226737976,False,0.09053970873355865,0.8312661051750183,0.5656496286392212,0.9667900204658508,0.0
3885,0,1,0.6718648076057434,False,0.11139021068811417,0.6384878754615784,0.6123612523078918,0.966623842716217,0.0
3086,1,0,0.6709983944892883,False,0.0981811061501503,0.7270599007606506,0.5804795622825623,0.9568959474563599,0.0
2259,1,0,0.670742928981781,False,0.10213881731033325,0.7528417110443115,0.593102216720581,0.9657595753669739,0.0
3203,1,0,0.6698381304740906,False,0.09050445258617401,0.7328174114227295,0.5102292895317078,0.9575003385543823,0.0
6561,0,1,0.6693465113639832,False,0.10027281939983368,0.7617546916007996,0.5717743635177612,0.9538732171058655,0.0
1264,1,0,0.6691276431083679,False,0.11174959689378738,0.625189483165741,0.6319239735603333,0.9521400332450867,0.0
4845,1,0,0.6689496040344238,False,0.12336315959692001,0.6472870707511902,0.7001532316207886,0.949798047542572,0.0
2822,1,0,0.6686195731163025,False,0.09314217418432236,0.712078869342804,0.5117131471633911,0.9488443732261658,0.0
2077,0,1,0.6685212850570679,False,0.1329326331615448,0.6680150628089905,0.7111269235610962,0.9677309989929199,0.0
3146,1,0,0.6684430837631226,False,0.09648402780294418,0.7058550715446472,0.5879508256912231,0.9727338552474976,0.0
2696,1,0,0.6682530641555786,False,0.08909979462623596,0.8131363391876221,0.5283023118972778,0.9653891324996948,0.0
3937,1,0,0.6676515340805054,False,0.09990958869457245,0.7427217364311218,0.6280044317245483,0.9726898074150085,0.0
1890,0,1,0.6667385101318359,False,0.10408874601125717,0.6655020117759705,0.5801509618759155,0.9638733267784119,0.0
2187,1,0,0.6653167009353638,False,0.09474243968725204,0.7651016116142273,0.5510988831520081,0.9496610760688782,0.0
2594,1,0,0.6631714701652527,False,0.09452729672193527,0.8141193985939026,0.5595964193344116,0.9470094442367554,0.0
2601,0,1,0.662825882434845,False,0.12088216096162796,0.7216153740882874,0.6763608455657959,0.9673281908035278,0.0
7391,0,1,0.6621137261390686,False,0.1214386373758316,0.7118629813194275,0.672048807144165,0.9630686044692993,0.0
1883,0,1,0.6619887351989746,False,0.12373083084821701,0.7298012375831604,0.6828848719596863,0.9600839614868164,0.0
6012,0,1,0.6612982749938965,False,0.10296079516410828,0.7424783110618591,0.5943900346755981,0.965111494064331,0.0
579,0,1,0.6612882614135742,False,0.10983503609895706,0.7141301035881042,0.6192837357521057,0.9620993733406067,0.0
3324,0,1,0.6600505113601685,False,0.15391476452350616,0.6043334007263184,0.7621837258338928,0.9645194411277771,0.0
5772,0,1,0.6596541404724121,False,0.12924526631832123,0.6308678984642029,0.6895784139633179,0.9698660373687744,0.0
324,1,0,0.6596399545669556,False,0.08804961293935776,0.790978729724884,0.5024897456169128,0.953620970249176,0.0
7452,0,1,0.6588713526725769,False,0.13346388936042786,0.6624428629875183,0.700308084487915,0.9563931226730347,0.0
4815,0,1,0.6583185195922852,False,0.17761752009391785,0.5522503852844238,0.8035208582878113,0.9525980353355408,0.0
4206,1,0,0.6580629944801331,False,0.08874325454235077,0.7225457429885864,0.5031912326812744,0.9636297225952148,0.0
4994,0,1,0.657630443572998,False,0.1430966705083847,0.638472855091095,0.7205546498298645,0.9488971829414368,0.0
7632,0,1,0.6571749448776245,False,0.11700070649385452,0.7221503257751465,0.637733519077301,0.9466999769210815,0.0
1046,0,1,0.6571573615074158,False,0.11086995899677277,0.6902401447296143,0.6202886700630188,0.9639028310775757,0.0
1475,1,0,0.6568937301635742,False,0.09864495694637299,0.7448294758796692,0.570527195930481,0.9463127255439758,0.0
5883,1,0,0.6568692922592163,False,0.13129721581935883,0.5946458578109741,0.7242763042449951,0.9518938064575195,0.0
8035,0,1,0.65676349401474,False,0.10884752869606018,0.7399424910545349,0.6043026447296143,0.9473507404327393,0.0
4095,0,1,0.6565563678741455,False,0.12395992130041122,0.6887957453727722,0.6785987615585327,0.9648566842079163,0.0
781,1,0,0.6558104753494263,False,0.09223835170269012,0.8026371598243713,0.5410745739936829,0.9497947096824646,0.0
7283,1,0,0.6550813913345337,False,0.1278461217880249,0.6801487803459167,0.687457263469696,0.9603824019432068,0.0
5543,1,0,0.6549125909805298,False,0.08794835954904556,0.7697705626487732,0.5163752436637878,0.970241129398346,0.0
6857,0,1,0.6546289920806885,False,0.13273818790912628,0.6790801286697388,0.707078754901886,0.9615047574043274,0.0
7725,0,1,0.6540659070014954,False,0.1802080124616623,0.5446600914001465,0.7972964644432068,0.9419540762901306,0.0
3670,0,1,0.6538237929344177,False,0.19131049513816833,0.4957225024700165,0.8305560946464539,0.9617929458618164,0.0
5689,0,1,0.6535846590995789,False,0.13095510005950928,0.6461917161941528,0.6978438496589661,0.9675076007843018,0.0
6657,0,1,0.6533412933349609,False,0.08860580623149872,0.80059415102005,0.506443440914154,0.9502930045127869,0.0
3215,0,1,0.6533078551292419,False,0.1273713856935501,0.6955253481864929,0.6738022565841675,0.9456438422203064,0.0
3240,0,1,0.6532419919967651,False,0.1269029974937439,0.6824601888656616,0.676645815372467,0.9530420899391174,0.0
6290,0,1,0.6529078483581543,False,0.11625219881534576,0.7342240810394287,0.6592172384262085,0.9672425389289856,0.0
7878,0,1,0.6528528332710266,False,0.13128331303596497,0.6263173818588257,0.6835898160934448,0.957321047782898,0.0
2279,0,1,0.6526525020599365,False,0.11316785216331482,0.7191547155380249,0.6317545771598816,0.9578241109848022,0.0
1951,0,1,0.6525290012359619,False,0.1248694509267807,0.6514056921005249,0.6611871123313904,0.9537011981010437,0.0
5538,1,0,0.6522022485733032,False,0.12277084589004517,0.6927862167358398,0.7003219723701477,0.9434232115745544,0.0
6462,0,1,0.6521337628364563,False,0.1250378042459488,0.6848413944244385,0.6794219017028809,0.9623178839683533,0.0
306,1,0,0.6521139740943909,False,0.09111771732568741,0.8364949226379395,0.5361922979354858,0.9564721584320068,0.0
3074,0,1,0.6515710353851318,False,0.1491415947675705,0.630340576171875,0.7441661953926086,0.9543995261192322,0.0
7874,0,1,0.6508021354675293,False,0.20120127499103546,0.3975472152233124,0.8980326056480408,0.9621567726135254,0.0
945,0,1,0.6495040059089661,False,0.14498919248580933,0.6461295485496521,0.7211747169494629,0.9415304660797119,0.0
2775,0,1,0.6490886807441711,False,0.120808906853199,0.6958237290382385,0.6601110100746155,0.95793616771698,0.0
5425,0,1,0.6489308476448059,False,0.11595994234085083,0.6824730038642883,0.6158853769302368,0.940314531326294,0.0
6754,0,1,0.6482769846916199,False,0.12064268440008163,0.7329500317573547,0.6731130480766296,0.9624049067497253,0.0
8132,0,1,0.647187352180481,False,0.15335997939109802,0.6065456867218018,0.7385817766189575,0.9423283338546753,0.0
2552,0,1,0.6470887660980225,False,0.12017514556646347,0.728302001953125,0.665515124797821,0.9580830335617065,0.0
2472,0,1,0.6465995907783508,False,0.10487137734889984,0.6986042261123657,0.5897288918495178,0.9612652659416199,0.0
5996,1,0,0.6459144949913025,False,0.11024582386016846,0.7272294163703918,0.6695817112922668,0.959236741065979,0.0
1183,0,1,0.64547199010849,False,0.1424834132194519,0.655649721622467,0.7316613793373108,0.9572911262512207,0.0
2398,0,1,0.6437240839004517,False,0.1518704891204834,0.596703290939331,0.7566434741020203,0.9675968289375305,0.0
1613,0,1,0.6434528231620789,False,0.1282782107591629,0.651329755783081,0.6695841550827026,0.9488573670387268,0.0
621,0,1,0.6427087783813477,False,0.1142231673002243,0.7436858415603638,0.6353336572647095,0.9512448906898499,0.0
6513,0,1,0.6425527334213257,False,0.14727088809013367,0.6462037563323975,0.7507903575897217,0.9629339575767517,0.0
5045,0,1,0.6416202783584595,False,0.09428779780864716,0.6966341733932495,0.5159161686897278,0.9454871416091919,0.0
4567,0,1,0.6415862441062927,False,0.11312311887741089,0.6822465062141418,0.6267715096473694,0.9618828296661377,0.0
5430,0,1,0.6411380171775818,False,0.09978975355625153,0.6452415585517883,0.5546000003814697,0.9515790343284607,0.0
4057,1,0,0.6410663723945618,False,0.09614311158657074,0.7110294103622437,0.572589099407196,0.964787483215332,0.0
6919,0,1,0.6409122347831726,False,0.10561777651309967,0.8049119710922241,0.6034199595451355,0.9479273557662964,0.0
2114,0,1,0.6391735672950745,False,0.1479676067829132,0.6401203274726868,0.7390035390853882,0.9505169987678528,0.0
7705,0,1,0.638859748840332,False,0.13387314975261688,0.6806735396385193,0.7004626989364624,0.9506120085716248,0.0
4740,0,1,0.638727068901062,False,0.11565972119569778,0.7435591816902161,0.6380603909492493,0.9478060603141785,0.0
5395,0,1,0.6384127736091614,False,0.1185586005449295,0.7190768718719482,0.6426684260368347,0.9456008672714233,0.0
1972,0,1,0.6382225155830383,False,0.10828924179077148,0.6966578960418701,0.6299585700035095,0.949699878692627,0.0
7430,0,1,0.6380444765090942,False,0.10860902070999146,0.740609347820282,0.6035983562469482,0.9476323127746582,0.0
3661,0,1,0.6373419761657715,False,0.18505720794200897,0.5544547438621521,0.809744119644165,0.9391060471534729,0.0
7294,1,0,0.6371830701828003,False,0.14094266295433044,0.6325458288192749,0.730721116065979,0.967901885509491,0.0
6354,1,0,0.6370106339454651,False,0.09246157854795456,0.781312882900238,0.5035565495491028,0.9330036640167236,0.0
8265,1,0,0.6367238759994507,False,0.10906140506267548,0.7448504567146301,0.6299852132797241,0.9386621713638306,0.0
2708,1,0,0.6366748809814453,False,0.14300869405269623,0.6013588905334473,0.7427247762680054,0.9328321814537048,0.0
4254,0,1,0.6361610293388367,False,0.1101876050233841,0.7069856524467468,0.6121238470077515,0.9555102586746216,0.0
3348,1,0,0.6361299157142639,False,0.1313733607530594,0.6030709743499756,0.6882463097572327,0.9678013920783997,0.0
2220,1,0,0.6359639167785645,False,0.1009601354598999,0.7047601342201233,0.5415058135986328,0.936797022819519,0.0
1111,0,1,0.6356964111328125,False,0.11247337609529495,0.66202312707901,0.6069963574409485,0.9512304067611694,0.0
5655,0,1,0.6355502605438232,False,0.12410645931959152,0.6339451670646667,0.6629010438919067,0.9626769423484802,0.0
524,1,0,0.6340104937553406,False,0.13979355990886688,0.595359206199646,0.7179381847381592,0.9691906571388245,0.0
7415,0,1,0.6331642270088196,False,0.18565963208675385,0.5488711595535278,0.8269690871238708,0.9563071727752686,0.0
3444,1,0,0.6328096389770508,False,0.1543034017086029,0.6038056015968323,0.7500470280647278,0.9512227773666382,0.0
7423,0,1,0.6327705979347229,False,0.10015326738357544,0.7686814665794373,0.5758217573165894,0.9566119909286499,0.0
7463,0,1,0.6321097612380981,False,0.11422622948884964,0.74049973487854,0.6475493311882019,0.9633162617683411,0.0
1502,1,0,0.6320660710334778,False,0.09243127703666687,0.7505197525024414,0.5114452242851257,0.9420217871665955,0.0
1312,0,1,0.631902277469635,False,0.13326601684093475,0.6288018226623535,0.7250657081604004,0.9408743381500244,0.0
7969,1,0,0.6317843794822693,False,0.09563104808330536,0.7220895290374756,0.5207992196083069,0.936904788017273,0.0
669,1,0,0.6314959526062012,False,0.10397988557815552,0.781541109085083,0.5880625247955322,0.9466202855110168,0.0
1097,0,1,0.631278395652771,False,0.14244025945663452,0.6570583581924438,0.7353705763816833,0.9607694745063782,0.0
5687,1,0,0.6308771371841431,False,0.09603877365589142,0.7898762822151184,0.5309610366821289,0.9353277683258057,0.0
6649,1,0,0.6307867765426636,False,0.09671052545309067,0.6852883696556091,0.5204435586929321,0.9387123584747314,0.0
5634,0,1,0.6307506561279297,False,0.16947540640830994,0.5981109738349915,0.7905520796775818,0.948697566986084,0.0
6158,0,1,0.6304917335510254,False,0.130736842751503,0.6583260893821716,0.6970763802528381,0.9643717408180237,0.0
5568,0,1,0.6292276978492737,False,0.10080002248287201,0.7167250514030457,0.5711372494697571,0.9601167440414429,0.0
6074,1,0,0.6290732026100159,False,0.11690344661474228,0.6588848233222961,0.6759141087532043,0.953299880027771,0.0
6732,0,1,0.6288794875144958,False,0.11964261531829834,0.7032322883605957,0.6438420414924622,0.9458961486816406,0.0
3901,1,0,0.6288434267044067,False,0.09626296162605286,0.7213923931121826,0.5143653750419617,0.9338101744651794,0.0
3813,0,1,0.6283536553382874,False,0.12703828513622284,0.6940616369247437,0.6616238951683044,0.9362977743148804,0.0
7851,1,0,0.628273606300354,False,0.11445092409849167,0.6574565768241882,0.6037028431892395,0.9413183331489563,0.0
2490,0,1,0.6280312538146973,False,0.11039631813764572,0.7351295351982117,0.6198669672012329,0.9554556012153625,0.0
6802,0,1,0.6272628307342529,False,0.10205001384019852,0.7563765645027161,0.5767407417297363,0.9507618546485901,0.0
5928,0,1,0.6267709136009216,False,0.09251238405704498,0.7175459861755371,0.5228713750839233,0.9539901614189148,0.0
898,1,0,0.6265228986740112,False,0.10135847330093384,0.7522002458572388,0.5796604752540588,0.9387531280517578,0.0
2892,1,0,0.6261658072471619,False,0.10976999253034592,0.7273644804954529,0.6076483130455017,0.9489214420318604,0.0
693,1,0,0.6260412335395813,False,0.0949743315577507,0.7759367823600769,0.5281944870948792,0.9343885779380798,0.0
3430,0,1,0.6259616017341614,False,0.1169828474521637,0.7078154683113098,0.6162024736404419,0.9312600493431091,0.0
3654,0,1,0.6251194477081299,False,0.08982580900192261,0.8259697556495667,0.5216191411018372,0.9532342553138733,0.0
3723,1,0,0.6249299049377441,False,0.15185873210430145,0.6267950534820557,0.7523438334465027,0.9548410177230835,0.0
2665,0,1,0.62419593334198,False,0.1525677740573883,0.6396586298942566,0.732477605342865,0.9306420087814331,0.0
90,0,1,0.6240742802619934,False,0.16314595937728882,0.5980667471885681,0.7602975368499756,0.9370396733283997,0.0
8030,1,0,0.6240004897117615,False,0.09713293612003326,0.7716907262802124,0.539635181427002,0.9315470457077026,0.0
5120,0,1,0.6238858103752136,False,0.11225622892379761,0.6742876172065735,0.6138174533843994,0.9554745554924011,0.0
1095,0,1,0.6238042116165161,False,0.11568737030029297,0.7006517052650452,0.6358053088188171,0.9550668597221375,0.0
7997,1,0,0.623615562915802,False,0.09309451282024384,0.7645425200462341,0.549447238445282,0.956724226474762,0.0
363,1,0,0.6236029267311096,False,0.0968485102057457,0.7393240332603455,0.5477489233016968,0.9545952677726746,0.0
1602,0,1,0.6222468614578247,False,0.14233039319515228,0.66274493932724,0.7134366035461426,0.938753068447113,0.0
5267,0,1,0.6218467354774475,False,0.10592649132013321,0.6522738337516785,0.6100152134895325,0.9557163119316101,0.0
6003,1,0,0.6215454339981079,False,0.09036155045032501,0.7523094415664673,0.5322142243385315,0.9635978937149048,0.0
3535,0,1,0.6196601390838623,False,0.13024982810020447,0.7252519130706787,0.6843216419219971,0.9382244944572449,0.0
41,1,0,0.6192535161972046,False,0.10142631828784943,0.7613460421562195,0.6198090314865112,0.9587305188179016,0.0
5253,0,1,0.6188865303993225,False,0.14070115983486176,0.6712319254875183,0.7268510460853577,0.9546438455581665,0.0
3603,1,0,0.6177685856819153,False,0.10092956572771072,0.7750482559204102,0.5421329140663147,0.9242420792579651,0.0
4545,0,1,0.6177575588226318,False,0.12714356184005737,0.6998619437217712,0.6777082085609436,0.9490618705749512,0.0
1610,1,0,0.617277204990387,False,0.11010471731424332,0.7259706258773804,0.6007700562477112,0.9418518543243408,0.0
1060,1,0,0.6171084046363831,False,0.10902325063943863,0.7369723320007324,0.6146648526191711,0.9564152359962463,0.0
5697,0,1,0.6169946789741516,False,0.1406177580356598,0.6368948817253113,0.703149676322937,0.94107985496521,0.0
2214,0,1,0.6169699430465698,False,0.19393591582775116,0.5192121863365173,0.8204540610313416,0.9382691979408264,0.0
4894,1,0,0.6161651015281677,False,0.1471632570028305,0.6480984091758728,0.7192281484603882,0.9325929284095764,0.0
6417,0,1,0.6161102652549744,False,0.2074475884437561,0.517248272895813,0.8451009392738342,0.9320139288902283,0.0
1221,0,1,0.6159287691116333,False,0.09348137676715851,0.8085802793502808,0.5362761616706848,0.948948085308075,0.0
2002,1,0,0.6156805157661438,False,0.09353559464216232,0.8174722194671631,0.555077314376831,0.9630875587463379,0.0
1816,0,1,0.6156628131866455,False,0.0932779535651207,0.7664692401885986,0.5241913795471191,0.9418744444847107,0.0
4632,1,0,0.6147998571395874,False,0.10035230219364166,0.7439378499984741,0.5678312182426453,0.9536603093147278,0.0
7620,0,1,0.6147339344024658,False,0.09437552094459534,0.7353617548942566,0.509223461151123,0.9341277480125427,0.0
4628,1,0,0.6146687269210815,False,0.10209187865257263,0.6500756144523621,0.5393034219741821,0.932488203048706,0.0
926,0,1,0.6144188046455383,False,0.12290254235267639,0.721824049949646,0.6746433973312378,0.9573100209236145,0.0
5264,1,0,0.6140967011451721,False,0.08970872312784195,0.8304567933082581,0.5217944979667664,0.9532397389411926,0.0
1917,0,1,0.6137824058532715,False,0.10648895800113678,0.6509313583374023,0.5728208422660828,0.9495638012886047,0.0
4982,0,1,0.6134420037269592,False,0.13371838629245758,0.692415714263916,0.7095960378646851,0.9570624232292175,0.0
4867,0,1,0.6123756170272827,False,0.11391615867614746,0.6315195560455322,0.648147463798523,0.9526211023330688,0.0
5420,1,0,0.6117943525314331,False,0.11558182537555695,0.7326654195785522,0.64527428150177,0.957072913646698,0.0
897,1,0,0.6111406087875366,False,0.09139823913574219,0.8405420184135437,0.5192993879318237,0.93613201379776,0.0
2225,1,0,0.6110777854919434,False,0.09982914477586746,0.7688941359519958,0.5408483147621155,0.929237425327301,0.0
4998,1,0,0.6109850406646729,False,0.12902678549289703,0.644533097743988,0.719372570514679,0.9456343650817871,0.0
736,1,0,0.6105844378471375,False,0.09588813781738281,0.765495240688324,0.5283989310264587,0.9320995807647705,0.0
4563,0,1,0.6104811429977417,False,0.1355735957622528,0.6039657592773438,0.6760750412940979,0.9410532712936401,0.0
6886,0,1,0.6095031499862671,False,0.11917562037706375,0.7179716229438782,0.6305124163627625,0.9329308271408081,0.0
7856,1,0,0.6093067526817322,False,0.09201787412166595,0.7860612869262695,0.5062389969825745,0.9364492297172546,0.0
5265,1,0,0.6089229583740234,False,0.10941052436828613,0.7409106492996216,0.6260080337524414,0.9359263777732849,0.0
3210,0,1,0.6086951494216919,False,0.1265353411436081,0.7103474736213684,0.6582671999931335,0.9315988421440125,0.0
1638,1,0,0.6086938381195068,False,0.11866001784801483,0.6899127960205078,0.6395493149757385,0.9488668441772461,0.0
630,1,0,0.6084833741188049,False,0.12264339625835419,0.7220615148544312,0.660631000995636,0.9452987909317017,0.0
7720,0,1,0.6080698370933533,False,0.13417336344718933,0.6889318823814392,0.6809191107749939,0.9299905896186829,0.0
2474,0,1,0.6063785552978516,False,0.19787828624248505,0.5195969939231873,0.8291370868682861,0.9373973608016968,0.0
2122,1,0,0.6059613823890686,False,0.11923760920763016,0.6566267013549805,0.7014800310134888,0.9607555270195007,0.0
3289,1,0,0.605928897857666,False,0.11584614217281342,0.7238270044326782,0.6170368790626526,0.9330065846443176,0.0
4612,1,0,0.6052401065826416,False,0.08814436197280884,0.8016951680183411,0.5139411091804504,0.9606582522392273,0.0
6437,0,1,0.6049678921699524,False,0.1089521050453186,0.7712624669075012,0.5921766757965088,0.9305600523948669,0.0
369,0,1,0.6045718789100647,False,0.14920881390571594,0.6649860739707947,0.7246789932250977,0.9273449778556824,0.0
1313,0,1,0.6041200160980225,False,0.12564969062805176,0.6283698678016663,0.6495803594589233,0.9457290172576904,0.0
5346,1,0,0.6039595603942871,False,0.1234913021326065,0.7056462168693542,0.6648724675178528,0.949601948261261,0.0
124,0,1,0.6032017469406128,False,0.09452468901872635,0.6816449165344238,0.5367991328239441,0.9587247967720032,0.0
1916,0,1,0.6030451059341431,False,0.09547766298055649,0.7583843469619751,0.5249923467636108,0.938984215259552,0.0
3878,0,1,0.6027017831802368,False,0.15155012905597687,0.621271550655365,0.7120332717895508,0.9198672771453857,0.0
2854,1,0,0.6023159027099609,False,0.09325472265481949,0.787955641746521,0.5165825486183167,0.9342087507247925,0.0
5245,0,1,0.602164089679718,False,0.14809119701385498,0.49942654371261597,0.7649591565132141,0.9548161625862122,0.0
4200,1,0,0.6014794111251831,False,0.10623831301927567,0.6847564578056335,0.6269124746322632,0.957655668258667,0.0
6831,1,0,0.5999968647956848,False,0.09388518333435059,0.8105723857879639,0.5082144141197205,0.9188323616981506,0.0
5981,0,1,0.5998227596282959,False,0.10638977587223053,0.7808369994163513,0.6021996140480042,0.9480741024017334,0.0
4886,0,1,0.5990652441978455,False,0.1507321298122406,0.6346002221107483,0.7280107736587524,0.9331989884376526,0.0
4248,1,0,0.5989712476730347,False,0.08741968870162964,0.8438085317611694,0.5103622078895569,0.9515679478645325,0.0
1969,0,1,0.598875880241394,False,0.10820075124502182,0.7035194039344788,0.580008864402771,0.9369967579841614,0.0
1624,1,0,0.598726749420166,False,0.09094312787055969,0.8018341660499573,0.5303980708122253,0.9588075280189514,0.0
1554,1,0,0.5983684062957764,False,0.12799862027168274,0.6455410718917847,0.6373704075813293,0.9230166673660278,0.0
4957,1,0,0.5982956886291504,False,0.09724994003772736,0.8314551115036011,0.5332343578338623,0.9195676445960999,0.0
4616,0,1,0.5971851348876953,False,0.15161694586277008,0.6318322420120239,0.7478914856910706,0.9498853087425232,0.0
8238,0,1,0.5967740416526794,False,0.1079603061079979,0.7402756214141846,0.579595148563385,0.9303439259529114,0.0
2779,0,1,0.5964289903640747,False,0.10157924145460129,0.7304154634475708,0.5542232394218445,0.9392202496528625,0.0
4865,0,1,0.5959884524345398,False,0.09095682203769684,0.7763197422027588,0.507255494594574,0.9443867802619934,0.0
3126,1,0,0.5956653356552124,False,0.1097751185297966,0.7142814993858337,0.5856783390045166,0.9329843521118164,0.0
6571,0,1,0.5941976308822632,False,0.12184271961450577,0.7544270157814026,0.6610198020935059,0.9417159557342529,0.0
2600,1,0,0.5941595435142517,False,0.09589541703462601,0.7283074259757996,0.5112456679344177,0.9318346977233887,0.0
640,1,0,0.5938616394996643,False,0.12104348838329315,0.7141566872596741,0.6587912440299988,0.9515417218208313,0.0
6548,0,1,0.5936366319656372,False,0.12205398082733154,0.7307652831077576,0.6564936637878418,0.9419376850128174,0.0
5723,0,1,0.5934079885482788,False,0.10672091692686081,0.699699342250824,0.5901904106140137,0.9528805017471313,0.0
4319,0,1,0.5933435559272766,False,0.1568140983581543,0.6579759120941162,0.7397325038909912,0.9206591844558716,0.0
6982,0,1,0.5928313732147217,False,0.12887077033519745,0.6851850748062134,0.6728211641311646,0.94174724817276,0.0
5603,0,1,0.592562198638916,False,0.11265673488378525,0.7782637476921082,0.6226709485054016,0.9395108819007874,0.0
1012,0,1,0.5920110940933228,False,0.14102628827095032,0.652904748916626,0.6967768669128418,0.9302225112915039,0.0
7749,0,1,0.5915254950523376,False,0.1536504328250885,0.6551046371459961,0.7410382628440857,0.9314989447593689,0.0
6622,1,0,0.5911837816238403,False,0.14351417124271393,0.6694381833076477,0.7152048945426941,0.9350414872169495,0.0
5360,0,1,0.5911568403244019,False,0.13114194571971893,0.6249969601631165,0.6624097228050232,0.9386282563209534,0.0
3994,0,1,0.5907460451126099,False,0.0942024514079094,0.7755267024040222,0.5051193237304688,0.9256548285484314,0.0
5828,0,1,0.5904080867767334,False,0.09370101988315582,0.7567968368530273,0.5140407681465149,0.9360896348953247,0.0
6328,1,0,0.5903118848800659,False,0.11805318295955658,0.7372229695320129,0.657667875289917,0.9573432207107544,0.0
2642,1,0,0.5902400016784668,False,0.10443264991044998,0.7187156081199646,0.586456835269928,0.9559268355369568,0.0
913,0,1,0.5899161100387573,False,0.09865216910839081,0.7376457452774048,0.5568327307701111,0.953741192817688,0.0
3026,1,0,0.5897241830825806,False,0.11926501989364624,0.6654585003852844,0.6149866580963135,0.9306927919387817,0.0
6363,1,0,0.5889530777931213,False,0.09282119572162628,0.7313544154167175,0.5210283994674683,0.954352080821991,0.0
3969,0,1,0.5885016322135925,False,0.12981918454170227,0.6749919056892395,0.679928183555603,0.9471986293792725,0.0
6275,1,0,0.587773323059082,False,0.11656244844198227,0.7151464819908142,0.603491485118866,0.9209019541740417,0.0
2637,0,1,0.5876340866088867,False,0.12828458845615387,0.6856994032859802,0.6653565764427185,0.9370563626289368,0.0
4752,1,0,0.587065577507019,False,0.0890757218003273,0.7806206941604614,0.5106199383735657,0.9535369873046875,0.0
5394,0,1,0.58669114112854,False,0.21743722259998322,0.4851158559322357,0.8509261608123779,0.9258530139923096,0.0
3433,0,1,0.5865113735198975,False,0.11621177196502686,0.7110399603843689,0.6301007270812988,0.9454896450042725,0.0
8099,0,1,0.5857170820236206,False,0.16186313331127167,0.6458841562271118,0.7500618696212769,0.9189856052398682,0.0
3249,0,1,0.5854564309120178,False,0.12254154682159424,0.7107493281364441,0.6448666453361511,0.9342696070671082,0.0
8136,1,0,0.5851168036460876,False,0.10803818702697754,0.6998570561408997,0.5854925513267517,0.9255931377410889,0.0
2123,0,1,0.5849307775497437,False,0.09965383261442184,0.7282335758209229,0.5462135672569275,0.9419459700584412,0.0
1378,0,1,0.5845568180084229,False,0.10227729380130768,0.7665478587150574,0.5479737520217896,0.9244042634963989,0.0
6016,1,0,0.584405243396759,False,0.12166143953800201,0.6094839572906494,0.6667170524597168,0.9431895613670349,0.0
3517,0,1,0.5842306613922119,False,0.15212927758693695,0.6145736575126648,0.7425957322120667,0.9477365016937256,0.0
2013,0,1,0.5838615298271179,False,0.13219602406024933,0.6387268900871277,0.6671878099441528,0.9360308051109314,0.0
1703,1,0,0.5838214755058289,False,0.09552616626024246,0.692649245262146,0.5052832365036011,0.9358134269714355,0.0
3934,1,0,0.5833452939987183,False,0.09425290673971176,0.7776424288749695,0.5003990530967712,0.921473503112793,0.0
4880,0,1,0.5829905867576599,False,0.12329701334238052,0.693313717842102,0.6469536423683167,0.937088131904602,0.0
3391,0,1,0.5826318264007568,False,0.15403947234153748,0.640975832939148,0.7577283978462219,0.949634850025177,0.0
1570,0,1,0.5821833610534668,False,0.12539340555667877,0.6355056762695312,0.6472620964050293,0.9428892135620117,0.0
1293,0,1,0.5820066332817078,False,0.11522731184959412,0.7373335361480713,0.6309565901756287,0.9445825219154358,0.0
3966,0,1,0.5819341540336609,False,0.1089373379945755,0.74501633644104,0.5896809101104736,0.9336127638816833,0.0
1962,0,1,0.5819200277328491,False,0.11243550479412079,0.7195318937301636,0.6076924800872803,0.9394800662994385,0.0
965,0,1,0.5818345546722412,False,0.09103037416934967,0.7510328888893127,0.5058068633079529,0.9460049271583557,0.0
5309,1,0,0.5816815495491028,False,0.09852788597345352,0.7999542355537415,0.5444132685661316,0.9324505925178528,0.0
3898,1,0,0.5814402103424072,False,0.10691425949335098,0.7711097598075867,0.648176908493042,0.9518364667892456,0.0
2759,1,0,0.5809100270271301,False,0.10874757915735245,0.7619930505752563,0.6124503016471863,0.9503976702690125,0.0
5832,0,1,0.5806044340133667,False,0.10268911719322205,0.7666422724723816,0.5800297260284424,0.9485737681388855,0.0
1533,1,0,0.5805032253265381,False,0.1395009309053421,0.5746966600418091,0.7359914779663086,0.9422858357429504,0.0
2673,0,1,0.5800163745880127,False,0.12881872057914734,0.7468550801277161,0.6726258993148804,0.9282942414283752,0.0
2463,1,0,0.5796656012535095,False,0.09765199571847916,0.7479138374328613,0.5168372392654419,0.9243870377540588,0.0
5771,1,0,0.5789293646812439,False,0.15387830138206482,0.6676955819129944,0.7310212850570679,0.918860137462616,0.0
2818,0,1,0.5789044499397278,False,0.0936068519949913,0.7939513921737671,0.5341861248016357,0.9409655332565308,0.0
7275,0,1,0.5782214403152466,False,0.14116504788398743,0.6839906573295593,0.7196266651153564,0.9431122541427612,0.0
5307,1,0,0.5781230926513672,False,0.0997694581747055,0.7607605457305908,0.5493399500846863,0.9272411465644836,0.0
1019,1,0,0.5774821639060974,False,0.14923535287380219,0.6444104909896851,0.7012690305709839,0.9116707444190979,0.0
2769,1,0,0.5767784714698792,False,0.10302306711673737,0.7485244870185852,0.544442355632782,0.9217419028282166,0.0
1609,0,1,0.5765659809112549,False,0.22440120577812195,0.47446826100349426,0.8678894639015198,0.9309630393981934,0.0
6240,1,0,0.576440691947937,False,0.09950975328683853,0.6489595770835876,0.5407343506813049,0.9444459080696106,0.0
939,1,0,0.5758803486824036,False,0.11450477689504623,0.7377191185951233,0.6134510636329651,0.9323956370353699,0.0
2024,1,0,0.5757045149803162,False,0.11145706474781036,0.7482883930206299,0.5862008929252625,0.9194497466087341,0.0
3432,1,0,0.5752418637275696,False,0.09787151962518692,0.7877798080444336,0.5257356762886047,0.9214028120040894,0.0
5952,0,1,0.5751187205314636,False,0.09524846822023392,0.7357466816902161,0.5215590596199036,0.9365942478179932,0.0
2989,1,0,0.5750716924667358,False,0.09610654413700104,0.6341376304626465,0.5011624693870544,0.9419198036193848,0.0
6577,0,1,0.5750100016593933,False,0.09031309187412262,0.7901628017425537,0.5095260739326477,0.9471027851104736,0.0
5207,0,1,0.5745960474014282,False,0.14614030718803406,0.536918580532074,0.7736933827400208,0.9562318325042725,0.0
2344,1,0,0.5744246244430542,False,0.19857065379619598,0.42820173501968384,0.8718913793563843,0.937386155128479,0.0
5118,0,1,0.5740400552749634,False,0.12795642018318176,0.7231885194778442,0.6664493083953857,0.9309475421905518,0.0
1707,0,1,0.5739781260490417,False,0.10739066451787949,0.6736776232719421,0.555425226688385,0.9265698790550232,0.0
3401,0,1,0.573829710483551,False,0.10571375489234924,0.7978224754333496,0.5965794920921326,0.942992627620697,0.0
7387,0,1,0.5737097859382629,False,0.14830687642097473,0.6470317840576172,0.7311296463012695,0.9402673244476318,0.0
6530,0,1,0.5734460353851318,False,0.12279848009347916,0.7351553440093994,0.6463565826416016,0.9294863939285278,0.0
5789,0,1,0.5734148025512695,False,0.10710560530424118,0.6755600571632385,0.5654958486557007,0.9354444146156311,0.0
5370,1,0,0.5729659795761108,False,0.14478515088558197,0.6202638149261475,0.7206747531890869,0.9482120275497437,0.0
6048,0,1,0.5728847980499268,False,0.12844568490982056,0.6921169757843018,0.6616833209991455,0.9318647384643555,0.0
1522,0,1,0.5728839039802551,False,0.1033763438463211,0.6701723337173462,0.5377179384231567,0.9301247596740723,0.0
4675,1,0,0.5727643966674805,False,0.1494951844215393,0.6339954733848572,0.7160953879356384,0.926280677318573,0.0
8184,1,0,0.5726736783981323,False,0.10040268301963806,0.7285811305046082,0.5255424976348877,0.9222545623779297,0.0
6355,0,1,0.5724446773529053,False,0.12822818756103516,0.5318748950958252,0.6843898892402649,0.9502390623092651,0.0
6220,1,0,0.5719971060752869,False,0.09914366155862808,0.761608362197876,0.5384994149208069,0.9318217635154724,0.0
6520,0,1,0.5716292858123779,False,0.11882174760103226,0.7010329961776733,0.6257221102714539,0.9337562918663025,0.0
6092,1,0,0.5713520050048828,False,0.11276019364595413,0.6873494982719421,0.6151627898216248,0.9515743255615234,0.0
3573,1,0,0.5707942247390747,False,0.11590699106454849,0.7332878708839417,0.616053581237793,0.9300307631492615,0.0
6902,0,1,0.5706304311752319,False,0.12158172577619553,0.6278020143508911,0.6167446970939636,0.9320588707923889,0.0
6605,1,0,0.5702383518218994,False,0.10432566702365875,0.769080400466919,0.585877001285553,0.9248092174530029,0.0
4781,1,0,0.5701521039009094,False,0.09037661552429199,0.7978950142860413,0.5164769887924194,0.946760356426239,0.0
6246,1,0,0.5691812634468079,False,0.10048071295022964,0.8053557276725769,0.552857518196106,0.9292665123939514,0.0
7889,1,0,0.5686262249946594,False,0.09792734682559967,0.772845983505249,0.5888350009918213,0.9544826149940491,0.0
2120,0,1,0.5685587525367737,False,0.10725194960832596,0.7239702939987183,0.5772524476051331,0.9345811605453491,0.0
69,1,0,0.5681816935539246,False,0.10000446438789368,0.7832279205322266,0.5711466073989868,0.9504250288009644,0.0
911,0,1,0.568070650100708,False,0.10859972983598709,0.6500575542449951,0.5806065201759338,0.947281002998352,0.0
2762,0,1,0.5679051876068115,False,0.1037539690732956,0.7238944172859192,0.5771243572235107,0.949799120426178,0.0
5516,1,0,0.567659318447113,False,0.11140166968107224,0.7418346405029297,0.5721662044525146,0.9049329161643982,0.0
6478,1,0,0.5676531791687012,False,0.09957581013441086,0.7848458290100098,0.5746001601219177,0.955178439617157,0.0
7979,1,0,0.5671007633209229,False,0.10059025138616562,0.7659320831298828,0.5334334373474121,0.9192348122596741,0.0
3900,1,0,0.566940426826477,False,0.11042990535497665,0.6240060329437256,0.5979936122894287,0.9381828308105469,0.0
3128,1,0,0.5666560530662537,False,0.0920962542295456,0.7914252281188965,0.5053957104682922,0.9332683682441711,0.0
3062,1,0,0.5662420988082886,False,0.10912297666072845,0.702721893787384,0.604413628578186,0.9316372275352478,0.0
993,1,0,0.5651212334632874,False,0.09229244291782379,0.839288592338562,0.5026923418045044,0.9169168472290039,0.0
4919,0,1,0.5650896430015564,False,0.12153246253728867,0.7116793990135193,0.6450488567352295,0.9379459619522095,0.0
2401,0,1,0.5649530291557312,False,0.09908845275640488,0.6802988648414612,0.5295670032501221,0.9340063333511353,0.0
339,1,0,0.5648560523986816,False,0.09756047278642654,0.7192840576171875,0.518400251865387,0.9273632764816284,0.0
3548,0,1,0.5633461475372314,False,0.126885324716568,0.68631911277771,0.6589046716690063,0.9361764192581177,0.0
3888,0,1,0.5629464983940125,False,0.1473587155342102,0.535566508769989,0.6601616740226746,0.9084561467170715,0.0
7692,0,1,0.5627429485321045,False,0.12287633121013641,0.7207654118537903,0.6398534774780273,0.9266923069953918,0.0
7435,1,0,0.5625941157341003,False,0.10122384876012802,0.7377407550811768,0.5743003487586975,0.9563780426979065,0.0
5732,1,0,0.5616656541824341,False,0.09927666187286377,0.7644434571266174,0.5274733304977417,0.9219168424606323,0.0
3798,0,1,0.5610034465789795,False,0.11121048778295517,0.7035738825798035,0.6050754189491272,0.945629358291626,0.0
8,1,0,0.5607863664627075,False,0.12176346033811569,0.6974332928657532,0.638654887676239,0.934636652469635,0.0
1147,0,1,0.5603823065757751,False,0.10382407158613205,0.7877722978591919,0.5791442394256592,0.9386692047119141,0.0
6405,1,0,0.5593779683113098,False,0.09064555168151855,0.818736732006073,0.5128182172775269,0.9430035948753357,0.0
3823,0,1,0.559112548828125,False,0.18244461715221405,0.5743988156318665,0.787456750869751,0.9190491437911987,0.0
4968,0,1,0.5587760210037231,False,0.1072324812412262,0.6382576823234558,0.5714516043663025,0.9323152303695679,0.0
1463,0,1,0.5586013793945312,False,0.10724341124296188,0.7479775547981262,0.5853297114372253,0.9365332722663879,0.0
8012,0,1,0.5585903525352478,False,0.12147535383701324,0.7470550537109375,0.6414374709129333,0.9276943802833557,0.0
6139,0,1,0.558381199836731,False,0.16536261141300201,0.6125366687774658,0.7647804617881775,0.9314022064208984,0.0
1107,1,0,0.5581550598144531,False,0.11470627039670944,0.7434790134429932,0.6091341972351074,0.9268977046012878,0.0
6575,1,0,0.55745929479599,False,0.1012711226940155,0.6873295307159424,0.5126577615737915,0.9165442585945129,0.0
6307,1,0,0.5573067665100098,False,0.10718060284852982,0.7753614783287048,0.5698580741882324,0.9159088134765625,0.0
6021,0,1,0.5571598410606384,False,0.11620347201824188,0.6006181836128235,0.6212508082389832,0.9363044500350952,0.0
2458,0,1,0.5568364262580872,False,0.1089099869132042,0.6596705913543701,0.561677098274231,0.9282618761062622,0.0
4484,0,1,0.5565952658653259,False,0.09571552276611328,0.7685885429382324,0.5231382250785828,0.9345320463180542,0.0
2562,0,1,0.5564761161804199,False,0.12609493732452393,0.7174461483955383,0.6726474165916443,0.944307804107666,0.0
3079,1,0,0.556325376033783,False,0.09631470590829849,0.7847036123275757,0.5371353030204773,0.9398127794265747,0.0
7814,0,1,0.5562998056411743,False,0.15060731768608093,0.6451031565666199,0.735427737236023,0.9377672076225281,0.0
1172,0,1,0.5554713010787964,False,0.16584132611751556,0.4535735845565796,0.8375490307807922,0.9710847735404968,0.0
5376,0,1,0.5553942918777466,False,0.1579277366399765,0.5415822267532349,0.7250387072563171,0.9338454008102417,0.0
3381,0,1,0.5553284883499146,False,0.1269504725933075,0.707036554813385,0.6657971143722534,0.937412679195404,0.0
7436,0,1,0.5550366640090942,False,0.16585329174995422,0.6186932921409607,0.7631587982177734,0.9270064234733582,0.0
6826,0,1,0.5550312399864197,False,0.1428428441286087,0.6732032895088196,0.7149414420127869,0.9360129833221436,0.0
8252,0,1,0.5548932552337646,False,0.11779018491506577,0.7522560954093933,0.6345044374465942,0.9345253705978394,0.0
6812,1,0,0.554781973361969,False,0.15499041974544525,0.6178376078605652,0.7281145453453064,0.9251823425292969,0.0
2354,0,1,0.5542411208152771,False,0.11347342282533646,0.7671424746513367,0.5979053378105164,0.91451495885849,0.0
3656,1,0,0.5539408922195435,False,0.11222109943628311,0.7166898250579834,0.6166521906852722,0.9231963753700256,0.0
2321,0,1,0.5536665320396423,False,0.10226287692785263,0.8296611905097961,0.5652768611907959,0.9237779974937439,0.0
823,0,1,0.553542971611023,False,0.10961955040693283,0.7704928517341614,0.5890337824821472,0.9254412055015564,0.0
4065,0,1,0.553027868270874,False,0.09689800441265106,0.8165028691291809,0.514600396156311,0.9053499698638916,0.0
5321,1,0,0.5526023507118225,False,0.13103529810905457,0.6857926845550537,0.6664302945137024,0.9285483360290527,0.0
5677,1,0,0.5523201823234558,False,0.10269759595394135,0.7669219374656677,0.5723944306373596,0.9420515298843384,0.0
5495,0,1,0.5521731376647949,False,0.10426265746355057,0.7832562327384949,0.5582780838012695,0.9179961085319519,0.0
4329,1,0,0.5519555807113647,False,0.10572651028633118,0.7432219386100769,0.5739802122116089,0.9346009492874146,0.0
2962,0,1,0.5510082244873047,False,0.11068225651979446,0.7727479934692383,0.5868563652038574,0.9157333374023438,0.0
6844,0,1,0.5509678721427917,False,0.1587112993001938,0.6159926056861877,0.7525139451026917,0.9374483227729797,0.0
4187,0,1,0.5505070686340332,False,0.10732157528400421,0.7031106948852539,0.5627915859222412,0.9267767667770386,0.0
6296,1,0,0.5503940582275391,False,0.11675408482551575,0.7160667181015015,0.5980063080787659,0.9149478673934937,0.0
6699,0,1,0.549895167350769,False,0.13844607770442963,0.648938775062561,0.709132969379425,0.9508383870124817,0.0
2723,1,0,0.5494939684867859,False,0.10174884647130966,0.7859432101249695,0.5480599999427795,0.9217113852500916,0.0
6620,0,1,0.5492665767669678,False,0.16891787946224213,0.597666323184967,0.7872858047485352,0.9471439719200134,0.0
1537,1,0,0.549195408821106,False,0.12707500159740448,0.7372385859489441,0.6446031332015991,0.9085067510604858,0.0
5523,0,1,0.549180805683136,False,0.11344750225543976,0.7059457898139954,0.6101064085960388,0.9402939677238464,0.0
5775,1,0,0.5487363338470459,False,0.10713931173086166,0.7542315125465393,0.5645549297332764,0.9175481796264648,0.0
6773,1,0,0.5480881929397583,False,0.09984045475721359,0.8040058016777039,0.5514544248580933,0.9312851428985596,0.0
5135,0,1,0.5480480194091797,False,0.12172382324934006,0.7513939142227173,0.6346697211265564,0.9194485545158386,0.0
707,1,0,0.5480102896690369,False,0.10268373042345047,0.7287492752075195,0.549201488494873,0.9306197166442871,0.0
6829,1,0,0.5476481318473816,False,0.11946651339530945,0.7513084411621094,0.6143589615821838,0.9062350988388062,0.0
3998,0,1,0.5476235151290894,False,0.11421510577201843,0.750090479850769,0.6017758846282959,0.9215109348297119,0.0
5755,0,1,0.546858012676239,False,0.11380939185619354,0.7813948392868042,0.609885036945343,0.9224646687507629,0.0
1280,0,1,0.546752393245697,False,0.12796320021152496,0.6690418720245361,0.6388071179389954,0.9191724061965942,0.0
1742,1,0,0.5462432503700256,False,0.12755154073238373,0.7089464664459229,0.6417990922927856,0.9137798547744751,0.0
6715,1,0,0.545434296131134,False,0.12681132555007935,0.6787573099136353,0.6159550547599792,0.8974722027778625,0.0
5635,0,1,0.5452107191085815,False,0.09427221864461899,0.7973417639732361,0.5009364485740662,0.9147258996963501,0.0
5701,1,0,0.545147180557251,False,0.10736852139234543,0.7598971128463745,0.5700963139533997,0.9208723306655884,0.0
1538,1,0,0.5448876619338989,False,0.0979360044002533,0.7134010195732117,0.5037363767623901,0.9188172817230225,0.0
3334,0,1,0.5448309183120728,False,0.10729774087667465,0.721206545829773,0.5843287110328674,0.9407981634140015,0.0
7704,0,1,0.5432484149932861,False,0.11332129687070847,0.743228018283844,0.6159926056861877,0.9381109476089478,0.0
3274,0,1,0.5432174801826477,False,0.09384645521640778,0.7497462630271912,0.5185865759849548,0.9390922784805298,0.0
4074,1,0,0.5423573851585388,False,0.1163392886519432,0.726826548576355,0.6012303829193115,0.9172274470329285,0.0
6947,0,1,0.5419130921363831,False,0.09991160780191422,0.7517988681793213,0.5414585471153259,0.9324661493301392,0.0
400,1,0,0.5419045686721802,False,0.16043557226657867,0.4804970622062683,0.7394264936447144,0.9576609134674072,0.0
8009,0,1,0.5418515801429749,False,0.1196640133857727,0.6761488914489746,0.622559130191803,0.9332680702209473,0.0
4028,1,0,0.5413432717323303,False,0.09907577186822891,0.7397077679634094,0.5481094717979431,0.9332253932952881,0.0
2186,0,1,0.5412893295288086,False,0.112062469124794,0.7821162939071655,0.5995709300041199,0.9197070002555847,0.0
6679,0,1,0.5411489605903625,False,0.12241585552692413,0.608403205871582,0.5990431904792786,0.9188790917396545,0.0
2284,0,1,0.541076123714447,False,0.0931532084941864,0.8110601902008057,0.5093029737472534,0.9252061247825623,0.0
7381,1,0,0.5410335063934326,False,0.09469668567180634,0.819688081741333,0.5372934937477112,0.9416872262954712,0.0
7683,1,0,0.5408158898353577,False,0.1135406419634819,0.7464748620986938,0.5882277488708496,0.9098936319351196,0.0
1066,1,0,0.5405672192573547,False,0.1916896253824234,0.5481096506118774,0.8158841729164124,0.9308724403381348,0.0
1100,0,1,0.5399599671363831,False,0.11036042124032974,0.7325589656829834,0.5811876654624939,0.9233976602554321,0.0
5879,0,1,0.5391448736190796,False,0.10765038430690765,0.6822073459625244,0.5607632398605347,0.9280087351799011,0.0
7378,0,1,0.5390945076942444,False,0.11297473311424255,0.7214078307151794,0.6337058544158936,0.931332528591156,0.0
2602,0,1,0.5377134084701538,False,0.14989864826202393,0.6541544198989868,0.7102188467979431,0.9151943922042847,0.0
4797,1,0,0.537593424320221,False,0.09908542037010193,0.7482264637947083,0.5309562087059021,0.9215629696846008,0.0
3923,1,0,0.5375857353210449,False,0.10817677527666092,0.7732886672019958,0.5714125633239746,0.9121889472007751,0.0
1733,0,1,0.5371506214141846,False,0.11790887266397476,0.7481993436813354,0.6161775588989258,0.9187106490135193,0.0
1958,0,1,0.5370299816131592,False,0.11653771996498108,0.5670362114906311,0.6639556288719177,0.9659297466278076,0.0
2887,1,0,0.5365543961524963,False,0.10771890729665756,0.6679791212081909,0.572102427482605,0.9399061799049377,0.0
7688,1,0,0.5364272594451904,False,0.09343341737985611,0.6916501522064209,0.5077303647994995,0.9462587833404541,0.0
2969,1,0,0.5347694754600525,False,0.1419692486524582,0.6657240390777588,0.6886976957321167,0.9173545241355896,0.0
2460,0,1,0.534645140171051,False,0.11420682072639465,0.7212549448013306,0.627291202545166,0.9201226234436035,0.0
1525,0,1,0.534552812576294,False,0.10021286457777023,0.760063111782074,0.5367346405982971,0.9259210824966431,0.0
4573,0,1,0.5345021486282349,False,0.12525010108947754,0.6725248098373413,0.6461618542671204,0.9339659810066223,0.0
1299,1,0,0.5344821214675903,False,0.1680276244878769,0.5655328631401062,0.7773377299308777,0.9487824440002441,0.0
4176,1,0,0.5344125628471375,False,0.09747613221406937,0.7406339049339294,0.5126394033432007,0.923324704170227,0.0
6374,0,1,0.53437739610672,False,0.1200484037399292,0.7376033663749695,0.6184032559394836,0.9133233428001404,0.0
7602,0,1,0.5343307256698608,False,0.12170401960611343,0.686043381690979,0.6469829678535461,0.9446411728858948,0.0
2706,0,1,0.5342413783073425,False,0.09864377975463867,0.7171820402145386,0.5206521153450012,0.928471565246582,0.0
3397,1,0,0.5341832041740417,False,0.10799314081668854,0.7217151522636414,0.5560186505317688,0.9139672517776489,0.0
8263,0,1,0.5337516069412231,False,0.11839602142572403,0.6979807615280151,0.6248475313186646,0.9352661371231079,0.0
5043,1,0,0.5332151055335999,False,0.09133248776197433,0.7811399102210999,0.5062928795814514,0.9408295154571533,0.0
7256,1,0,0.5324023962020874,False,0.15077681839466095,0.6458261013031006,0.7459565997123718,0.9469732046127319,0.0
3841,1,0,0.5322116613388062,False,0.1156390979886055,0.6429092288017273,0.5727900862693787,0.9146913886070251,0.0
8250,1,0,0.5321421027183533,False,0.10653097927570343,0.7883617281913757,0.5608587861061096,0.904557466506958,0.0
4522,1,0,0.5319469571113586,False,0.11802999675273895,0.7436879873275757,0.6300501823425293,0.9315711259841919,0.0
7350,0,1,0.5316504836082458,False,0.09557287395000458,0.8109728097915649,0.5378226637840271,0.9393143653869629,0.0
111,1,0,0.5315651893615723,False,0.10182034224271774,0.6402905583381653,0.5285256505012512,0.9296640753746033,0.0
1702,0,1,0.531285285949707,False,0.1192152127623558,0.7261744737625122,0.6141988635063171,0.9172857999801636,0.0
3939,0,1,0.5311850309371948,False,0.16492138803005219,0.5162405371665955,0.8252038955688477,0.9524713158607483,0.0
6356,1,0,0.5307374000549316,False,0.10935299098491669,0.7744428515434265,0.5829979181289673,0.9186944365501404,0.0
6305,1,0,0.530501127243042,False,0.10517469048500061,0.7753835320472717,0.5567831993103027,0.9129619002342224,0.0
6110,1,0,0.5303944945335388,False,0.09318040311336517,0.7155024409294128,0.5030869245529175,0.941093385219574,0.0
680,0,1,0.5302855968475342,False,0.10714543610811234,0.6882784962654114,0.5735839009284973,0.9243786931037903,0.0
7368,0,1,0.5302854776382446,False,0.09601625800132751,0.7569474577903748,0.5192567110061646,0.9321869015693665,0.0
1928,0,1,0.5298120379447937,False,0.1091563031077385,0.6859716176986694,0.5711214542388916,0.9294092655181885,0.0
6430,0,1,0.5296668410301208,False,0.09559952467679977,0.8153244853019714,0.5428867340087891,0.9424880146980286,0.0
7972,1,0,0.5295563340187073,False,0.09782389551401138,0.8152807950973511,0.5263504385948181,0.9127275943756104,0.0
6507,0,1,0.5294797420501709,False,0.12238787859678268,0.6103084683418274,0.630638837814331,0.9206112623214722,0.0
2767,1,0,0.5291874408721924,False,0.10908488929271698,0.7327536940574646,0.6054894328117371,0.9488525390625,0.0
2664,0,1,0.5283706784248352,False,0.12290574610233307,0.7295354008674622,0.647171676158905,0.9309582710266113,0.0
5558,1,0,0.5282350182533264,False,0.10562113672494888,0.7191904783248901,0.5840005874633789,0.9482533931732178,0.0
4091,0,1,0.527604877948761,False,0.10571642220020294,0.7650143504142761,0.5633313655853271,0.9213891625404358,0.0
8214,0,1,0.527359664440155,False,0.10149754583835602,0.701764702796936,0.5746245980262756,0.9443637132644653,0.0
8171,1,0,0.5269748568534851,False,0.09741725027561188,0.6950860619544983,0.5102411508560181,0.9280871152877808,0.0
4694,1,0,0.5268298387527466,False,0.1051538735628128,0.7263133525848389,0.5905095338821411,0.9343410134315491,0.0
6677,0,1,0.5268033146858215,False,0.1742541640996933,0.5981579422950745,0.7730088829994202,0.9196391701698303,0.0
2372,1,0,0.5267130136489868,False,0.127509206533432,0.6538808941841125,0.6306334733963013,0.9172404408454895,0.0
2915,1,0,0.5263063907623291,False,0.1198410764336586,0.6377149224281311,0.6229252219200134,0.9415076375007629,0.0
1479,1,0,0.5262799859046936,False,0.0982803925871849,0.7592270970344543,0.5133895874023438,0.909254252910614,0.0
5800,1,0,0.525853157043457,False,0.12677860260009766,0.7295536398887634,0.6422067284584045,0.910053551197052,0.0
7956,0,1,0.5256974101066589,False,0.10087715089321136,0.7833629846572876,0.5559902787208557,0.9175609946250916,0.0
2508,0,1,0.5254040360450745,False,0.17274916172027588,0.5630326867103577,0.7933182716369629,0.952358067035675,0.0
2019,0,1,0.5249372124671936,False,0.10957662761211395,0.7661941647529602,0.6074903607368469,0.9416939616203308,0.0
1776,1,0,0.5247502326965332,False,0.11230497807264328,0.6517715454101562,0.5765376091003418,0.9284070730209351,0.0
3759,0,1,0.5247474908828735,False,0.10670920461416245,0.7206053137779236,0.5501613020896912,0.9154847860336304,0.0
2055,1,0,0.5243589878082275,False,0.1006162017583847,0.7381402850151062,0.5237536430358887,0.9177132844924927,0.0
325,1,0,0.5243222117424011,False,0.11444737762212753,0.7080727219581604,0.6206487417221069,0.9449195265769958,0.0
3710,0,1,0.5242628455162048,False,0.11568555980920792,0.6845062971115112,0.618986964225769,0.9186833500862122,0.0
2559,1,0,0.5242578983306885,False,0.11084574460983276,0.741062581539154,0.5761911273002625,0.9134416580200195,0.0
8231,1,0,0.5241777896881104,False,0.10143153369426727,0.8076266050338745,0.5523167848587036,0.9213002324104309,0.0
8211,0,1,0.5237191319465637,False,0.11768133193254471,0.7689427137374878,0.6273055076599121,0.9255877137184143,0.0
2193,0,1,0.5234119296073914,False,0.09782154113054276,0.8109578490257263,0.5247349143028259,0.9123280048370361,0.0
8144,1,0,0.5231029391288757,False,0.10148672014474869,0.7649298906326294,0.5564149022102356,0.9202118515968323,0.0
6903,1,0,0.5230016708374023,False,0.11498091369867325,0.726252555847168,0.6252933144569397,0.9429531097412109,0.0
1042,1,0,0.5229520797729492,False,0.09688926488161087,0.8031461238861084,0.5252513885498047,0.9225487112998962,0.0
5945,1,0,0.5229253172874451,False,0.10709664970636368,0.7472057938575745,0.5869356989860535,0.9386390447616577,0.0
5567,1,0,0.5227816104888916,False,0.16090813279151917,0.633172869682312,0.7699019312858582,0.943199634552002,0.0
4016,1,0,0.5226314663887024,False,0.10069464147090912,0.7420210242271423,0.5335731506347656,0.9151235222816467,0.0
1973,0,1,0.5226138830184937,False,0.11273970454931259,0.7021685838699341,0.6131384372711182,0.9466037154197693,0.0
595,0,1,0.5217497944831848,False,0.12543781101703644,0.726671040058136,0.6476860046386719,0.9230028390884399,0.0
5762,1,0,0.5217323303222656,False,0.10226961970329285,0.7486501336097717,0.5326234102249146,0.9130461812019348,0.0
5779,1,0,0.5214966535568237,False,0.12229698151350021,0.7028323411941528,0.6436436772346497,0.9358092546463013,0.0
1128,1,0,0.5204997062683105,False,0.1362782120704651,0.5916392803192139,0.7096096873283386,0.9316949844360352,0.0
5018,0,1,0.5202745795249939,False,0.1230221539735794,0.7484181523323059,0.6359541416168213,0.914916455745697,0.0
193,0,1,0.5200158953666687,False,0.1498127281665802,0.5317044258117676,0.7820342183113098,0.9541902542114258,0.0
5046,0,1,0.5195537209510803,False,0.132155179977417,0.604450523853302,0.6699582934379578,0.9469605088233948,0.0
5446,0,1,0.5194439888000488,False,0.14579610526561737,0.6534630656242371,0.6944825053215027,0.913711667060852,0.0
7394,1,0,0.5192053914070129,False,0.10259920358657837,0.7417905330657959,0.5510714650154114,0.9169541001319885,0.0
6457,0,1,0.5190542340278625,False,0.11460307985544205,0.7787529230117798,0.615932822227478,0.9260557293891907,0.0
4626,0,1,0.5189695954322815,False,0.14258946478366852,0.6783252358436584,0.6973732709884644,0.9200748801231384,0.0
899,1,0,0.5185738205909729,False,0.09692709147930145,0.8352044224739075,0.5249789357185364,0.9108157753944397,0.0
3016,1,0,0.5182726383209229,False,0.11407285928726196,0.715557873249054,0.5843451023101807,0.9138513207435608,0.0
2118,1,0,0.5182479023933411,False,0.09963057190179825,0.7786939144134521,0.5267388224601746,0.9042709469795227,0.0
5836,1,0,0.5181356072425842,False,0.10005290061235428,0.7162140011787415,0.5164136290550232,0.9150538444519043,0.0
2770,0,1,0.5175209045410156,False,0.12629912793636322,0.7184196710586548,0.6689841747283936,0.9400668740272522,0.0
119,1,0,0.5171799659729004,False,0.10255154222249985,0.7220922708511353,0.5448573231697083,0.919265866279602,0.0
3371,1,0,0.5163182616233826,False,0.1177869588136673,0.7503487467765808,0.6100937724113464,0.9107661247253418,0.0
5682,0,1,0.5159331560134888,False,0.11894293129444122,0.715975284576416,0.6070044040679932,0.9137035608291626,0.0
4963,0,1,0.5154659748077393,False,0.09436479955911636,0.7721990942955017,0.5114353895187378,0.9288543462753296,0.0
3022,0,1,0.5153849124908447,False,0.11546192318201065,0.623066782951355,0.6393016576766968,0.9443286061286926,0.0
4313,0,1,0.5148239731788635,False,0.1000530943274498,0.8564347624778748,0.5733485221862793,0.9388612508773804,0.0
8037,0,1,0.5140403509140015,False,0.0941423773765564,0.8240671753883362,0.5172627568244934,0.9195037484169006,0.0
673,1,0,0.5133450031280518,False,0.09756824374198914,0.8132730722427368,0.5212951898574829,0.9093422889709473,0.0
7947,1,0,0.5131126046180725,False,0.09806714951992035,0.7829945087432861,0.5204828977584839,0.9081702828407288,0.0
354,0,1,0.5127871632575989,False,0.1094089224934578,0.6888079047203064,0.5853967070579529,0.9395020604133606,0.0
848,0,1,0.5124219655990601,False,0.10208383947610855,0.7028311491012573,0.5259169340133667,0.92010498046875,0.0
6594,1,0,0.5124064683914185,False,0.10106746107339859,0.7154600024223328,0.5242178440093994,0.9147971272468567,0.0
2650,0,1,0.5122236013412476,False,0.10439974814653397,0.7285804748535156,0.5583414435386658,0.9163105487823486,0.0
5470,1,0,0.5120259523391724,False,0.09232181310653687,0.7740480303764343,0.5190572142601013,0.9471518993377686,0.0
6256,0,1,0.5119253396987915,False,0.1137424185872078,0.6860095858573914,0.6258316040039062,0.9307315349578857,0.0
4524,0,1,0.5118333101272583,False,0.13170911371707916,0.6696737408638,0.6574152708053589,0.9221838116645813,0.0
4773,0,1,0.5113838315010071,False,0.10139765590429306,0.6473055481910706,0.5077508687973022,0.918672502040863,0.0
1637,1,0,0.5113303661346436,False,0.14586111903190613,0.6619304418563843,0.7114318609237671,0.9262599349021912,0.0
4728,0,1,0.5109783411026001,False,0.10611368715763092,0.8081012964248657,0.5807629823684692,0.924735426902771,0.0
1564,1,0,0.5109637379646301,False,0.10030964761972427,0.7864043712615967,0.5334714651107788,0.9137704372406006,0.0
3756,0,1,0.5109443068504333,False,0.11827804148197174,0.6921882033348083,0.6482064723968506,0.9268835186958313,0.0
1087,0,1,0.5109084248542786,False,0.09800125658512115,0.7739678025245667,0.5375625491142273,0.9251918196678162,0.0
7884,1,0,0.5104824900627136,False,0.0969008058309555,0.6923383474349976,0.5241998434066772,0.9442596435546875,0.0
5968,0,1,0.5100961923599243,False,0.10205791890621185,0.6872237324714661,0.5682141184806824,0.9412862062454224,0.0
6528,1,0,0.5092384815216064,False,0.1069047600030899,0.7985830307006836,0.5820042490959167,0.9245371222496033,0.0
1428,0,1,0.5089413523674011,False,0.09863217175006866,0.6891716122627258,0.5415223836898804,0.9407979249954224,0.0
180,1,0,0.508492112159729,False,0.11203623563051224,0.7373288869857788,0.6154783368110657,0.9441120028495789,0.0
7287,0,1,0.5083879828453064,False,0.11772390455007553,0.7576559782028198,0.6264569163322449,0.9269318580627441,0.0
5171,0,1,0.5083786249160767,False,0.12587900459766388,0.7143982648849487,0.6501265168190002,0.9260820746421814,0.0
7582,1,0,0.5083582401275635,False,0.11796839535236359,0.6289756894111633,0.56712806224823,0.9048336744308472,0.0
4454,0,1,0.5082971453666687,False,0.1044691801071167,0.8226478099822998,0.5718362927436829,0.9191631078720093,0.0
2740,1,0,0.5080767273902893,False,0.09493491053581238,0.8020303249359131,0.526285707950592,0.9284482598304749,0.0
2005,0,1,0.5078190565109253,False,0.10659467428922653,0.7450495362281799,0.5854974389076233,0.9400162100791931,0.0
8146,0,1,0.5075432658195496,False,0.128442645072937,0.6628410816192627,0.6432645916938782,0.9226292371749878,0.0
4713,1,0,0.5068371295928955,False,0.09728734940290451,0.7469067573547363,0.5104226469993591,0.9213880300521851,0.0
6035,1,0,0.5064756870269775,False,0.11039941012859344,0.760269284248352,0.6003347039222717,0.9334341883659363,0.0
4053,1,0,0.5064215660095215,False,0.12484940886497498,0.7062949538230896,0.6247119903564453,0.907368004322052,0.0
2423,0,1,0.5061408877372742,False,0.2023761123418808,0.5099076628684998,0.8337988257408142,0.934532880783081,0.0
2282,1,0,0.5058870911598206,False,0.09691526740789413,0.7025279998779297,0.5253040194511414,0.9371066689491272,0.0
5721,0,1,0.505831241607666,False,0.13153129816055298,0.7200869917869568,0.6695546507835388,0.9221392869949341,0.0
5372,1,0,0.5057802796363831,False,0.1089661568403244,0.7759665250778198,0.6032447218894958,0.9387667775154114,0.0
1770,0,1,0.5052574872970581,False,0.11451984196901321,0.7423387765884399,0.6033031344413757,0.9230812788009644,0.0
1645,1,0,0.504888117313385,False,0.11977795511484146,0.7295127511024475,0.6238126158714294,0.9227500557899475,0.0
5518,0,1,0.5048840045928955,False,0.14016662538051605,0.6385685801506042,0.7109145522117615,0.9493595957756042,0.0
6642,0,1,0.5032583475112915,False,0.10318534821271896,0.6939020752906799,0.5264224410057068,0.9108838438987732,0.0
5845,0,1,0.503051221370697,False,0.12960153818130493,0.7360765933990479,0.6606001257896423,0.9165011048316956,0.0
2213,1,0,0.5030171275138855,False,0.10214634984731674,0.7264038920402527,0.5294091105461121,0.9081088304519653,0.0
7801,0,1,0.5029836893081665,False,0.10817867517471313,0.6808594465255737,0.566587507724762,0.9307856559753418,0.0
2623,1,0,0.5027685165405273,False,0.10979678481817245,0.7469915151596069,0.5740615129470825,0.9150823354721069,0.0
235,0,1,0.5027527213096619,False,0.10844895988702774,0.7461398243904114,0.5877876877784729,0.9338606595993042,0.0
854,1,0,0.5026929974555969,False,0.10473734885454178,0.7692805528640747,0.5518051385879517,0.9120417237281799,0.0
6317,1,0,0.5017300248146057,False,0.10405126214027405,0.764838695526123,0.5485144853591919,0.9142282009124756,0.0
5624,1,0,0.5015358924865723,False,0.16110406816005707,0.6222320795059204,0.7583658695220947,0.9345812797546387,0.0
2936,1,0,0.5013006329536438,False,0.11527647078037262,0.7210304141044617,0.5945074558258057,0.9173063635826111,0.0
703,1,0,0.5012513399124146,False,0.1033698096871376,0.7677420973777771,0.5642256736755371,0.932256281375885,0.0
1367,0,1,0.5010837316513062,False,0.10247260332107544,0.7360429763793945,0.5750225186347961,0.9514132738113403,0.0
3118,0,1,0.5010204315185547,False,0.11361471563577652,0.7096086740493774,0.5735714435577393,0.9057058691978455,0.0
3064,0,1,0.5007282495498657,False,0.09543250501155853,0.7056758999824524,0.5385650396347046,0.9505413174629211,0.0
176,0,1,0.5003448128700256,False,0.12874743342399597,0.7308043837547302,0.6475714445114136,0.9061306715011597,0.0
5913,0,1,0.5002443790435791,False,0.09152816981077194,0.8204302787780762,0.5079857110977173,0.9344426989555359,0.0
4259,1,0,0.5000674724578857,False,0.11207494884729385,0.6757259368896484,0.5739826560020447,0.9222514033317566,0.0
