node_idx,label,pred_full,conf_full,is_correct_full,pred_text,conf_text,is_correct_text,pred_graph,conf_graph,is_correct_graph,sigma_text,gate,homophily,case_type
0,0,0,0.5734836,True,0,0.86999154,True,0,0.99879944,True,0.96741724,0.5188179,0.89652777,Easy
1,1,1,0.51175416,True,1,0.6263803,True,1,0.54469943,True,0.96861565,0.5107546,0.7788913,Easy
2,0,0,0.6592345,True,0,0.5558106,True,0,0.8742225,True,0.9661696,0.5141637,0.93609893,Easy
3,0,0,0.6046696,True,0,0.68678796,True,0,0.89749736,True,0.971,0.5154487,0.85303533,Easy
4,1,0,0.5370654,False,1,0.5723994,True,1,0.63890547,True,0.9675789,0.50994474,0.8974932,Easy
5,0,0,0.6224579,True,0,0.5725649,True,0,0.98855644,True,0.9684217,0.5083946,0.85266006,Easy
6,0,0,0.5483035,True,0,0.96082956,True,0,0.9994248,True,0.9631175,0.5243092,0.9035775,Easy
7,0,0,0.5545304,True,0,0.97230625,True,0,0.9993641,True,0.9624274,0.52720034,0.87971795,Easy
8,1,0,0.5051016,False,1,0.5468719,True,0,0.6471329,False,0.96991533,0.51474386,0.78765,Text_Only
9,0,0,0.53354543,True,0,0.9865724,True,0,0.9994704,True,0.9627335,0.530858,0.85033774,Easy
10,0,0,0.6154247,True,0,0.88031834,True,0,0.9957533,True,0.9675884,0.52083206,0.8248383,Easy
11,0,0,0.58583647,True,1,0.50422484,False,0,0.9492913,True,0.96617687,0.5120718,0.8336785,Graph_Only
12,0,0,0.53358215,True,0,0.9634358,True,0,0.9989942,True,0.96440727,0.5222691,0.8693747,Easy
13,1,0,0.62939584,False,0,0.59177345,False,0,0.53677046,False,0.96489555,0.51983917,0.88165236,Hard
14,0,0,0.5585844,True,0,0.9611801,True,0,0.9994382,True,0.96340746,0.52855444,0.9081231,Easy
15,0,0,0.7148074,True,0,0.6083703,True,0,0.8703932,True,0.9669007,0.51617485,0.8873627,Easy
16,1,0,0.5686752,False,0,0.7982321,False,0,0.9475161,False,0.96719444,0.51909554,0.9271295,Hard
17,1,0,0.59669816,False,0,0.8475212,False,0,0.88553065,False,0.96991205,0.5214988,0.893618,Hard
18,1,0,0.5329154,False,1,0.7238496,True,1,0.85691005,True,0.9629736,0.51415807,0.87479085,Easy
19,0,0,0.6245283,True,0,0.764078,True,0,0.9952331,True,0.965086,0.51452917,0.8986182,Easy
20,1,0,0.5311857,False,1,0.9324976,True,1,0.92203826,True,0.96278584,0.49861157,0.85788214,Easy
21,0,0,0.5368401,True,0,0.9795178,True,0,0.99952734,True,0.96215117,0.5305166,0.89770156,Easy
22,0,0,0.6608318,True,1,0.50983584,False,0,0.97362894,True,0.96574724,0.50755084,0.92136323,Graph_Only
23,0,0,0.55939364,True,0,0.9598502,True,0,0.99912995,True,0.9664107,0.52513427,0.8540474,Easy
24,0,0,0.5567107,True,0,0.97574514,True,0,0.9994542,True,0.9617066,0.5315107,0.90712327,Easy
25,1,1,0.5350253,True,1,0.8690627,True,1,0.9833561,True,0.96335334,0.5150469,0.7116394,Easy
26,0,0,0.65627724,True,0,0.73810047,True,0,0.9856117,True,0.96656555,0.52004737,0.88891745,Easy
27,0,0,0.56460303,True,0,0.8632686,True,0,0.99682546,True,0.96448255,0.5172015,0.860497,Easy
28,0,0,0.5687764,True,0,0.72054064,True,0,0.9990771,True,0.97003645,0.51542324,0.8533186,Easy
29,0,0,0.5462151,True,0,0.91389817,True,0,0.9971539,True,0.9692235,0.5219395,0.86351246,Easy
30,0,0,0.6710781,True,0,0.5609915,True,0,0.9066133,True,0.96743214,0.51294726,0.9081629,Easy
31,0,0,0.5935468,True,0,0.8703681,True,0,0.99831116,True,0.9654865,0.5185335,0.91100377,Easy
32,0,0,0.6278709,True,0,0.8788488,True,0,0.9854177,True,0.9688615,0.52092874,0.8769721,Easy
33,0,0,0.63789356,True,0,0.6503297,True,0,0.9499881,True,0.96747386,0.51058394,0.9184141,Easy
34,0,0,0.6192167,True,0,0.7468442,True,0,0.9958384,True,0.96804607,0.518933,0.88267076,Easy
35,0,0,0.57073116,True,0,0.80529666,True,0,0.97327936,True,0.96891665,0.51270336,0.7417081,Easy
36,0,0,0.6163311,True,0,0.86849093,True,0,0.99680424,True,0.96456265,0.51608115,0.8754862,Easy
37,0,0,0.5460039,True,0,0.9884735,True,0,0.99950695,True,0.9608623,0.53121454,0.9255131,Easy
38,0,1,0.5086866,False,1,0.9354782,False,1,0.97238165,False,0.96233404,0.50449604,0.87454766,Hard
39,0,0,0.6284144,True,0,0.718857,True,0,0.9952689,True,0.9647463,0.51536876,0.90495694,Easy
40,0,0,0.60193074,True,0,0.76859266,True,0,0.9970763,True,0.9672901,0.5162776,0.839017,Easy
41,1,0,0.56737155,False,0,0.77349013,False,0,0.7484533,False,0.96818084,0.5259493,0.9147502,Hard
42,1,1,0.5202798,True,1,0.75175524,True,1,0.9225045,True,0.963791,0.52192384,0.90551376,Easy
43,0,0,0.58678913,True,0,0.90240246,True,0,0.93380505,True,0.9682691,0.52586645,0.865655,Easy
44,1,0,0.5070573,False,1,0.9612302,True,1,0.99247074,True,0.95831364,0.4972157,0.7915975,Easy
45,0,0,0.52832395,True,0,0.89838934,True,0,0.9983956,True,0.96731985,0.5255457,0.8378701,Easy
46,0,0,0.50366074,True,0,0.5964661,True,0,0.82672286,True,0.96790636,0.5242022,0.9376072,Easy
47,1,0,0.5028055,False,1,0.7658418,True,1,0.8210651,True,0.9670143,0.5022887,0.7727445,Easy
48,1,0,0.5250554,False,0,0.714884,False,1,0.9009992,True,0.9659064,0.5370806,0.87998223,Graph_Only
49,0,0,0.58482784,True,0,0.92448014,True,0,0.9982589,True,0.96524084,0.5265874,0.889679,Easy
50,1,1,0.5144144,True,1,0.8359466,True,1,0.9521661,True,0.97042453,0.49920508,0.8045718,Easy
51,1,0,0.52563655,False,1,0.9249825,True,1,0.9547611,True,0.9619216,0.50118816,0.7799978,Easy
52,0,0,0.6293508,True,0,0.80470574,True,0,0.9700319,True,0.9685763,0.51895756,0.90156025,Easy
53,0,0,0.6691879,True,1,0.53652155,False,0,0.9826003,True,0.9662733,0.514499,0.89468884,Graph_Only
54,0,0,0.6194697,True,0,0.80776817,True,0,0.98903275,True,0.96936136,0.5175446,0.85652053,Easy
55,0,0,0.58964586,True,0,0.8820541,True,0,0.9822891,True,0.96563447,0.5224466,0.91199374,Easy
56,0,0,0.5799564,True,0,0.90599406,True,0,0.9953224,True,0.9669579,0.5187069,0.9111781,Easy
57,0,0,0.57651466,True,0,0.8464407,True,0,0.99881256,True,0.9663761,0.5211451,0.87244505,Easy
58,0,0,0.53330266,True,0,0.9404322,True,0,0.9971269,True,0.96827346,0.51864475,0.8778225,Easy
59,0,0,0.56142247,True,0,0.9591524,True,0,0.9992914,True,0.9643401,0.5223318,0.89923996,Easy
60,0,0,0.5577744,True,0,0.980007,True,0,0.9995745,True,0.96274734,0.5263321,0.8939907,Easy
61,0,0,0.54464895,True,0,0.99212146,True,0,0.99962807,True,0.95917374,0.5317332,0.93532,Easy
62,1,1,0.5348125,True,1,0.8389816,True,1,0.9887848,True,0.9665916,0.5173774,0.8303442,Easy
63,0,0,0.5385541,True,0,0.74534255,True,0,0.7652644,True,0.9677255,0.52708006,0.93350196,Easy
64,1,0,0.5431591,False,1,0.87241685,True,1,0.9302742,True,0.96358967,0.5037139,0.8666914,Easy
65,0,0,0.61916125,True,0,0.82082355,True,0,0.9919499,True,0.9641942,0.51548445,0.92349994,Easy
66,1,0,0.5138511,False,1,0.8965253,True,1,0.9775274,True,0.96346915,0.5017008,0.7689941,Easy
67,0,0,0.55706215,True,0,0.98854107,True,0,0.9984896,True,0.9609166,0.53421736,0.0,Easy
68,0,0,0.5408825,True,0,0.8965736,True,0,0.850494,True,0.9714179,0.5310057,0.0,Easy
69,1,1,0.5061218,True,0,0.5113488,False,0,0.564527,False,0.9711678,0.5176867,0.7545059,Hard
70,1,1,0.511424,True,1,0.95924324,True,1,0.9905856,True,0.95820296,0.49641848,0.8734042,Easy
71,1,0,0.5226422,False,0,0.505579,False,1,0.91667587,True,0.96931136,0.5173585,0.7967166,Graph_Only
72,0,0,0.546336,True,0,0.98878187,True,0,0.9997799,True,0.9598986,0.5332756,0.8826027,Easy
73,0,0,0.6654332,True,0,0.7593118,True,0,0.96215034,True,0.96523666,0.51432234,0.901391,Easy
74,0,0,0.6710006,True,0,0.73903096,True,0,0.97999406,True,0.9675778,0.5161009,0.9160273,Easy
75,0,0,0.5909957,True,1,0.52031285,False,0,0.51113623,True,0.9718579,0.51137465,0.81061435,Graph_Only
76,0,0,0.66711456,True,1,0.5080507,False,0,0.74850154,True,0.967231,0.5130918,0.802359,Graph_Only
77,1,1,0.5452612,True,1,0.9245336,True,1,0.99669707,True,0.96288884,0.51309633,0.65207297,Easy
78,0,0,0.5539887,True,0,0.94610524,True,0,0.99941623,True,0.9655212,0.5267246,0.87451756,Easy
79,0,0,0.62906766,True,0,0.6100551,True,0,0.9683012,True,0.97026515,0.51511705,0.83072996,Easy
80,1,0,0.574733,False,0,0.5578798,False,1,0.59039557,True,0.9677255,0.5165124,0.80616486,Graph_Only
81,0,0,0.6370763,True,0,0.51021975,True,0,0.9846795,True,0.9660943,0.511673,0.9153574,Easy
82,0,0,0.56501806,True,0,0.9809874,True,0,0.99670094,True,0.96268374,0.5324714,0.8543402,Easy
83,0,0,0.56139636,True,0,0.8104579,True,0,0.96347535,True,0.9679553,0.5172064,0.8566183,Easy
84,1,0,0.5107239,False,1,0.9145646,True,1,0.96422386,True,0.960842,0.5016188,0.89274025,Easy
85,0,0,0.5571456,True,1,0.53592306,False,1,0.5450932,False,0.9670666,0.5154721,0.8229395,Hard
86,0,0,0.5563997,True,0,0.86975557,True,0,0.9185701,True,0.9723151,0.52600884,0.74796206,Easy
87,0,0,0.56541514,True,0,0.957752,True,0,0.99873525,True,0.96392167,0.5281618,0.9366677,Easy
88,1,0,0.5139517,False,1,0.9154471,True,1,0.96213865,True,0.96358645,0.49669954,0.8104762,Easy
89,0,0,0.5786769,True,0,0.95409906,True,0,0.9912676,True,0.9664728,0.52569747,0.884751,Easy
90,0,0,0.53753006,True,1,0.8766907,False,1,0.51906294,False,0.96940506,0.49786666,0.80306244,Hard
91,0,0,0.6475678,True,1,0.6892905,False,0,0.9311994,True,0.9673575,0.50646424,0.81020117,Graph_Only
92,0,0,0.58326894,True,0,0.8176313,True,0,0.99490947,True,0.96687645,0.5138381,0.9020069,Easy
93,0,0,0.60777974,True,0,0.72531766,True,0,0.9960509,True,0.9677198,0.5130098,0.81937146,Easy
94,0,0,0.57633555,True,0,0.9260285,True,0,0.9927376,True,0.9663328,0.52133054,0.8617207,Easy
95,1,1,0.50331384,True,1,0.7362889,True,1,0.9725552,True,0.9732846,0.5113456,0.72325695,Easy
96,0,0,0.6320871,True,0,0.7367775,True,0,0.64465904,True,0.9655826,0.5188468,0.9257897,Easy
97,0,0,0.6326616,True,0,0.6405895,True,0,0.9953067,True,0.9647115,0.51378167,0.90178096,Easy
98,0,0,0.620792,True,0,0.61809015,True,0,0.99205,True,0.9672332,0.5056079,0.9061916,Easy
99,1,0,0.51838315,False,1,0.9366874,True,1,0.9756835,True,0.9605982,0.5064223,0.8090117,Easy
100,0,0,0.56698036,True,0,0.6052147,True,0,0.88948286,True,0.97306406,0.52604455,0.85878193,Easy
101,1,1,0.55483645,True,1,0.5072722,True,1,0.857643,True,0.9720822,0.5127164,0.7697158,Easy
102,0,0,0.5670612,True,0,0.5798744,True,0,0.563362,True,0.97168887,0.51924866,0.0,Easy
103,0,0,0.5709415,True,0,0.85232127,True,0,0.9975962,True,0.9694418,0.5162126,0.89841056,Easy
104,1,0,0.5882095,False,1,0.73164696,True,1,0.5294985,True,0.9660696,0.50084144,0.8841498,Easy
105,1,1,0.52676165,True,1,0.5748008,True,1,0.6270266,True,0.9669583,0.5179277,0.9280926,Easy
106,1,0,0.54730904,False,1,0.7173287,True,1,0.89592946,True,0.96489316,0.5124975,0.92171466,Easy
107,0,0,0.5894187,True,0,0.8000994,True,0,0.94602126,True,0.9711528,0.5216954,0.8677925,Easy
108,0,0,0.5887049,True,0,0.77573323,True,0,0.68359095,True,0.97349757,0.5208902,0.7536613,Easy
109,0,0,0.64263403,True,0,0.6056741,True,0,0.9819858,True,0.9671326,0.51417935,0.9268706,Easy
110,0,1,0.5008927,False,1,0.5077911,False,0,0.5504037,True,0.96932805,0.5180521,0.8429911,Graph_Only
111,1,0,0.55292463,False,0,0.93122387,False,0,0.57861865,False,0.9699955,0.5307065,0.79604733,Hard
112,0,0,0.6358563,True,0,0.78737867,True,0,0.9882585,True,0.96901774,0.5156392,0.88215864,Easy
113,0,0,0.5501098,True,0,0.9805689,True,0,0.9997106,True,0.96092236,0.529102,0.90072566,Easy
114,0,0,0.5761836,True,0,0.9274596,True,0,0.9990426,True,0.96573687,0.5211508,0.9006852,Easy
115,1,0,0.5027705,False,1,0.8479325,True,1,0.9901016,True,0.96466714,0.5091451,0.7298027,Easy
116,0,0,0.52959806,True,0,0.9688631,True,0,0.99909914,True,0.96558374,0.5291933,0.8089974,Easy
117,0,0,0.5627825,True,0,0.9684324,True,0,0.9914608,True,0.965061,0.52594745,0.8593544,Easy
118,1,1,0.52838886,True,1,0.9309221,True,1,0.97000915,True,0.9653431,0.49965182,0.75747514,Easy
119,1,0,0.5991396,False,0,0.77349544,False,0,0.8242295,False,0.96820647,0.5191661,0.8452853,Hard
120,0,0,0.59083366,True,0,0.9108273,True,0,0.995732,True,0.9662117,0.516165,0.930475,Easy
121,0,0,0.6289815,True,0,0.69877964,True,0,0.99705625,True,0.96699715,0.508512,0.8751931,Easy
122,1,1,0.5121785,True,1,0.5985149,True,1,0.9233478,True,0.96752536,0.50802875,0.7834385,Easy
123,1,1,0.51340586,True,1,0.9303662,True,1,0.95711523,True,0.9630866,0.49824148,0.8143794,Easy
124,0,0,0.50349087,True,1,0.5397771,False,0,0.7087755,True,0.9661008,0.5133744,0.9119718,Graph_Only
125,0,0,0.5464158,True,0,0.97530985,True,0,0.9993722,True,0.96342003,0.52873784,0.88732934,Easy
126,0,0,0.56589216,True,0,0.9175903,True,0,0.99906653,True,0.96567273,0.5243415,0.86306477,Easy
127,0,0,0.5827826,True,0,0.845852,True,0,0.9692779,True,0.9676292,0.5194593,0.7923795,Easy
128,0,0,0.59089756,True,1,0.814872,False,0,0.94600207,True,0.9623743,0.49796605,0.91066885,Graph_Only
129,1,0,0.5075101,False,1,0.8962299,True,1,0.9821456,True,0.96230906,0.5012648,0.8238766,Easy
130,0,0,0.5375396,True,0,0.9818995,True,0,0.9995459,True,0.963219,0.53094876,0.91156423,Easy
131,0,0,0.5643799,True,0,0.95930743,True,0,0.9989723,True,0.9650799,0.5217919,0.9022846,Easy
132,1,0,0.59371513,False,0,0.7884977,False,0,0.87819827,False,0.9695893,0.5204407,0.8723272,Hard
133,0,0,0.56931776,True,0,0.8724278,True,0,0.99728525,True,0.9662661,0.518031,0.920815,Easy
134,0,0,0.5776926,True,0,0.975204,True,0,0.9915235,True,0.96623504,0.5315035,0.8314644,Easy
135,1,0,0.5018801,False,1,0.9758572,True,1,0.99481577,True,0.95637983,0.49533328,0.8674827,Easy
136,0,0,0.617484,True,0,0.8072657,True,0,0.9975527,True,0.9661988,0.5134791,0.9111279,Easy
137,0,0,0.56180674,True,0,0.8633784,True,0,0.99218106,True,0.96848696,0.51540124,0.87857103,Easy
138,1,0,0.50105506,False,1,0.9274865,True,1,0.98002666,True,0.9626774,0.50322497,0.74576056,Easy
139,0,0,0.58371407,True,0,0.8195998,True,0,0.99372864,True,0.96603733,0.5189841,0.9363985,Easy
140,0,0,0.60510945,True,0,0.88449246,True,0,0.9982838,True,0.96335113,0.5193374,0.921845,Easy
141,0,0,0.60029763,True,0,0.86779946,True,0,0.9934418,True,0.96821797,0.5196037,0.7194716,Easy
142,1,1,0.5155923,True,1,0.7854708,True,1,0.94977033,True,0.9693957,0.5008571,0.8165791,Easy
143,0,0,0.6148991,True,0,0.840939,True,0,0.976848,True,0.9671953,0.5204664,0.8685051,Easy
144,0,0,0.5799952,True,0,0.92433155,True,0,0.99351466,True,0.96475786,0.5205706,0.94590384,Easy
145,1,0,0.5174363,False,1,0.7568047,True,1,0.8244525,True,0.96457374,0.5059009,0.8238695,Easy
146,1,0,0.5100538,False,1,0.9282782,True,1,0.96235734,True,0.96290535,0.5063295,0.6916897,Easy
147,0,0,0.5777466,True,0,0.91017216,True,0,0.99888235,True,0.96519494,0.5233011,0.9400526,Easy
148,0,0,0.5924298,True,1,0.62213093,False,0,0.9252077,True,0.96411717,0.5099687,0.93346715,Graph_Only
149,0,0,0.6241458,True,0,0.8117526,True,0,0.9921848,True,0.9640242,0.52107984,0.88555,Easy
150,0,0,0.61188537,True,0,0.74194473,True,0,0.7119666,True,0.9707897,0.52091205,0.79431105,Easy
151,0,0,0.53357816,True,0,0.99688715,True,0,0.99965835,True,0.95463634,0.5393343,0.835181,Easy
152,1,1,0.51984954,True,1,0.95603645,True,1,0.9962132,True,0.95937717,0.5106999,0.80215144,Easy
153,0,0,0.5425628,True,0,0.9854197,True,0,0.9993575,True,0.9618846,0.5298287,0.8960689,Easy
154,1,1,0.5234181,True,1,0.91473186,True,1,0.99099696,True,0.9610576,0.5103668,0.9031008,Easy
155,0,0,0.5756293,True,0,0.92903537,True,0,0.9810066,True,0.9654988,0.5277036,0.0,Easy
156,1,1,0.53203905,True,1,0.9341857,True,1,0.99552417,True,0.95964706,0.51032794,0.9223491,Easy
157,0,0,0.5981366,True,0,0.81116724,True,0,0.8976487,True,0.9732238,0.52340055,0.87761784,Easy
158,1,0,0.5311646,False,1,0.5690651,True,1,0.5973174,True,0.9655505,0.5191122,0.8731078,Easy
159,0,0,0.7267709,True,0,0.50963855,True,0,0.9390028,True,0.9701299,0.50978315,0.86952126,Easy
160,1,0,0.5391197,False,1,0.5342396,True,1,0.8469311,True,0.96828866,0.5108584,0.8792681,Easy
161,0,0,0.5108844,True,0,0.5203869,True,1,0.5046384,False,0.96804726,0.5132314,0.9086934,Text_Only
162,0,0,0.5814108,True,0,0.8821387,True,0,0.9981688,True,0.96381205,0.5245589,0.89496183,Easy
163,0,0,0.5671022,True,0,0.9264108,True,0,0.9948908,True,0.9668348,0.5223968,0.8941288,Easy
164,0,0,0.61263734,True,0,0.84161496,True,0,0.9552389,True,0.9709589,0.51905525,0.84078866,Easy
165,0,0,0.5724991,True,0,0.83510274,True,0,0.97138894,True,0.9718608,0.5148267,0.8966023,Easy
166,0,0,0.58655345,True,0,0.8821031,True,0,0.997174,True,0.96680677,0.51363564,0.8909987,Easy
167,0,0,0.61704916,True,0,0.8452613,True,0,0.9923343,True,0.96707016,0.52357006,0.0,Easy
168,0,0,0.54982024,True,0,0.98679733,True,0,0.9994235,True,0.96189976,0.53320926,0.86107147,Easy
169,0,0,0.5081315,True,1,0.66493905,False,0,0.7648979,True,0.9683597,0.5149439,0.8195425,Graph_Only
170,0,0,0.64466923,True,1,0.6239124,False,0,0.966917,True,0.9650917,0.5011702,0.918982,Graph_Only
171,0,0,0.5393272,True,0,0.9429166,True,0,0.9989409,True,0.9653165,0.520263,0.8612945,Easy
172,0,0,0.6450261,True,0,0.5166811,True,0,0.7464341,True,0.9685061,0.5132258,0.85012263,Easy
173,0,0,0.55054384,True,0,0.9831064,True,0,0.99848515,True,0.96237606,0.52921027,0.9155266,Easy
174,0,0,0.6469804,True,1,0.6556656,False,0,0.9941654,True,0.96618044,0.50628054,0.8184122,Graph_Only
175,1,0,0.5015605,False,1,0.82538277,True,1,0.9745361,True,0.96516615,0.5040889,0.7920327,Easy
176,0,0,0.5230164,True,1,0.7517341,False,0,0.527862,True,0.9675126,0.5004255,0.8805213,Graph_Only
177,1,1,0.53791845,True,1,0.87993735,True,1,0.9913526,True,0.9634977,0.5022968,0.87177116,Easy
178,0,0,0.6022559,True,1,0.6194549,False,0,0.5527999,True,0.9655185,0.5131034,0.8209904,Graph_Only
179,0,0,0.611458,True,0,0.7599665,True,0,0.98665047,True,0.97039366,0.51216173,0.8842442,Easy
180,1,1,0.52231556,True,1,0.5818508,True,0,0.51350707,False,0.9687367,0.5161685,0.7580607,Text_Only
181,0,0,0.6184322,True,0,0.763269,True,0,0.9826094,True,0.9694179,0.51606435,0.8792373,Easy
182,1,1,0.50011045,True,1,0.9600518,True,1,0.9641822,True,0.96070135,0.49409407,0.81464887,Easy
183,0,0,0.5899198,True,0,0.92287713,True,0,0.9976547,True,0.9641359,0.5253995,0.92937326,Easy
184,0,0,0.5582222,True,0,0.96179414,True,0,0.9982541,True,0.9638254,0.5247869,0.8515344,Easy
185,0,1,0.51350665,False,1,0.5520095,False,0,0.5399084,True,0.9692966,0.508904,0.897187,Graph_Only
186,0,0,0.6367495,True,0,0.7441066,True,0,0.997399,True,0.96442544,0.5177028,0.9317453,Easy
187,1,0,0.5049494,False,1,0.8560882,True,1,0.9206835,True,0.96197665,0.5055078,0.88915265,Easy
188,0,0,0.5478277,True,0,0.50666094,True,0,0.74107397,True,0.96934605,0.51981646,0.8378039,Easy
189,0,0,0.7185691,True,0,0.6230657,True,0,0.9572653,True,0.96545804,0.51178956,0.9388089,Easy
190,0,0,0.58230776,True,0,0.8628163,True,0,0.99775094,True,0.96470153,0.51850355,0.81480944,Easy
191,0,0,0.57607996,True,0,0.9575301,True,0,0.9944727,True,0.9652988,0.5282631,0.86445975,Easy
192,0,0,0.60948145,True,0,0.52320683,True,0,0.9083985,True,0.96995366,0.51601917,0.8262666,Easy
193,0,0,0.5978799,True,0,0.7402356,True,0,0.9858414,True,0.96516025,0.5141697,0.86436164,Easy
194,1,1,0.50100476,True,1,0.6354056,True,1,0.8048667,True,0.9644581,0.51103264,0.86272275,Easy
195,0,0,0.59828675,True,1,0.747808,False,0,0.919497,True,0.9665456,0.49745494,0.8670877,Graph_Only
196,0,1,0.5154023,False,0,0.6002778,True,1,0.6459836,False,0.96831477,0.51000714,0.8269374,Text_Only
197,0,0,0.5935494,True,0,0.85641396,True,0,0.9976381,True,0.96496975,0.51641846,0.93689215,Easy
198,0,0,0.60756344,True,0,0.77969223,True,0,0.9612167,True,0.9715147,0.52159023,0.86385703,Easy
199,0,0,0.52948195,True,0,0.9788263,True,0,0.9996673,True,0.96362805,0.53229344,0.8601893,Easy
200,1,0,0.5190568,False,1,0.8699662,True,1,0.94275653,True,0.96451205,0.49963078,0.8335315,Easy
201,0,0,0.63870287,True,0,0.6622536,True,0,0.94268197,True,0.9668865,0.51674294,0.88018274,Easy
202,0,0,0.5598266,True,0,0.93129635,True,0,0.998589,True,0.96605515,0.5243287,0.91434634,Easy
203,0,0,0.6232312,True,0,0.73809516,True,0,0.97118324,True,0.9665818,0.5214208,0.87593806,Easy
204,0,0,0.52881825,True,0,0.9544519,True,0,0.8321695,True,0.9682248,0.5312348,0.0,Easy
205,0,0,0.56243634,True,0,0.9547041,True,0,0.9842829,True,0.9659863,0.5303298,0.0,Easy
206,0,0,0.55687886,True,0,0.9688117,True,0,0.9995436,True,0.9643191,0.5253244,0.91988295,Easy
207,1,1,0.5096225,True,1,0.8296278,True,1,0.8054422,True,0.96959376,0.50664043,0.7462643,Easy
208,0,0,0.53755033,True,0,0.92912334,True,0,0.994155,True,0.9695512,0.5229366,0.8588215,Easy
209,0,0,0.54556346,True,0,0.98844784,True,0,0.9994899,True,0.96037483,0.5337597,0.89781624,Easy
210,0,0,0.5563049,True,0,0.8493227,True,0,0.9943581,True,0.9707024,0.51533586,0.8764465,Easy
211,0,0,0.5672579,True,0,0.86432046,True,0,0.99764544,True,0.968642,0.5192074,0.9109522,Easy
212,0,0,0.56229794,True,0,0.9736859,True,0,0.9993042,True,0.96248055,0.5302208,0.90125704,Easy
213,0,0,0.5901418,True,0,0.80733114,True,0,0.8471233,True,0.97299856,0.51958174,0.90022624,Easy
214,0,0,0.5911013,True,0,0.9217528,True,0,0.9989152,True,0.96455586,0.52152544,0.90872383,Easy
215,0,0,0.5563442,True,0,0.96661544,True,0,0.99896276,True,0.9635285,0.5290051,0.8912418,Easy
216,0,0,0.5293012,True,0,0.9293987,True,0,0.99909854,True,0.96502984,0.519686,0.8953707,Easy
217,0,0,0.549645,True,0,0.9835803,True,0,0.99965,True,0.96103835,0.52924365,0.89175224,Easy
218,0,0,0.5509217,True,0,0.98971575,True,0,0.9990079,True,0.96141315,0.52716804,0.89309454,Easy
219,0,0,0.55865014,True,0,0.9764025,True,0,0.9995353,True,0.963948,0.527518,0.890935,Easy
220,0,0,0.5602086,True,0,0.97739077,True,0,0.9992507,True,0.9650613,0.5295001,0.8205228,Easy
221,0,0,0.589242,True,1,0.50972956,False,0,0.9310294,True,0.96520394,0.5075267,0.93890953,Graph_Only
222,1,0,0.5016008,False,1,0.9726164,True,1,0.99283135,True,0.96152747,0.49142933,0.7720278,Easy
223,0,0,0.626495,True,0,0.67033714,True,0,0.9849948,True,0.9672121,0.51320773,0.8874258,Easy
224,0,0,0.57544774,True,0,0.8791878,True,0,0.9987317,True,0.96518993,0.51708096,0.89552224,Easy
225,0,0,0.56745476,True,0,0.9660727,True,0,0.99877876,True,0.9633749,0.5263989,0.8911733,Easy
226,0,0,0.57461834,True,0,0.95237374,True,0,0.9981864,True,0.9656944,0.52454287,0.86160356,Easy
227,0,0,0.6007826,True,0,0.90608674,True,0,0.99276406,True,0.965727,0.52157843,0.95240843,Easy
228,0,0,0.5773008,True,0,0.90694016,True,0,0.9981026,True,0.9661193,0.5225643,0.9039999,Easy
229,1,0,0.556058,False,0,0.86928535,False,0,0.98831964,False,0.9709068,0.51582307,0.88912976,Hard
230,0,0,0.6440741,True,0,0.63289344,True,0,0.9920176,True,0.97189355,0.50843155,0.81397164,Easy
231,0,0,0.5201233,True,0,0.6881402,True,1,0.68825865,False,0.9692739,0.5251565,0.8827527,Text_Only
232,1,0,0.5520773,False,1,0.71335435,True,0,0.6337563,False,0.9662931,0.49945894,0.90527254,Text_Only
233,0,0,0.55346954,True,0,0.9351236,True,0,0.99867237,True,0.9670561,0.52213687,0.85704494,Easy
234,0,0,0.5640347,True,0,0.96773994,True,0,0.9990671,True,0.9628669,0.5266815,0.90521616,Easy
235,0,1,0.51857173,False,1,0.6260923,False,0,0.5314639,True,0.96714556,0.5107115,0.8088965,Graph_Only
236,0,0,0.53398407,True,0,0.9587913,True,0,0.99902725,True,0.96322215,0.5259821,0.8940629,Easy
237,0,0,0.6273057,True,0,0.7383241,True,0,0.9927698,True,0.96535194,0.5142305,0.94361097,Easy
238,0,0,0.54149413,True,0,0.62642884,True,1,0.7081023,False,0.96630585,0.52297634,0.79210055,Text_Only
239,0,0,0.5389403,True,0,0.95107865,True,0,0.99871945,True,0.9665544,0.5271827,0.9177954,Easy
240,0,0,0.57341874,True,0,0.95508903,True,0,0.9990299,True,0.9647132,0.5245184,0.8986109,Easy
241,0,0,0.58297384,True,0,0.8558259,True,0,0.9029652,True,0.9713125,0.51373374,0.85429686,Easy
242,1,1,0.5263168,True,1,0.9593192,True,1,0.996702,True,0.95824444,0.5115276,0.8367146,Easy
243,0,0,0.5656536,True,0,0.9618642,True,0,0.999469,True,0.9632229,0.52411836,0.8944719,Easy
244,0,0,0.54936343,True,0,0.94982946,True,0,0.9978089,True,0.9673836,0.5237899,0.87139255,Easy
245,0,0,0.56236476,True,0,0.9650048,True,0,0.9986399,True,0.9642142,0.5253845,0.92307794,Easy
246,0,0,0.60241675,True,0,0.90026355,True,0,0.9870749,True,0.9659376,0.5200741,0.8805691,Easy
247,1,1,0.50168896,True,1,0.8712781,True,1,0.9344321,True,0.96407694,0.507585,0.8988824,Easy
248,1,0,0.5085976,False,1,0.8990169,True,1,0.9506678,True,0.96826303,0.5010842,0.69271046,Easy
249,0,0,0.5449355,True,0,0.98320824,True,0,0.9961611,True,0.96364653,0.53330874,0.0,Easy
250,0,0,0.5885844,True,0,0.92155904,True,0,0.9973218,True,0.9670483,0.52003896,0.8859038,Easy
251,1,0,0.52046067,False,1,0.9673913,True,1,0.96591824,True,0.96204543,0.49436364,0.72359896,Easy
252,0,0,0.6127799,True,0,0.66316694,True,0,0.97860503,True,0.96807814,0.51425844,0.86174774,Easy
253,0,0,0.5515946,True,0,0.9338056,True,0,0.9877345,True,0.96741974,0.52448004,0.0,Easy
254,0,0,0.57536775,True,0,0.9181191,True,0,0.9980495,True,0.964127,0.5200296,0.8113676,Easy
255,0,0,0.589333,True,0,0.8782696,True,0,0.9916564,True,0.96700454,0.520649,0.91427785,Easy
256,0,0,0.5371978,True,0,0.9799146,True,0,0.996748,True,0.9647964,0.53030616,0.8890821,Easy
257,1,0,0.56349343,False,0,0.7472658,False,1,0.6418385,True,0.971843,0.5239676,0.8048439,Graph_Only
258,0,0,0.54968345,True,0,0.93902135,True,0,0.99366635,True,0.9647358,0.52456844,0.8774839,Easy
259,0,0,0.6398384,True,0,0.759827,True,0,0.9956638,True,0.9670191,0.5192084,0.88196033,Easy
260,0,0,0.5818245,True,0,0.93734366,True,0,0.99896204,True,0.96531594,0.5253006,0.9137025,Easy
261,0,0,0.56141675,True,0,0.9815029,True,0,0.9991473,True,0.961473,0.53111225,0.8693614,Easy
262,0,0,0.6758971,True,1,0.5581424,False,0,0.9096685,True,0.96716225,0.5078856,0.8596264,Graph_Only
263,1,0,0.53522414,False,1,0.92717206,True,1,0.6386046,True,0.9653724,0.49497762,0.75445324,Easy
264,0,0,0.5780606,True,0,0.8953545,True,0,0.99883705,True,0.96424794,0.51860994,0.912905,Easy
265,0,0,0.5876101,True,0,0.87205034,True,0,0.9306485,True,0.9701152,0.5242495,0.82639384,Easy
266,0,0,0.5631173,True,0,0.921736,True,0,0.99564916,True,0.96859956,0.51869583,0.9035412,Easy
267,0,0,0.58606297,True,0,0.8401332,True,0,0.8642665,True,0.9683737,0.52115744,0.89510846,Easy
268,0,0,0.5400169,True,0,0.8894882,True,0,0.99923635,True,0.9701568,0.5279099,0.85904205,Easy
269,1,1,0.52658206,True,1,0.7812151,True,1,0.8174438,True,0.9661495,0.50612414,0.8188143,Easy
270,0,0,0.54172105,True,0,0.9924331,True,0,0.99982315,True,0.95799637,0.53088063,0.9093844,Easy
271,0,0,0.5759742,True,0,0.9703113,True,0,0.99458885,True,0.96580327,0.5295613,0.8583423,Easy
272,0,0,0.590012,True,0,0.8935917,True,0,0.9989434,True,0.9666927,0.51814103,0.87877846,Easy
273,0,0,0.56360376,True,0,0.96725535,True,0,0.99390703,True,0.9659116,0.5261247,0.9081899,Easy
274,1,0,0.56063867,False,1,0.6128318,True,0,0.540427,False,0.9672807,0.5131428,0.79485327,Text_Only
275,0,0,0.5526891,True,0,0.97089165,True,0,0.9990062,True,0.9644197,0.52318525,0.8949589,Easy
276,0,0,0.6023931,True,0,0.8644272,True,0,0.93033004,True,0.96712965,0.5207796,0.83766556,Easy
277,0,0,0.58594084,True,0,0.914776,True,0,0.99828404,True,0.9673824,0.5174144,0.91097987,Easy
278,0,0,0.6597789,True,0,0.75111663,True,0,0.9973917,True,0.96504295,0.5188755,0.9112413,Easy
279,0,0,0.54064864,True,0,0.9953003,True,0,0.9997056,True,0.9572165,0.53294206,0.8983687,Easy
280,0,0,0.5664349,True,0,0.9701442,True,0,0.9994591,True,0.96358895,0.5244999,0.89963925,Easy
281,0,0,0.5368351,True,0,0.9914328,True,0,0.9955096,True,0.9617294,0.5353133,0.7791489,Easy
282,0,0,0.57533485,True,0,0.780073,True,0,0.9400465,True,0.9709076,0.52493966,0.8933999,Easy
283,1,0,0.60298824,False,1,0.55218095,True,1,0.60603744,True,0.9682861,0.5110057,0.8658085,Easy
284,1,1,0.50080305,True,1,0.93940043,True,1,0.99327624,True,0.96038854,0.50450724,0.8071463,Easy
285,0,0,0.63029057,True,0,0.579935,True,0,0.9517412,True,0.9715576,0.51930207,0.81560016,Easy
286,0,0,0.57215106,True,0,0.8542532,True,0,0.8187226,True,0.97268915,0.52607995,0.8670032,Easy
287,1,1,0.51476693,True,1,0.7259333,True,1,0.9258926,True,0.96795154,0.50531936,0.9093216,Easy
288,1,1,0.5053592,True,1,0.95326316,True,1,0.9877329,True,0.964973,0.50272584,0.7106104,Easy
289,1,0,0.51714385,False,1,0.8118449,True,1,0.91365296,True,0.9645877,0.4990894,0.85455906,Easy
290,0,0,0.5244179,True,0,0.98964053,True,0,0.99947363,True,0.9609141,0.5309818,0.83137584,Easy
291,0,0,0.55602086,True,0,0.95197237,True,0,0.81151605,True,0.96687436,0.5248941,0.8948216,Easy
292,1,1,0.5088327,True,1,0.79577076,True,1,0.94505066,True,0.965672,0.5139937,0.91442007,Easy
293,1,1,0.5240801,True,0,0.63322926,False,1,0.93935233,True,0.9694114,0.5124957,0.81145513,Graph_Only
294,1,1,0.5325589,True,1,0.84047836,True,1,0.9259729,True,0.9651619,0.5006621,0.8861588,Easy
295,1,1,0.5330843,True,1,0.9330069,True,1,0.9759822,True,0.96181417,0.49047434,0.7532555,Easy
296,1,0,0.51965564,False,1,0.7837583,True,1,0.9247229,True,0.96647525,0.50284433,0.8448849,Easy
297,0,0,0.56342405,True,0,0.96227175,True,0,0.9958456,True,0.9654866,0.52103215,0.91999245,Easy
298,1,0,0.50471216,False,1,0.9404478,True,1,0.98474544,True,0.95980334,0.5052307,0.7858236,Easy
299,0,0,0.582236,True,0,0.95237225,True,0,0.9759458,True,0.9673876,0.5311188,0.8096307,Easy
300,0,0,0.5602015,True,0,0.965685,True,0,0.99849427,True,0.9636071,0.5290812,0.89434314,Easy
301,1,0,0.50376236,False,1,0.957637,True,1,0.9830839,True,0.9593957,0.5046201,0.82099855,Easy
302,0,1,0.519465,False,1,0.5300192,False,0,0.635966,True,0.9693097,0.51387334,0.85497844,Graph_Only
303,0,0,0.5357985,True,0,0.9391713,True,0,0.9948486,True,0.9685168,0.52774197,0.89207196,Easy
304,0,0,0.5485213,True,0,0.964443,True,0,0.99968255,True,0.9632866,0.52435195,0.90577674,Easy
305,1,1,0.50994694,True,1,0.6119042,True,1,0.8552283,True,0.9709423,0.5136932,0.8405347,Easy
306,1,1,0.527175,True,1,0.5742678,True,0,0.6657092,False,0.9693556,0.5118683,0.7982053,Text_Only
307,0,0,0.6200432,True,0,0.7174121,True,0,0.9715978,True,0.9660443,0.5205245,0.8994159,Easy
308,0,1,0.5424902,False,1,0.8236599,False,1,0.78778714,False,0.96498764,0.5053988,0.83047503,Hard
309,0,0,0.56884027,True,0,0.94358104,True,0,0.9986883,True,0.9636671,0.52415836,0.9171129,Easy
310,1,0,0.5021171,False,1,0.8102028,True,1,0.9165192,True,0.9639611,0.514564,0.8120106,Easy
311,0,0,0.5513705,True,1,0.70277655,False,0,0.86412084,True,0.9649529,0.49841744,0.9283805,Graph_Only
312,0,0,0.54327893,True,0,0.9232561,True,0,0.99849904,True,0.9672905,0.52191067,0.89702225,Easy
313,0,0,0.57799214,True,0,0.93805456,True,0,0.9992617,True,0.96358514,0.5260653,0.8888873,Easy
314,0,0,0.6093281,True,0,0.67207277,True,0,0.8610195,True,0.9718519,0.518491,0.7855052,Easy
315,0,0,0.5717036,True,0,0.95625913,True,0,0.99342304,True,0.96581113,0.5240532,0.93223745,Easy
316,0,0,0.61836207,True,0,0.74288404,True,0,0.9723849,True,0.9731014,0.51220334,0.8813014,Easy
317,0,0,0.54476756,True,0,0.9823186,True,0,0.9993793,True,0.9618404,0.5310333,0.88579303,Easy
318,0,0,0.62523204,True,0,0.5947693,True,0,0.8639679,True,0.9727676,0.5144454,0.8723716,Easy
319,0,0,0.53016126,True,0,0.98692584,True,0,0.9992773,True,0.96206784,0.53113925,0.84087104,Easy
320,1,1,0.5285315,True,1,0.7657604,True,1,0.94454926,True,0.96488196,0.501295,0.9081801,Easy
321,1,1,0.5249937,True,1,0.91764605,True,1,0.9942358,True,0.9630517,0.50656253,0.6826309,Easy
322,0,0,0.5438966,True,0,0.94507974,True,0,0.99808204,True,0.96466327,0.5229954,0.8977132,Easy
323,0,0,0.5803938,True,0,0.95280266,True,0,0.97821635,True,0.96597946,0.52439404,0.9067699,Easy
324,1,0,0.5357593,False,1,0.63003165,True,0,0.77349263,False,0.9700041,0.51164705,0.0,Text_Only
325,1,0,0.52119774,False,1,0.622439,True,1,0.5117012,True,0.9711402,0.5059247,0.7566774,Easy
326,0,0,0.59547615,True,1,0.55437505,False,0,0.990338,True,0.97115827,0.5102203,0.88951373,Graph_Only
327,1,0,0.5199875,False,1,0.51845497,True,1,0.9419748,True,0.96948445,0.5202064,0.7051255,Easy
328,1,0,0.517007,False,1,0.7088152,True,1,0.6311537,True,0.96320975,0.50688636,0.91241056,Easy
329,0,0,0.66844803,True,1,0.57887816,False,0,0.9982253,True,0.96441156,0.50399446,0.87159103,Graph_Only
330,0,0,0.6316139,True,0,0.5614676,True,0,0.6287842,True,0.9684882,0.51614106,0.8556218,Easy
331,0,0,0.52635354,True,1,0.6437508,False,1,0.5731998,False,0.9671062,0.511879,0.85241556,Hard
332,1,1,0.50172216,True,1,0.85827154,True,1,0.7204766,True,0.9663279,0.499196,0.88417816,Easy
333,0,0,0.70250154,True,1,0.5700339,False,0,0.92952025,True,0.9685804,0.5025861,0.8782774,Graph_Only
334,0,0,0.5469341,True,0,0.9635598,True,0,0.9992706,True,0.9640273,0.5292022,0.882863,Easy
335,0,0,0.54738015,True,0,0.9947968,True,0,0.9995073,True,0.9567572,0.5363386,0.92500186,Easy
336,1,0,0.5108854,False,1,0.9173733,True,1,0.8896157,True,0.9659931,0.4961737,0.7434402,Easy
337,0,0,0.5680107,True,0,0.96650887,True,0,0.99904007,True,0.96252966,0.5314658,0.9061565,Easy
338,0,0,0.5978923,True,1,0.7501789,False,1,0.53627205,False,0.9654666,0.5053469,0.83062387,Hard
339,1,0,0.6584391,False,0,0.677115,False,0,0.92835754,False,0.96919906,0.5136731,0.88725734,Hard
340,0,0,0.621972,True,0,0.80975413,True,0,0.98688656,True,0.9661855,0.5166714,0.9263915,Easy
341,0,0,0.55692106,True,0,0.9692226,True,0,0.9994331,True,0.9631511,0.5278454,0.9134351,Easy
342,1,0,0.51545686,False,1,0.5935176,True,1,0.7853411,True,0.9712168,0.50660634,0.86070126,Easy
343,0,0,0.692028,True,1,0.58786225,False,0,0.9569933,True,0.96625054,0.5041743,0.8893951,Graph_Only
344,0,0,0.5434374,True,0,0.8973779,True,0,0.9985843,True,0.9646639,0.52099425,0.8469304,Easy
345,0,0,0.5353876,True,0,0.9795694,True,0,0.99910873,True,0.9626706,0.5275292,0.86175954,Easy
346,1,0,0.5182064,False,1,0.83812577,True,1,0.6606917,True,0.96442616,0.49417093,0.851128,Easy
347,0,0,0.5571252,True,0,0.9788405,True,0,0.9993149,True,0.96185005,0.5265438,0.8979585,Easy
348,0,0,0.5257171,True,0,0.9231377,True,0,0.99589324,True,0.9679008,0.5166755,0.914981,Easy
349,1,1,0.51664764,True,1,0.9410885,True,1,0.9791469,True,0.9641249,0.49998143,0.83255875,Easy
350,0,0,0.55802184,True,0,0.94070786,True,0,0.9986094,True,0.966342,0.5287401,0.79167676,Easy
351,0,0,0.608714,True,0,0.8297189,True,0,0.98337424,True,0.9669991,0.5192203,0.89077514,Easy
352,0,0,0.59176695,True,0,0.6348184,True,0,0.9747184,True,0.96972287,0.5062805,0.88911396,Easy
353,0,0,0.6259606,True,0,0.8327733,True,0,0.99648917,True,0.9667766,0.51432264,0.8895345,Easy
354,0,0,0.5301337,True,1,0.578586,False,1,0.66610014,False,0.96944803,0.50509095,0.0,Hard
355,0,0,0.65687513,True,0,0.6063764,True,0,0.94110185,True,0.9708953,0.5105172,0.88270164,Easy
356,0,0,0.58323,True,1,0.6511893,False,0,0.70570767,True,0.97036433,0.50106233,0.78803223,Graph_Only
357,0,0,0.5486303,True,0,0.97723436,True,0,0.99970216,True,0.9616442,0.53058076,0.8962129,Easy
358,1,0,0.52458215,False,1,0.6536101,True,1,0.5334038,True,0.96961033,0.5035969,0.79059887,Easy
359,0,0,0.5768707,True,0,0.77629113,True,0,0.9985442,True,0.9707914,0.5176844,0.8862598,Easy
360,0,0,0.5569285,True,1,0.52536786,False,1,0.5868431,False,0.9685843,0.5134741,0.92837846,Hard
361,0,0,0.55497164,True,0,0.83194846,True,0,0.9900941,True,0.9700245,0.51205236,0.8823235,Easy
362,1,1,0.536278,True,1,0.88508546,True,1,0.90973675,True,0.9638013,0.49428335,0.8966473,Easy
363,1,0,0.57716894,False,0,0.5684261,False,0,0.7329414,False,0.9678354,0.5178774,0.8550792,Hard
364,1,0,0.50330615,False,0,0.61731434,False,1,0.5691025,True,0.9676497,0.52014965,0.86807364,Graph_Only
365,0,0,0.5552643,True,0,0.9913248,True,0,0.9991617,True,0.9598031,0.53277135,0.8995786,Easy
366,1,0,0.50960696,False,1,0.7659058,True,1,0.7476309,True,0.9680842,0.50991666,0.8732649,Easy
367,1,1,0.5091704,True,1,0.95005107,True,1,0.9909203,True,0.9640249,0.4977568,0.7723909,Easy
368,0,1,0.5375099,False,1,0.54988056,False,1,0.510721,False,0.96993375,0.5128794,0.7921816,Hard
369,0,0,0.5301742,True,1,0.6789546,False,0,0.76382816,True,0.9644242,0.5029958,0.83390754,Graph_Only
370,1,1,0.5018364,True,1,0.62254506,True,1,0.8759003,True,0.968565,0.5151203,0.7744771,Easy
371,0,0,0.6488417,True,0,0.58619267,True,0,0.96293354,True,0.96942997,0.51895577,0.88512576,Easy
372,0,0,0.5558433,True,0,0.94535464,True,0,0.99845517,True,0.96396434,0.52804375,0.92303574,Easy
373,0,1,0.537988,False,1,0.7999453,False,1,0.9629928,False,0.9656139,0.5115902,0.8120397,Hard
374,0,0,0.60662544,True,1,0.9039481,False,0,0.9331203,True,0.96414876,0.4873789,0.7925963,Graph_Only
375,0,0,0.524806,True,1,0.85378027,False,1,0.8719184,False,0.9640527,0.5062427,0.8089014,Hard
376,1,1,0.5192332,True,1,0.78680277,True,1,0.7352067,True,0.9670597,0.4971888,0.82746446,Easy
377,1,0,0.5102465,False,1,0.9416499,True,1,0.94695497,True,0.96059346,0.4932087,0.71634483,Easy
378,0,0,0.5449173,True,0,0.94479614,True,0,0.9960542,True,0.9679625,0.5224499,0.90327144,Easy
379,0,0,0.53649855,True,0,0.963927,True,0,0.9993586,True,0.96655536,0.529763,0.84464204,Easy
380,1,1,0.55892736,True,1,0.7976197,True,1,0.8773178,True,0.9689893,0.5085338,0.80538166,Easy
381,0,0,0.65594697,True,0,0.7154546,True,0,0.99246055,True,0.967934,0.50763506,0.9261948,Easy
382,1,1,0.5042559,True,1,0.9567285,True,1,0.9642754,True,0.96359015,0.49621737,0.81046677,Easy
383,1,1,0.5190871,True,1,0.77975327,True,1,0.98778486,True,0.9646417,0.5109015,0.76170695,Easy
384,0,0,0.56081074,True,0,0.83761585,True,0,0.99509203,True,0.96813214,0.5148166,0.86448944,Easy
385,0,0,0.6650997,True,0,0.5560299,True,0,0.9248835,True,0.96546805,0.5133226,0.879027,Easy
386,0,0,0.53985035,True,0,0.9565225,True,0,0.99859625,True,0.96594155,0.52322793,0.9034786,Easy
387,0,0,0.6301623,True,0,0.79925853,True,0,0.98218095,True,0.9675138,0.51687646,0.86714816,Easy
388,1,1,0.50756854,True,1,0.8746476,True,1,0.984535,True,0.9625908,0.5011261,0.76059055,Easy
389,0,0,0.6575069,True,0,0.5550914,True,0,0.92292416,True,0.9679837,0.5141758,0.8152312,Easy
390,1,1,0.50480825,True,1,0.6435517,True,1,0.9305237,True,0.96921706,0.509382,0.9088105,Easy
391,0,0,0.58927375,True,0,0.7655881,True,0,0.98941946,True,0.9701927,0.5126608,0.85494745,Easy
392,0,0,0.55589014,True,0,0.9198848,True,0,0.8524301,True,0.9658815,0.5277645,0.88774097,Easy
393,1,0,0.6698845,False,0,0.53787166,False,0,0.7029225,False,0.9692138,0.5084965,0.8626419,Hard
394,0,0,0.5854748,True,0,0.92508775,True,0,0.9985056,True,0.9664333,0.520234,0.9078518,Easy
395,1,0,0.52012736,False,1,0.7630218,True,1,0.75561565,True,0.96741307,0.49778715,0.75255775,Easy
396,1,0,0.5435389,False,1,0.57640946,True,1,0.74073833,True,0.9663513,0.5175778,0.84098345,Easy
397,1,1,0.5147722,True,1,0.9799978,True,1,0.9981193,True,0.9585734,0.4955828,0.76676583,Easy
398,0,0,0.5799945,True,0,0.9610699,True,0,0.9990866,True,0.9647082,0.52062625,0.9028349,Easy
399,0,0,0.56441355,True,0,0.98407805,True,0,0.99733835,True,0.96342134,0.5288528,0.8658807,Easy
400,1,0,0.58195895,False,1,0.8880258,True,0,0.73019093,False,0.9675908,0.4914326,0.8221197,Text_Only
401,0,0,0.5843501,True,1,0.5316901,False,0,0.8880197,True,0.96904767,0.5200299,0.8779528,Graph_Only
402,1,0,0.54678506,False,1,0.8350386,True,0,0.6943803,False,0.96674794,0.49463117,0.8447716,Text_Only
403,0,0,0.5415293,True,0,0.8607211,True,0,0.993255,True,0.96807516,0.51650655,0.8038552,Easy
404,1,1,0.5039964,True,0,0.70945543,False,1,0.91906726,True,0.96893096,0.51759076,0.9278996,Graph_Only
405,0,0,0.59828204,True,0,0.8406941,True,0,0.84021235,True,0.97305644,0.52107763,0.9061096,Easy
406,0,0,0.592253,True,0,0.5604286,True,0,0.91340554,True,0.9703405,0.52456677,0.74105793,Easy
407,0,0,0.6003966,True,0,0.70151347,True,0,0.99062085,True,0.9696569,0.50886714,0.8608986,Easy
408,0,0,0.59560937,True,0,0.8707576,True,0,0.997569,True,0.9675678,0.51490754,0.90992045,Easy
409,0,0,0.60627353,True,0,0.7515097,True,0,0.98734343,True,0.9710164,0.51261115,0.8139435,Easy
410,0,0,0.62342477,True,0,0.5205692,True,0,0.9591043,True,0.9684063,0.5122119,0.74923724,Easy
411,1,0,0.5043084,False,1,0.974245,True,1,0.99024487,True,0.9612754,0.49657682,0.79048216,Easy
412,0,0,0.6594501,True,0,0.56414247,True,0,0.9930167,True,0.96602005,0.5075282,0.89372504,Easy
413,0,0,0.60369354,True,0,0.6948018,True,0,0.8610677,True,0.9669801,0.52337927,0.9477326,Easy
414,1,1,0.52961904,True,1,0.9297048,True,1,0.9973947,True,0.9623331,0.50438046,0.7757825,Easy
415,0,0,0.53276724,True,0,0.98265934,True,0,0.9996582,True,0.96112275,0.5304329,0.8373848,Easy
416,1,1,0.5135942,True,1,0.8428721,True,1,0.9853099,True,0.96794266,0.5042674,0.8166634,Easy
417,0,0,0.5549253,True,0,0.9834737,True,0,0.9995266,True,0.96107334,0.52633256,0.92577267,Easy
418,1,0,0.5041135,False,1,0.6984921,True,1,0.8518611,True,0.9646638,0.5091978,0.76482654,Easy
419,0,0,0.68549204,True,0,0.5505285,True,0,0.9894454,True,0.96616864,0.50800997,0.9058958,Easy
420,1,0,0.5224776,False,1,0.89156324,True,1,0.84606946,True,0.96646655,0.49527785,0.84645355,Easy
421,1,1,0.5170323,True,1,0.8975398,True,1,0.9768217,True,0.9663041,0.496396,0.8434091,Easy
422,1,0,0.55174977,False,0,0.5328648,False,1,0.8371772,True,0.9724574,0.51710504,0.7311131,Graph_Only
423,0,0,0.5644898,True,0,0.9124817,True,0,0.9985642,True,0.9662484,0.52380276,0.914014,Easy
424,1,1,0.53337026,True,1,0.9394044,True,1,0.98635024,True,0.9643137,0.5070423,0.8665108,Easy
425,1,0,0.56721604,False,1,0.68571985,True,0,0.6317778,False,0.9666321,0.50299335,0.82792985,Text_Only
426,0,0,0.6066143,True,0,0.5713889,True,0,0.855941,True,0.9699088,0.5242719,0.9027405,Easy
427,0,0,0.5673087,True,0,0.78452957,True,0,0.9781674,True,0.96991307,0.51243037,0.84056497,Easy
428,0,0,0.5351787,True,0,0.9871689,True,0,0.9950363,True,0.96396756,0.52778864,0.86502105,Easy
429,0,0,0.540947,True,1,0.5626267,False,1,0.62547976,False,0.9641993,0.52265215,0.8354161,Hard
430,1,1,0.57112586,True,1,0.7738908,True,1,0.7414155,True,0.9691193,0.5112254,0.86593664,Easy
431,1,1,0.533328,True,0,0.53470725,False,0,0.6275595,False,0.9691744,0.5240508,0.8692104,Hard
432,1,1,0.5299554,True,1,0.8888504,True,1,0.96505994,True,0.96697617,0.49853504,0.7215776,Easy
433,0,0,0.5557836,True,0,0.963919,True,0,0.99900407,True,0.9644259,0.5219479,0.8718047,Easy
434,0,0,0.68166995,True,0,0.6604296,True,0,0.97046286,True,0.96567774,0.51388294,0.92958164,Easy
435,0,0,0.5667449,True,0,0.96003264,True,0,0.9994898,True,0.96420884,0.5237064,0.9229113,Easy
436,0,0,0.62333167,True,0,0.675007,True,0,0.9379506,True,0.9681279,0.51519656,0.85428476,Easy
437,0,0,0.59569985,True,0,0.90316975,True,0,0.9597561,True,0.96913004,0.5245546,0.76292384,Easy
438,1,0,0.52913886,False,1,0.6156431,True,1,0.8321387,True,0.9669032,0.5171156,0.8621528,Easy
439,0,0,0.6903589,True,0,0.50983644,True,0,0.982053,True,0.96604836,0.5084045,0.8644974,Easy
440,0,0,0.57465833,True,0,0.74385333,True,0,0.9966779,True,0.9674581,0.5072725,0.9363805,Easy
441,0,0,0.56124574,True,0,0.97135496,True,0,0.9994099,True,0.96238565,0.52691865,0.8030803,Easy
442,0,0,0.59573925,True,0,0.89044935,True,0,0.99574643,True,0.9679251,0.51355195,0.8995218,Easy
443,0,0,0.55679005,True,0,0.98111546,True,0,0.99954563,True,0.96079314,0.53113014,0.9125358,Easy
444,0,0,0.5336422,True,0,0.5027947,True,0,0.64423376,True,0.9687083,0.5087212,0.9121865,Easy
445,1,1,0.51983756,True,1,0.93482256,True,1,0.99213636,True,0.96612716,0.50076944,0.7960111,Easy
446,0,0,0.60413617,True,0,0.883564,True,0,0.99077284,True,0.9663522,0.52115023,0.8669184,Easy
447,1,0,0.54018253,False,1,0.5842904,True,1,0.6808966,True,0.9689223,0.5059306,0.75980806,Easy
448,0,0,0.65795535,True,0,0.59430104,True,0,0.99276865,True,0.96917653,0.5070475,0.8287469,Easy
449,1,0,0.5220205,False,1,0.5334115,True,1,0.7962311,True,0.9681737,0.5122501,0.7864804,Easy
450,1,0,0.51187634,False,1,0.61105293,True,1,0.689651,True,0.9682733,0.5054758,0.8939413,Easy
451,0,0,0.5822717,True,1,0.86291647,False,0,0.79802245,True,0.9675509,0.4935306,0.8251522,Graph_Only
452,0,0,0.617083,True,0,0.67096627,True,0,0.9629815,True,0.9688294,0.51007795,0.86143905,Easy
453,1,1,0.5109587,True,0,0.7153117,False,1,0.9889432,True,0.96837234,0.5221936,0.7753918,Graph_Only
454,0,0,0.56328183,True,0,0.9795943,True,0,0.9980788,True,0.96322227,0.5277672,0.8972132,Easy
455,0,0,0.66205657,True,0,0.61127096,True,0,0.977887,True,0.9686609,0.51224136,0.8380064,Easy
456,1,1,0.5157691,True,1,0.51971555,True,1,0.52736807,True,0.9684917,0.51755583,0.8879413,Easy
457,0,0,0.56451476,True,0,0.96935934,True,0,0.9993594,True,0.9617294,0.5232056,0.92062455,Easy
458,0,0,0.5439267,True,1,0.81377727,False,1,0.8017918,False,0.96642935,0.5051798,0.8139989,Hard
459,1,1,0.5006972,True,1,0.7084729,True,1,0.98178667,True,0.9685123,0.51348126,0.8136227,Easy
460,0,0,0.58302945,True,0,0.83326966,True,0,0.9983004,True,0.96924245,0.5148926,0.84151405,Easy
461,0,0,0.53694963,True,0,0.9861877,True,0,0.9990508,True,0.9633056,0.5323319,0.7773769,Easy
462,1,1,0.52141947,True,1,0.81923854,True,1,0.9942326,True,0.9638996,0.5064737,0.78127086,Easy
463,0,0,0.5583389,True,0,0.8867828,True,0,0.9287672,True,0.97155654,0.5241946,0.7820863,Easy
464,0,0,0.58642125,True,1,0.8392984,False,0,0.88429844,True,0.9643235,0.495786,0.75121856,Graph_Only
465,1,1,0.50082743,True,1,0.644926,True,0,0.54884565,False,0.9653138,0.5149808,0.7880277,Text_Only
466,0,0,0.54649407,True,0,0.9411312,True,0,0.9978661,True,0.9691443,0.5231512,0.88594306,Easy
467,1,0,0.53965926,False,1,0.7520846,True,1,0.5820792,True,0.96684057,0.50142163,0.7830843,Easy
468,0,0,0.5521544,True,0,0.9715235,True,0,0.99514586,True,0.9667746,0.52910143,0.83995533,Easy
469,0,0,0.5499343,True,1,0.9644914,False,1,0.69869393,False,0.9617108,0.4840929,0.82607126,Hard
470,0,0,0.53986734,True,0,0.9914022,True,0,0.9997532,True,0.9593841,0.5345894,0.87554836,Easy
471,1,1,0.5098503,True,1,0.96713734,True,1,0.99647623,True,0.96068585,0.4946564,0.84007084,Easy
472,1,1,0.5298924,True,1,0.9587308,True,1,0.99630785,True,0.9616939,0.50852144,0.8574052,Easy
473,1,0,0.5347565,False,1,0.7741884,True,1,0.9310853,True,0.96440375,0.5064896,0.8907206,Easy
474,0,0,0.54562396,True,0,0.9075111,True,0,0.9992392,True,0.9679013,0.5216456,0.88487566,Easy
475,1,1,0.5372905,True,1,0.90069175,True,1,0.9696779,True,0.9641284,0.49869007,0.8349868,Easy
476,1,0,0.54127437,False,1,0.61346954,True,1,0.9247776,True,0.96437573,0.52349716,0.9159986,Easy
477,0,0,0.5398354,True,0,0.88886136,True,0,0.99578035,True,0.969002,0.514968,0.8717252,Easy
478,0,0,0.57937807,True,0,0.8928732,True,0,0.9739527,True,0.96768147,0.5241008,0.89812434,Easy
479,1,1,0.5146488,True,1,0.9508675,True,1,0.99306726,True,0.9643103,0.49857315,0.8252727,Easy
480,0,0,0.61006325,True,0,0.8952325,True,0,0.99039793,True,0.96700877,0.5209849,0.8873938,Easy
481,0,0,0.55239403,True,0,0.9842636,True,0,0.9995535,True,0.9621954,0.5331808,0.8421572,Easy
482,0,0,0.57857037,True,0,0.93008566,True,0,0.9978758,True,0.9651528,0.52855974,0.8803312,Easy
483,0,0,0.57327527,True,0,0.94512373,True,0,0.9989164,True,0.96497905,0.52292603,0.87666523,Easy
484,1,0,0.5131886,False,1,0.95036536,True,1,0.9919036,True,0.96067923,0.49824622,0.84125423,Easy
485,1,0,0.5188485,False,0,0.68356955,False,1,0.8059579,True,0.97134894,0.51633704,0.8524827,Graph_Only
486,1,1,0.51393193,True,1,0.9237354,True,1,0.99873894,True,0.9632716,0.509072,0.7972661,Easy
487,1,0,0.53280354,False,1,0.7101269,True,1,0.8351898,True,0.9663911,0.5098727,0.77939415,Easy
488,0,0,0.5854207,True,0,0.91614497,True,0,0.9639604,True,0.96959424,0.5303073,0.7095934,Easy
489,1,1,0.50000644,True,1,0.7977523,True,1,0.7949723,True,0.96654236,0.509501,0.91513723,Easy
490,0,0,0.5432198,True,0,0.98777276,True,0,0.9997398,True,0.960478,0.5276113,0.9021586,Easy
491,0,0,0.6129179,True,1,0.61550504,False,0,0.8353155,True,0.96787983,0.50661033,0.90659,Graph_Only
492,0,0,0.56476784,True,0,0.95013964,True,0,0.999171,True,0.9640485,0.5292414,0.90661234,Easy
493,0,0,0.69119304,True,0,0.5055447,True,0,0.9210643,True,0.9685346,0.51561147,0.931606,Easy
494,1,0,0.5490843,False,0,0.6862772,False,0,0.55019456,False,0.96855855,0.52194214,0.8590652,Hard
495,1,0,0.5910513,False,0,0.5630703,False,1,0.903676,True,0.96498984,0.52051,0.77059203,Graph_Only
496,1,0,0.5239786,False,1,0.6065187,True,1,0.88901424,True,0.9708293,0.5126525,0.7600049,Easy
497,0,0,0.6317748,True,0,0.6214576,True,0,0.9956291,True,0.9712416,0.50698984,0.90818334,Easy
498,0,0,0.57478,True,1,0.52818024,False,0,0.64536166,True,0.9672246,0.5174042,0.8064372,Graph_Only
499,0,0,0.69813067,True,1,0.5097636,False,0,0.95857227,True,0.96595544,0.50916094,0.84018785,Graph_Only
500,1,1,0.5238539,True,1,0.9051682,True,1,0.9973355,True,0.96281946,0.50601935,0.8444687,Easy
501,0,0,0.5323934,True,0,0.9430984,True,0,0.9984567,True,0.96897864,0.523616,0.86802197,Easy
502,1,0,0.58354264,False,1,0.53606385,True,0,0.6910553,False,0.97248137,0.50158226,0.8584969,Text_Only
503,0,0,0.59476495,True,0,0.5654582,True,0,0.8203423,True,0.969329,0.51682824,0.71834,Easy
504,0,0,0.6436957,True,1,0.5040327,False,0,0.88794017,True,0.9702451,0.520296,0.92218006,Graph_Only
505,0,1,0.5072011,False,1,0.68761516,False,1,0.8965571,False,0.9660162,0.51010793,0.8119853,Hard
506,1,1,0.56594783,True,1,0.8535747,True,1,0.8861285,True,0.96491206,0.5100291,0.9231967,Easy
507,1,0,0.5227819,False,1,0.8437586,True,1,0.97246265,True,0.9628236,0.50828505,0.8511691,Easy
508,1,1,0.5377421,True,1,0.8303585,True,1,0.94745916,True,0.96375567,0.5064921,0.92215353,Easy
509,1,1,0.5198932,True,1,0.9023533,True,1,0.9765107,True,0.96149325,0.5025481,0.8024361,Easy
510,1,1,0.5304953,True,1,0.86592835,True,1,0.9483735,True,0.96168226,0.50167584,0.7838126,Easy
511,0,0,0.5929423,True,0,0.6430503,True,0,0.80355906,True,0.9707199,0.523523,0.74160886,Easy
512,0,0,0.50570446,True,0,0.707114,True,1,0.56556565,False,0.9730726,0.5202181,0.830854,Text_Only
513,0,0,0.56001323,True,0,0.9637464,True,0,0.9979486,True,0.9667286,0.53082883,0.8708403,Easy
514,0,0,0.633188,True,0,0.81970096,True,0,0.9988342,True,0.96424824,0.51917183,0.9111872,Easy
515,1,0,0.52802116,False,1,0.8465818,True,1,0.7443489,True,0.9685048,0.49447352,0.8148439,Easy
516,0,0,0.65265036,True,0,0.73572403,True,0,0.9913647,True,0.9667796,0.51369035,0.89061594,Easy
517,1,0,0.54192585,False,1,0.71554446,True,1,0.5804976,True,0.9656501,0.5010372,0.81425935,Easy
518,0,0,0.6511358,True,0,0.7364623,True,0,0.9922531,True,0.965453,0.51336175,0.91568184,Easy
519,0,0,0.6185507,True,0,0.83556926,True,0,0.9928604,True,0.96966803,0.51776636,0.87069833,Easy
520,1,1,0.52254975,True,1,0.9326224,True,1,0.9900232,True,0.9621515,0.49989653,0.8122006,Easy
521,1,0,0.5089298,False,1,0.8431016,True,1,0.94959056,True,0.9661077,0.50850224,0.70662,Easy
522,0,0,0.57566154,True,0,0.92128223,True,0,0.99688125,True,0.96568894,0.5200975,0.9057312,Easy
523,1,1,0.5072526,True,1,0.9458664,True,1,0.9825377,True,0.96311116,0.49811396,0.8625324,Easy
524,1,0,0.56424934,False,1,0.5182975,True,0,0.65332216,False,0.96987414,0.52233475,0.79042757,Text_Only
525,1,0,0.5246607,False,1,0.9097628,True,1,0.85464394,True,0.96618843,0.49903664,0.7611392,Easy
526,1,1,0.5390294,True,1,0.86453456,True,1,0.99141157,True,0.96441627,0.51307815,0.7530845,Easy
527,1,1,0.5243908,True,1,0.87888783,True,1,0.96088505,True,0.9642458,0.5127758,0.74788094,Easy
528,0,0,0.54277194,True,0,0.99230415,True,0,0.9996661,True,0.9582172,0.53032887,0.8768085,Easy
529,1,0,0.5229283,False,1,0.8907694,True,1,0.9272217,True,0.9648788,0.4989162,0.8644817,Easy
530,0,1,0.5802145,False,1,0.7849474,False,1,0.88369983,False,0.9672087,0.5104368,0.91562754,Hard
531,0,0,0.6172926,True,0,0.84725994,True,0,0.99354786,True,0.9676624,0.5202497,0.9296254,Easy
532,1,0,0.509514,False,1,0.9291841,True,1,0.98209226,True,0.9657607,0.49555412,0.71196663,Easy
533,0,0,0.56532085,True,0,0.91727746,True,0,0.9895371,True,0.96811223,0.517516,0.8777325,Easy
534,0,0,0.542421,True,1,0.7601398,False,1,0.74138343,False,0.968946,0.4993309,0.7487882,Hard
535,0,0,0.65431035,True,1,0.52809453,False,0,0.9634728,True,0.96729076,0.50962764,0.8661959,Graph_Only
536,0,0,0.59797096,True,0,0.58321244,True,0,0.97552776,True,0.97311944,0.5109075,0.90864015,Easy
537,0,0,0.5525141,True,0,0.9753052,True,0,0.9977633,True,0.9647404,0.530781,0.86833966,Easy
538,0,1,0.5558662,False,1,0.799621,False,1,0.8950988,False,0.9663553,0.5124714,0.91411126,Hard
539,0,0,0.5782219,True,0,0.84112227,True,0,0.99765813,True,0.969021,0.5206548,0.8271631,Easy
540,1,0,0.59714293,False,1,0.7864617,True,0,0.7826294,False,0.965991,0.4974272,0.7807028,Text_Only
541,0,0,0.5552094,True,0,0.87491363,True,0,0.9923384,True,0.9703773,0.51365674,0.8855204,Easy
542,0,0,0.5778711,True,0,0.87490577,True,0,0.99588937,True,0.9674158,0.5152385,0.91358435,Easy
543,1,0,0.52071905,False,1,0.6850628,True,1,0.7703104,True,0.9691915,0.5069381,0.86117136,Easy
544,0,0,0.53865016,True,0,0.9750114,True,0,0.99848086,True,0.96552896,0.53027046,0.87319183,Easy
545,0,0,0.6524943,True,1,0.6577701,False,0,0.9879925,True,0.9690003,0.50187373,0.7121273,Graph_Only
546,0,0,0.56811607,True,1,0.7259989,False,0,0.6049536,True,0.9674929,0.49893916,0.8118063,Graph_Only
547,0,0,0.5554297,True,0,0.8634613,True,0,0.99820614,True,0.9708756,0.5152376,0.86868954,Easy
548,0,0,0.5433322,True,0,0.97303504,True,0,0.9986946,True,0.9639727,0.52323157,0.91060656,Easy
549,0,0,0.55870545,True,0,0.9370985,True,0,0.99939334,True,0.9643786,0.52459365,0.88633955,Easy
550,1,1,0.52730453,True,1,0.9058787,True,1,0.9869753,True,0.96631634,0.5021763,0.83626586,Easy
551,0,0,0.53614616,True,0,0.9611727,True,0,0.9939446,True,0.9661726,0.5242223,0.8965143,Easy
552,1,0,0.5387399,False,1,0.9254069,True,1,0.84060395,True,0.96439564,0.48940223,0.82982624,Easy
553,1,0,0.5064812,False,1,0.8463206,True,1,0.96630293,True,0.96247244,0.50741667,0.8683513,Easy
554,0,0,0.6085257,True,0,0.54944164,True,0,0.9958062,True,0.9648243,0.50713,0.8780241,Easy
555,1,1,0.5190823,True,1,0.8008599,True,1,0.9231977,True,0.97228503,0.50303024,0.7913389,Easy
556,0,0,0.5644472,True,0,0.97709185,True,0,0.96827424,True,0.9652598,0.53382915,0.8489145,Easy
557,1,1,0.5439113,True,1,0.8220209,True,1,0.97634476,True,0.96565145,0.50121486,0.80890214,Easy
558,0,0,0.5399264,True,0,0.96068466,True,0,0.99927455,True,0.96300155,0.5216973,0.86644816,Easy
559,0,0,0.70396423,True,0,0.55334467,True,0,0.8583289,True,0.96544224,0.51222575,0.91885614,Easy
560,0,0,0.53396857,True,0,0.85206944,True,0,0.995507,True,0.9683382,0.51461583,0.9139627,Easy
561,0,1,0.53207743,False,1,0.8635081,False,1,0.9173551,False,0.9658055,0.5043924,0.7693901,Hard
562,0,0,0.5797367,True,0,0.9036852,True,0,0.99771047,True,0.9661033,0.51772594,0.89487326,Easy
563,0,0,0.5817582,True,0,0.90268797,True,0,0.99604934,True,0.96735024,0.52111095,0.8391041,Easy
564,0,0,0.53982884,True,0,0.9828147,True,0,0.9996995,True,0.96151865,0.5279548,0.88400126,Easy
565,0,0,0.5951571,True,1,0.56857616,False,1,0.5401722,False,0.9677303,0.5138048,0.8562565,Hard
566,1,0,0.5765368,False,0,0.82858264,False,0,0.6424847,False,0.9704461,0.5227675,0.6770115,Hard
567,1,0,0.5523901,False,1,0.83473736,True,1,0.81684,True,0.9644581,0.50025976,0.8952269,Easy
568,0,0,0.55312324,True,0,0.97208315,True,0,0.9690934,True,0.9638157,0.53367394,0.78735274,Easy
569,0,0,0.6525031,True,0,0.7200799,True,0,0.94890803,True,0.9693674,0.5119895,0.88115996,Easy
570,0,0,0.5532015,True,0,0.8573085,True,0,0.9987992,True,0.96735555,0.51876026,0.87789786,Easy
571,0,0,0.6530231,True,0,0.7051314,True,0,0.99464625,True,0.9665922,0.51590747,0.7871709,Easy
572,0,0,0.577544,True,0,0.9359093,True,0,0.99925953,True,0.9655293,0.5217033,0.8958162,Easy
573,1,1,0.52550864,True,1,0.8081747,True,1,0.81944424,True,0.96420705,0.5131357,0.8503195,Easy
574,0,0,0.5553367,True,0,0.9705183,True,0,0.9970085,True,0.96502805,0.5313332,0.83444095,Easy
575,1,1,0.5120598,True,1,0.96775824,True,1,0.96289694,True,0.9595373,0.49518296,0.88034105,Easy
576,0,0,0.60503864,True,0,0.87686545,True,0,0.9903308,True,0.96685535,0.52203107,0.9232775,Easy
577,0,0,0.6073212,True,1,0.59010214,False,0,0.96977925,True,0.9698174,0.50664425,0.81927216,Graph_Only
578,0,0,0.5640883,True,0,0.9519542,True,0,0.99825686,True,0.96470827,0.52295077,0.9029763,Easy
579,0,0,0.5622858,True,1,0.69856995,False,1,0.6614257,False,0.9665617,0.512772,0.88819027,Hard
580,0,0,0.5834522,True,0,0.8072418,True,0,0.8242595,True,0.9677839,0.52980024,0.8677287,Easy
581,1,1,0.51287204,True,0,0.7680182,False,1,0.8765595,True,0.9693806,0.52600247,0.8150928,Graph_Only
582,1,1,0.5111703,True,1,0.9190636,True,1,0.956658,True,0.9645086,0.5001639,0.7450587,Easy
583,1,1,0.57034284,True,1,0.70032394,True,1,0.9343728,True,0.9674849,0.51095384,0.8960674,Easy
584,0,0,0.5673327,True,0,0.93407375,True,0,0.97242075,True,0.96726036,0.5281983,0.831393,Easy
585,1,1,0.50372404,True,1,0.7279645,True,1,0.9776073,True,0.9681127,0.50664014,0.7931115,Easy
586,1,1,0.5289921,True,1,0.87860733,True,1,0.9766991,True,0.9627078,0.5042876,0.0,Easy
587,0,0,0.6398664,True,0,0.81729513,True,0,0.99367505,True,0.9656032,0.51721793,0.90842855,Easy
588,0,0,0.5008374,True,0,0.5290106,True,0,0.55094683,True,0.9692012,0.5144278,0.9183444,Easy
589,0,0,0.60326225,True,0,0.75260985,True,0,0.9149467,True,0.9685531,0.5218256,0.9206568,Easy
590,0,0,0.5714625,True,0,0.80518484,True,0,0.9400818,True,0.96883917,0.52479655,0.913062,Easy
591,0,0,0.63733923,True,0,0.6057036,True,0,0.91547495,True,0.96666646,0.5095168,0.9150181,Easy
592,0,0,0.574047,True,0,0.9005015,True,0,0.9981509,True,0.96580327,0.5217351,0.9282852,Easy
593,0,0,0.6084758,True,1,0.59190166,False,0,0.97499657,True,0.9674156,0.50266,0.9217334,Graph_Only
594,0,0,0.5443856,True,0,0.9319608,True,0,0.9990767,True,0.96460867,0.5188424,0.90480065,Easy
595,0,1,0.53458476,False,1,0.53862345,False,0,0.56742823,True,0.96879447,0.51284766,0.0,Graph_Only
596,0,0,0.61054,True,0,0.8072088,True,0,0.98852915,True,0.9683592,0.52025145,0.90311867,Easy
597,0,1,0.5311536,False,1,0.56115836,False,0,0.62531966,True,0.96896684,0.52067333,0.7442095,Graph_Only
598,0,0,0.64046574,True,0,0.5879619,True,0,0.81796676,True,0.9676416,0.5167768,0.8264208,Easy
599,1,1,0.57643443,True,1,0.5055476,True,1,0.55976635,True,0.9718435,0.50850004,0.0,Easy
600,0,1,0.50354636,False,1,0.7924532,False,1,0.80892336,False,0.9646245,0.5026731,0.0,Hard
601,0,0,0.5961787,True,0,0.8168036,True,0,0.933156,True,0.96755505,0.51618236,0.92828596,Easy
602,1,1,0.58913976,True,1,0.6539949,True,1,0.96868044,True,0.9696486,0.5179354,0.7969763,Easy
603,0,0,0.57805014,True,0,0.87022185,True,0,0.9135337,True,0.96538186,0.5216487,0.8890276,Easy
604,0,0,0.5978063,True,0,0.91788983,True,0,0.9977003,True,0.9647231,0.52801186,0.870672,Easy
605,0,0,0.5410174,True,0,0.85281134,True,0,0.99662435,True,0.9688982,0.52110016,0.86528146,Easy
606,0,0,0.5862941,True,0,0.8573358,True,0,0.99751556,True,0.96636677,0.51627314,0.9269662,Easy
607,1,1,0.5236062,True,1,0.96018225,True,1,0.99487275,True,0.9618522,0.49730083,0.0,Easy
608,1,1,0.5376331,True,1,0.7860122,True,1,0.97779423,True,0.9673659,0.5086455,0.8791568,Easy
609,1,1,0.52676755,True,1,0.61307794,True,1,0.8990641,True,0.9701189,0.51331836,0.7629546,Easy
610,1,1,0.57153183,True,1,0.711982,True,1,0.9798394,True,0.96775055,0.5158348,0.90202385,Easy
611,0,0,0.52922785,True,1,0.6771288,False,0,0.59501415,True,0.9677935,0.5101819,0.0,Graph_Only
612,1,1,0.50910187,True,1,0.5582519,True,0,0.51208305,False,0.9680652,0.5183041,0.91950417,Text_Only
613,0,0,0.5522504,True,0,0.63110924,True,0,0.55643564,True,0.96930516,0.5171616,0.73480684,Easy
614,0,0,0.57758874,True,0,0.90424097,True,0,0.99709487,True,0.96386963,0.51650715,0.84163004,Easy
615,0,0,0.6121766,True,0,0.78836775,True,0,0.99497694,True,0.9656661,0.5149391,0.9338889,Easy
616,1,1,0.5418478,True,1,0.72095203,True,1,0.9555143,True,0.9681143,0.51006466,0.0,Easy
617,0,0,0.548627,True,0,0.7760995,True,1,0.8247679,False,0.96829104,0.5263311,0.76099074,Text_Only
618,0,0,0.5276771,True,0,0.582819,True,0,0.63885546,True,0.9693346,0.51676196,0.0,Easy
619,0,0,0.59973925,True,0,0.83398384,True,0,0.9927458,True,0.96703154,0.51436013,0.91399974,Easy
620,1,0,0.5333029,False,1,0.52563107,True,0,0.5056995,False,0.97067255,0.51208967,0.81515324,Text_Only
621,0,0,0.57191753,True,1,0.6771278,False,1,0.50507677,False,0.9674753,0.5036681,0.8433986,Hard
622,0,0,0.6013925,True,0,0.71905744,True,0,0.9894462,True,0.9666774,0.5159179,0.8884345,Easy
623,0,0,0.5502376,True,0,0.96202797,True,0,0.99950063,True,0.964347,0.5261185,0.86921597,Easy
624,0,0,0.5615193,True,0,0.95815766,True,0,0.9991573,True,0.962497,0.5249188,0.8857935,Easy
625,0,0,0.57226837,True,0,0.95108503,True,0,0.9990363,True,0.9627647,0.52127206,0.92886513,Easy
626,1,1,0.5276868,True,1,0.96503043,True,1,0.99804354,True,0.95889854,0.5012474,0.80383956,Easy
627,0,0,0.5638406,True,0,0.97881407,True,0,0.9995227,True,0.96098536,0.5260651,0.9091777,Easy
628,1,0,0.5684691,False,1,0.61269957,True,0,0.5157806,False,0.9670454,0.51124036,0.0,Text_Only
629,0,0,0.5557012,True,0,0.9579948,True,0,0.9987325,True,0.963826,0.5220484,0.8854876,Easy
630,1,0,0.6384808,False,1,0.56700504,True,0,0.53710794,False,0.9674513,0.511334,0.8771887,Text_Only
631,0,0,0.5844287,True,0,0.8472465,True,0,0.9150608,True,0.97648686,0.52369094,0.0,Easy
632,1,1,0.5698836,True,1,0.78373533,True,1,0.73578835,True,0.96877664,0.5172004,0.8492306,Easy
633,1,0,0.5740944,False,1,0.5202422,True,1,0.54334295,True,0.96874475,0.51195455,0.0,Easy
634,0,0,0.60820556,True,0,0.8929385,True,0,0.9927366,True,0.96731603,0.51750433,0.92248154,Easy
635,0,0,0.6461173,True,0,0.76154983,True,0,0.9939991,True,0.9650569,0.51161236,0.941773,Easy
636,0,0,0.64399016,True,0,0.79741436,True,0,0.98503625,True,0.96686673,0.5165144,0.93367827,Easy
637,0,0,0.59664124,True,0,0.70541805,True,0,0.8312639,True,0.97082084,0.52848226,0.7607893,Easy
638,0,0,0.60421664,True,0,0.78268796,True,0,0.9941988,True,0.9694048,0.5138094,0.8884571,Easy
639,0,0,0.57195944,True,0,0.9226871,True,0,0.99889,True,0.9625795,0.5228794,0.9251203,Easy
640,1,0,0.5657448,False,1,0.5123105,True,0,0.6764312,False,0.96879655,0.52248883,0.8700197,Text_Only
641,1,1,0.54769427,True,1,0.85742867,True,1,0.92487377,True,0.9648571,0.50009006,0.8163638,Easy
642,1,1,0.54162925,True,1,0.67854625,True,1,0.8764668,True,0.96681225,0.5074795,0.8698255,Easy
643,0,0,0.59294736,True,0,0.91426337,True,0,0.99051476,True,0.9655435,0.5281369,0.839236,Easy
644,0,0,0.53087884,True,1,0.5427107,False,0,0.7644834,True,0.96731764,0.52142006,0.9057786,Graph_Only
645,1,1,0.55957806,True,1,0.87263316,True,1,0.98159605,True,0.9652935,0.5073139,0.7252406,Easy
646,0,0,0.5569718,True,0,0.7498126,True,0,0.90725356,True,0.9713161,0.5243475,0.8770672,Easy
647,0,0,0.5352685,True,1,0.6609344,False,0,0.5442886,True,0.970013,0.50522554,0.0,Graph_Only
648,0,0,0.60413665,True,1,0.6605492,False,0,0.94016486,True,0.96518767,0.50169027,0.91756845,Graph_Only
649,0,0,0.51149386,True,1,0.7911325,False,1,0.6967155,False,0.96508336,0.50934714,0.8206817,Hard
650,1,0,0.5970559,False,0,0.6089301,False,1,0.5646767,True,0.9666745,0.5153762,0.9168295,Graph_Only
651,0,0,0.5740073,True,0,0.91663617,True,0,0.9990343,True,0.9643283,0.52484864,0.87880635,Easy
652,0,0,0.5697687,True,0,0.68262935,True,0,0.7257654,True,0.9693861,0.52641803,0.84037185,Easy
653,0,0,0.5234393,True,0,0.957807,True,0,0.9988386,True,0.9667287,0.52743804,0.79120964,Easy
654,1,1,0.5177212,True,1,0.9581006,True,1,0.99604994,True,0.96163446,0.5020921,0.8505461,Easy
655,1,1,0.5272601,True,0,0.7203496,False,1,0.9587843,True,0.97029626,0.52840054,0.7208972,Graph_Only
656,1,1,0.6098657,True,1,0.6089561,True,1,0.8692247,True,0.96891534,0.52033573,0.9011082,Easy
657,0,0,0.6204812,True,0,0.77922195,True,0,0.9920912,True,0.9660982,0.51539725,0.94090927,Easy
658,1,0,0.5124624,False,0,0.70292383,False,1,0.8414644,True,0.9679444,0.52941364,0.9185884,Graph_Only
659,1,0,0.51521844,False,1,0.90628964,True,1,0.9749444,True,0.96384406,0.50861835,0.6681316,Easy
660,0,0,0.63656414,True,0,0.68782157,True,0,0.7372407,True,0.9685478,0.52100915,0.0,Easy
661,1,1,0.5438424,True,1,0.8052631,True,1,0.98341525,True,0.9671627,0.51053107,0.0,Easy
662,1,0,0.5078355,False,1,0.58132595,True,1,0.92085534,True,0.9694328,0.51597464,0.88210166,Easy
663,0,0,0.58277744,True,0,0.85024095,True,0,0.998757,True,0.96538925,0.5147984,0.8815241,Easy
664,0,0,0.55139565,True,0,0.57773834,True,0,0.78445774,True,0.96988356,0.5179815,0.0,Easy
665,0,0,0.57060874,True,0,0.9414859,True,0,0.99896574,True,0.9653175,0.51938677,0.9203794,Easy
666,0,0,0.52102506,True,1,0.6911392,False,1,0.66164136,False,0.96524143,0.5108255,0.914936,Hard
667,1,1,0.52471495,True,0,0.58106667,False,0,0.56429327,False,0.96925855,0.52281433,0.0,Hard
668,1,1,0.5377633,True,1,0.74872696,True,1,0.9516622,True,0.96730274,0.5142397,0.9032248,Easy
669,1,0,0.63729006,False,0,0.5542809,False,0,0.64051515,False,0.968175,0.5146759,0.8667138,Hard
670,0,0,0.5921267,True,1,0.7452054,False,0,0.7898928,True,0.9715279,0.5076748,0.6721869,Graph_Only
671,0,0,0.5539593,True,0,0.9751109,True,0,0.9995857,True,0.9637176,0.5289302,0.89254534,Easy
672,0,0,0.60733026,True,1,0.6987856,False,0,0.8425708,True,0.96494377,0.49736485,0.90898204,Graph_Only
673,1,0,0.59842724,False,0,0.5774813,False,0,0.57565117,False,0.9667021,0.516747,0.0,Hard
674,0,0,0.56620103,True,0,0.95003825,True,0,0.99849725,True,0.96507823,0.5277032,0.9117073,Easy
675,0,0,0.5455593,True,0,0.9227326,True,0,0.9993224,True,0.9662689,0.51703906,0.8907536,Easy
676,1,1,0.5157005,True,1,0.861667,True,1,0.97222304,True,0.96475554,0.50911295,0.8287835,Easy
677,0,0,0.6032826,True,0,0.71029603,True,0,0.9852336,True,0.9675511,0.51015544,0.9178657,Easy
678,1,1,0.5806986,True,1,0.65135795,True,1,0.96689826,True,0.96645945,0.52260303,0.9059874,Easy
679,0,0,0.5906038,True,0,0.7897609,True,0,0.9269417,True,0.9664242,0.5226909,0.8680284,Easy
680,0,0,0.5249928,True,1,0.518376,False,1,0.8219672,False,0.96844053,0.5155667,0.0,Hard
681,0,0,0.5745677,True,0,0.94732815,True,0,0.9983516,True,0.9657042,0.52087706,0.9319074,Easy
682,1,0,0.5655762,False,0,0.815207,False,0,0.90256995,False,0.9698845,0.52657735,0.0,Hard
683,0,0,0.5749396,True,0,0.963746,True,0,0.9986187,True,0.963061,0.53078747,0.8517682,Easy
684,1,0,0.62825483,False,0,0.5520862,False,0,0.89499533,False,0.96886635,0.51446575,0.81915367,Hard
685,1,1,0.5029643,True,1,0.83595246,True,1,0.9696056,True,0.9665656,0.5085436,0.82565576,Easy
686,0,0,0.5617114,True,0,0.94799125,True,0,0.99897134,True,0.9654714,0.5232986,0.88988346,Easy
687,0,0,0.59979534,True,0,0.79355764,True,0,0.7234377,True,0.9761463,0.5188645,0.0,Easy
688,1,0,0.51720405,False,1,0.72286355,True,1,0.8275436,True,0.96961176,0.50341153,0.0,Easy
689,0,0,0.56968474,True,0,0.74699295,True,0,0.7989257,True,0.9670788,0.52766454,0.8701851,Easy
690,1,1,0.5216398,True,1,0.72324085,True,1,0.935454,True,0.967631,0.51313615,0.7670586,Easy
691,0,0,0.579198,True,0,0.89110655,True,0,0.921768,True,0.9735874,0.5226992,0.0,Easy
692,0,0,0.5417018,True,0,0.9065696,True,0,0.9978448,True,0.96481454,0.51727647,0.8716663,Easy
693,1,0,0.5784228,False,0,0.7419115,False,0,0.5894144,False,0.9694222,0.51539195,0.8813945,Hard
694,1,0,0.5374909,False,1,0.5195526,True,1,0.5098259,True,0.968139,0.5177436,0.8084087,Easy
695,1,1,0.5274229,True,1,0.7390869,True,1,0.97572607,True,0.96572804,0.51837385,0.8220755,Easy
696,1,1,0.50431556,True,0,0.7450148,False,1,0.80757594,True,0.9721084,0.5224204,0.8304491,Graph_Only
697,1,1,0.51788175,True,1,0.5567075,True,1,0.5274399,True,0.96926624,0.5133869,0.8686252,Easy
698,1,1,0.5739711,True,0,0.50011533,False,1,0.68125767,True,0.967288,0.52424705,0.8768245,Graph_Only
699,1,1,0.5645264,True,1,0.863521,True,1,0.9647319,True,0.9647807,0.5051598,0.8219583,Easy
700,0,0,0.5460719,True,0,0.8364562,True,0,0.9985279,True,0.9674126,0.51562726,0.84929776,Easy
701,1,1,0.6449444,True,1,0.555992,True,1,0.8984056,True,0.96851254,0.5158595,0.82410246,Easy
702,0,0,0.65854114,True,0,0.5412738,True,0,0.88741827,True,0.9676733,0.5115047,0.89618564,Easy
703,1,0,0.5632779,False,0,0.5786117,False,0,0.64694935,False,0.9689448,0.5250394,0.8059287,Hard
704,0,0,0.5687607,True,0,0.90982735,True,0,0.9966846,True,0.96679723,0.52223855,0.87038493,Easy
705,0,0,0.55965376,True,0,0.96373504,True,0,0.9995542,True,0.96291137,0.526442,0.90582085,Easy
706,0,0,0.5935402,True,0,0.79276365,True,0,0.9805362,True,0.9669661,0.51597947,0.8870058,Easy
707,1,0,0.6219514,False,1,0.5579265,True,1,0.5471991,True,0.9667553,0.51593524,0.83859056,Easy
708,0,0,0.56111926,True,0,0.96318454,True,0,0.9986902,True,0.9639143,0.52403384,0.91198933,Easy
709,1,1,0.5213553,True,1,0.9140805,True,1,0.99413294,True,0.96473444,0.5029949,0.79467994,Easy
710,1,1,0.5428362,True,1,0.800497,True,1,0.9203945,True,0.96577513,0.50859845,0.77431595,Easy
711,0,0,0.565417,True,0,0.8768791,True,0,0.99167293,True,0.9664597,0.5186158,0.86426586,Easy
712,0,0,0.5594153,True,0,0.9650775,True,0,0.9996704,True,0.9622245,0.52312636,0.9132941,Easy
713,0,0,0.637177,True,0,0.7977508,True,0,0.99707365,True,0.9643985,0.51444,0.89176965,Easy
714,0,0,0.6088788,True,0,0.8020962,True,0,0.9692366,True,0.96789956,0.5161939,0.9173597,Easy
715,0,0,0.61221856,True,0,0.7493364,True,0,0.9900624,True,0.96727836,0.511054,0.7942326,Easy
716,0,0,0.5443878,True,1,0.52749354,False,0,0.58699566,True,0.968519,0.5169206,0.0,Graph_Only
717,0,0,0.6411633,True,0,0.6939158,True,0,0.8868733,True,0.9678254,0.52039576,0.0,Easy
718,1,0,0.5297704,False,1,0.6144251,True,1,0.7508007,True,0.9663121,0.50985163,0.0,Easy
719,0,0,0.54428405,True,0,0.9799137,True,0,0.9997335,True,0.9621265,0.532377,0.92536855,Easy
720,0,0,0.64408994,True,0,0.5935106,True,0,0.9847707,True,0.9673362,0.5094425,0.89196026,Easy
721,1,1,0.56796014,True,1,0.78101516,True,1,0.9842966,True,0.9645233,0.50750035,0.80317056,Easy
722,0,0,0.54101795,True,0,0.9832691,True,0,0.9997843,True,0.9603245,0.5294027,0.86728764,Easy
723,1,0,0.55728215,False,0,0.8124724,False,0,0.8385449,False,0.9722031,0.5233596,0.0,Hard
724,1,1,0.57711434,True,1,0.57072836,True,1,0.6501555,True,0.9677514,0.51154864,0.86799836,Easy
725,0,0,0.6389259,True,0,0.63661844,True,0,0.9243593,True,0.9681096,0.51752853,0.8638822,Easy
726,1,1,0.5476008,True,1,0.6806425,True,1,0.91551083,True,0.9679079,0.5157328,0.7910565,Easy
727,1,0,0.589468,False,1,0.6503522,True,0,0.51003236,False,0.9670243,0.51138127,0.0,Text_Only
728,0,0,0.5889252,True,0,0.598686,True,0,0.7213949,True,0.9689325,0.51435596,0.8613578,Easy
729,0,0,0.6049583,True,0,0.82200944,True,0,0.9780727,True,0.9678564,0.5196334,0.9159272,Easy
730,0,0,0.63277346,True,1,0.5410923,False,0,0.9633322,True,0.9669627,0.51118183,0.83868325,Graph_Only
731,1,1,0.532792,True,1,0.86030865,True,1,0.9760828,True,0.96694505,0.5093404,0.8699499,Easy
732,0,1,0.5376862,False,1,0.5334979,False,0,0.6004779,True,0.9695256,0.5153129,0.8883238,Graph_Only
733,1,1,0.56733865,True,1,0.63202864,True,1,0.7823421,True,0.9672382,0.52176386,0.85140336,Easy
734,0,0,0.539761,True,0,0.8731172,True,0,0.9402059,True,0.9686698,0.5185305,0.81096584,Easy
735,0,0,0.52059627,True,0,0.97909534,True,0,0.9992853,True,0.9623896,0.5333155,0.85254085,Easy
736,1,1,0.5021248,True,1,0.64276844,True,0,0.6712396,False,0.9674358,0.5075074,0.0,Text_Only
737,1,1,0.52283037,True,1,0.7185526,True,1,0.9553269,True,0.9674368,0.50872815,0.88646555,Easy
738,0,0,0.55845445,True,0,0.9778121,True,0,0.99640816,True,0.96401507,0.5305819,0.0,Easy
739,0,1,0.51461315,False,1,0.56836677,False,1,0.52130806,False,0.9672292,0.51755154,0.8726826,Hard
740,0,0,0.5698313,True,0,0.8230254,True,0,0.9968694,True,0.9648566,0.5177375,0.7808162,Easy
741,0,0,0.5701525,True,0,0.94671845,True,0,0.9976336,True,0.96378577,0.5255702,0.8291644,Easy
742,0,0,0.570245,True,0,0.9529617,True,0,0.99799794,True,0.96392006,0.530041,0.8255681,Easy
743,0,0,0.5585353,True,1,0.78839827,False,0,0.5498716,True,0.9655578,0.49654186,0.8937477,Graph_Only
744,1,1,0.59078085,True,1,0.61156976,True,1,0.9204327,True,0.9664918,0.5144365,0.7719661,Easy
745,1,1,0.52480763,True,1,0.83793104,True,1,0.97945786,True,0.9673265,0.5026732,0.78906524,Easy
746,1,1,0.5126326,True,1,0.5938294,True,1,0.878429,True,0.9660613,0.5126319,0.7324975,Easy
747,0,0,0.5398542,True,0,0.9669493,True,0,0.9987208,True,0.9629636,0.5271599,0.84736216,Easy
748,0,0,0.5879557,True,0,0.87455267,True,0,0.9957135,True,0.96495247,0.5176472,0.90333843,Easy
749,0,0,0.566734,True,0,0.7518551,True,0,0.8651642,True,0.9703477,0.5233596,0.0,Easy
750,0,0,0.569257,True,0,0.8472335,True,0,0.9610036,True,0.96937215,0.52300715,0.82073045,Easy
751,0,0,0.5223857,True,1,0.6938895,False,1,0.7522011,False,0.9671638,0.50432247,0.8284668,Hard
752,1,1,0.5432835,True,1,0.8974048,True,1,0.9912794,True,0.9668538,0.5054479,0.7447537,Easy
753,0,1,0.5811636,False,1,0.5864542,False,1,0.8740914,False,0.9655965,0.516585,0.7483347,Hard
754,0,0,0.5886435,True,0,0.67696404,True,0,0.8664976,True,0.9686288,0.5221187,0.0,Easy
755,0,1,0.5574763,False,1,0.59372205,False,0,0.67375976,True,0.9699023,0.522884,0.8585071,Graph_Only
756,1,1,0.50978917,True,1,0.91905636,True,1,0.9617345,True,0.9636589,0.49633056,0.8219596,Easy
757,0,0,0.57387096,True,1,0.8974523,False,0,0.61401874,True,0.9668503,0.4934415,0.77106136,Graph_Only
758,1,1,0.55620784,True,1,0.90388095,True,1,0.9968665,True,0.9669486,0.5067057,0.7457272,Easy
759,1,1,0.53394514,True,1,0.62167305,True,1,0.9678968,True,0.97408235,0.51661193,0.7257769,Easy
760,0,0,0.5364797,True,0,0.9568307,True,0,0.9956221,True,0.96349764,0.52717185,0.8571832,Easy
761,1,1,0.54026353,True,1,0.858606,True,1,0.9908791,True,0.962897,0.5089221,0.8716564,Easy
762,0,0,0.6221128,True,0,0.7117841,True,0,0.9916313,True,0.9677992,0.50745195,0.9061833,Easy
763,1,1,0.5610542,True,1,0.75994533,True,1,0.76685566,True,0.9657291,0.51332146,0.8509799,Easy
764,0,0,0.54935855,True,0,0.9898318,True,0,0.99972373,True,0.95858467,0.5338357,0.8897835,Easy
765,1,1,0.572464,True,1,0.77029896,True,1,0.98888355,True,0.967386,0.5156223,0.8391541,Easy
766,0,1,0.5247682,False,1,0.5515879,False,0,0.62563586,True,0.9718684,0.51929194,0.7924834,Graph_Only
767,1,1,0.5297075,True,1,0.89017963,True,1,0.98327315,True,0.9639859,0.5073359,0.87729114,Easy
768,0,0,0.5985221,True,0,0.7862333,True,0,0.9733393,True,0.96600753,0.5174631,0.91003036,Easy
769,0,0,0.59784734,True,0,0.71534604,True,0,0.92821014,True,0.9734069,0.52713555,0.69184625,Easy
770,1,1,0.56073546,True,1,0.7635439,True,1,0.9723857,True,0.9640389,0.51398736,0.8384166,Easy
771,1,1,0.5415394,True,1,0.90505075,True,1,0.94919115,True,0.9649336,0.5034037,0.8891777,Easy
772,0,0,0.65948355,True,0,0.5401343,True,0,0.9794112,True,0.9677025,0.50590944,0.9325478,Easy
773,1,1,0.5646841,True,1,0.84695756,True,1,0.99436367,True,0.96756953,0.5134684,0.8100217,Easy
774,0,0,0.6277672,True,0,0.6871632,True,0,0.9686357,True,0.96675074,0.51189333,0.86906296,Easy
775,0,0,0.60690093,True,0,0.8336852,True,0,0.9704358,True,0.9666291,0.52191585,0.8460697,Easy
776,1,1,0.5484617,True,1,0.77004164,True,1,0.7770361,True,0.9670555,0.5116118,0.8593896,Easy
777,0,0,0.5461654,True,0,0.5265674,True,0,0.82971215,True,0.9689608,0.5208803,0.8770671,Easy
778,0,0,0.570422,True,0,0.80020106,True,0,0.57167447,True,0.97736174,0.5184513,0.0,Easy
779,0,0,0.6867041,True,0,0.557553,True,0,0.7778582,True,0.96868575,0.5150855,0.8029822,Easy
780,0,0,0.6559324,True,1,0.55736303,False,0,0.9534387,True,0.9692344,0.5012478,0.8700729,Graph_Only
781,1,0,0.5573403,False,0,0.83366376,False,0,0.75230736,False,0.96803784,0.52634025,0.89131767,Hard
782,1,1,0.5453372,True,1,0.7152519,True,1,0.9629711,True,0.9671794,0.5147759,0.8080755,Easy
783,0,0,0.5534161,True,0,0.9759058,True,0,0.9994593,True,0.9630445,0.52743715,0.90107906,Easy
784,0,0,0.595158,True,0,0.6687584,True,0,0.9951816,True,0.96498203,0.5082882,0.8545929,Easy
785,0,0,0.58886814,True,0,0.88801897,True,0,0.99720347,True,0.9645513,0.5234286,0.91512644,Easy
786,0,0,0.5667198,True,0,0.77351683,True,0,0.94172525,True,0.9702941,0.520348,0.8562001,Easy
787,0,0,0.5717691,True,0,0.7064941,True,0,0.54109526,True,0.9762471,0.5141135,0.0,Easy
788,0,0,0.5802592,True,0,0.9042507,True,0,0.9979159,True,0.9652949,0.52187467,0.92959255,Easy
789,0,0,0.54641837,True,0,0.73623854,True,0,0.7140184,True,0.9705863,0.5276965,0.8366022,Easy
790,0,0,0.59622633,True,1,0.68110967,False,0,0.66128373,True,0.9688749,0.50355226,0.89319336,Graph_Only
791,1,1,0.53129,True,0,0.59663916,False,1,0.99608266,True,0.96696746,0.5287706,0.9035392,Graph_Only
792,0,0,0.6050824,True,0,0.83295274,True,0,0.99811447,True,0.96675146,0.51595783,0.8941759,Easy
793,0,0,0.5955928,True,1,0.7048576,False,0,0.85887975,True,0.9659666,0.49724218,0.9079348,Graph_Only
794,0,0,0.65689915,True,0,0.5457388,True,0,0.9028893,True,0.9663758,0.514579,0.9254841,Easy
795,1,1,0.5299813,True,1,0.94700944,True,1,0.99653924,True,0.9609722,0.49880207,0.0,Easy
796,0,0,0.5628709,True,0,0.9746429,True,0,0.9989141,True,0.9632673,0.5244544,0.90397465,Easy
797,0,0,0.6232594,True,0,0.7894594,True,0,0.99130213,True,0.96622366,0.5173898,0.94284123,Easy
798,1,1,0.5251508,True,1,0.6655015,True,1,0.795397,True,0.96761745,0.50676787,0.0,Easy
799,0,0,0.546231,True,1,0.5518002,False,0,0.5567876,True,0.9689535,0.5106835,0.7991922,Graph_Only
800,0,0,0.6085167,True,0,0.7064238,True,0,0.99218553,True,0.96822786,0.50969774,0.85722446,Easy
801,1,1,0.5417558,True,1,0.90445185,True,1,0.99037814,True,0.96550155,0.5068856,0.80769074,Easy
802,0,0,0.58612335,True,0,0.86470175,True,0,0.9912571,True,0.9633477,0.5154663,0.9408175,Easy
803,0,0,0.5984727,True,0,0.93731475,True,0,0.9869753,True,0.9650366,0.5259763,0.9250452,Easy
804,1,1,0.6089103,True,1,0.5793018,True,0,0.500122,False,0.96690583,0.5223395,0.8143101,Text_Only
805,0,0,0.5912916,True,0,0.7648783,True,0,0.8843037,True,0.9651425,0.5198765,0.9022566,Easy
806,0,0,0.614263,True,0,0.837922,True,0,0.9876667,True,0.96615106,0.5153999,0.89315546,Easy
807,0,0,0.59445494,True,0,0.8476633,True,0,0.97284615,True,0.96348,0.5168772,0.8872812,Easy
808,1,1,0.5516349,True,1,0.6959801,True,1,0.7807343,True,0.96790427,0.50460607,0.8443848,Easy
809,0,0,0.53951526,True,0,0.92595065,True,0,0.9979412,True,0.9709091,0.5203091,0.85012096,Easy
810,0,0,0.58290017,True,0,0.8762418,True,0,0.9971258,True,0.96594536,0.51700366,0.9147166,Easy
811,0,0,0.58532935,True,0,0.8784784,True,0,0.9828215,True,0.96704257,0.51987034,0.8798735,Easy
812,0,0,0.5532455,True,0,0.86479133,True,0,0.9982949,True,0.96703446,0.5157687,0.8468264,Easy
813,1,1,0.5314514,True,0,0.5010243,False,1,0.8791026,True,0.9646317,0.52241796,0.869869,Graph_Only
814,1,1,0.54376715,True,0,0.50525516,False,1,0.87444377,True,0.96445215,0.52154386,0.91696715,Graph_Only
815,0,0,0.563294,True,0,0.9584919,True,0,0.9991371,True,0.9655432,0.52325886,0.88646436,Easy
816,0,0,0.5387273,True,0,0.87255615,True,0,0.99616665,True,0.9713167,0.52734315,0.8220191,Easy
817,0,0,0.6272806,True,0,0.86003655,True,0,0.99262846,True,0.96731323,0.51735747,0.93906665,Easy
818,0,1,0.5392015,False,1,0.79732096,False,1,0.95538294,False,0.9634555,0.50358313,0.0,Hard
819,0,0,0.5602285,True,0,0.9575635,True,0,0.99955577,True,0.9637024,0.52283865,0.8935441,Easy
820,1,1,0.56645626,True,1,0.75858736,True,1,0.73558253,True,0.9670049,0.50128865,0.0,Easy
821,1,0,0.5909868,False,0,0.7698506,False,0,0.9722163,False,0.9671859,0.5133356,0.9046124,Hard
822,1,0,0.51001155,False,0,0.6843386,False,1,0.8167466,True,0.96535456,0.52043563,0.0,Graph_Only
823,0,0,0.57047284,True,1,0.7289057,False,0,0.57343775,True,0.9678171,0.50369555,0.84227705,Graph_Only
824,0,0,0.58753705,True,0,0.7259333,True,0,0.96259606,True,0.97355604,0.5136648,0.8125924,Easy
825,1,0,0.5557257,False,1,0.5719673,True,1,0.88579386,True,0.96645796,0.51095784,0.0,Easy
826,0,0,0.5419005,True,1,0.76930696,False,0,0.50909686,True,0.96497893,0.5053975,0.0,Graph_Only
827,0,0,0.5796391,True,0,0.9000293,True,0,0.9979755,True,0.9645499,0.5167327,0.92990106,Easy
828,0,0,0.5853946,True,0,0.8807192,True,0,0.9951049,True,0.9677558,0.51851547,0.8940654,Easy
829,1,1,0.5497442,True,1,0.89113176,True,1,0.99455655,True,0.9631652,0.50857997,0.8482943,Easy
830,0,0,0.6071611,True,0,0.76797116,True,0,0.9801937,True,0.9676585,0.5173473,0.86459905,Easy
831,0,0,0.625722,True,0,0.7484177,True,0,0.99423766,True,0.96590984,0.51248336,0.9187074,Easy
832,1,0,0.51330674,False,0,0.52569854,False,0,0.5093817,False,0.9707372,0.52290666,0.78387904,Hard
833,0,0,0.61520404,True,0,0.7449079,True,0,0.9601986,True,0.9684093,0.51871717,0.8808812,Easy
834,0,0,0.62898076,True,0,0.69215995,True,0,0.79584545,True,0.96514255,0.5163855,0.8745741,Easy
835,0,0,0.55791223,True,0,0.94404155,True,0,0.99891555,True,0.96256065,0.52088445,0.92354405,Easy
836,0,0,0.6173129,True,0,0.628805,True,0,0.9805612,True,0.96655655,0.5147036,0.8214154,Easy
837,0,0,0.5767525,True,0,0.94439197,True,0,0.95717436,True,0.96666944,0.5296085,0.8522639,Easy
838,1,0,0.5246542,False,1,0.6272076,True,1,0.7308082,True,0.96903914,0.508738,0.8802625,Easy
839,0,0,0.6065247,True,0,0.8554991,True,0,0.9684391,True,0.96493435,0.52151376,0.84378695,Easy
840,1,1,0.5621809,True,1,0.86222607,True,1,0.9534121,True,0.96623325,0.5016892,0.0,Easy
841,0,0,0.6625977,True,0,0.6359665,True,0,0.99097013,True,0.96312094,0.5096454,0.8412658,Easy
842,0,0,0.6162803,True,0,0.79958135,True,0,0.98924875,True,0.9658877,0.5183159,0.83564055,Easy
843,0,0,0.588741,True,1,0.567957,False,0,0.82071495,True,0.9641733,0.5094224,0.0,Graph_Only
844,0,0,0.60497993,True,0,0.53730494,True,0,0.76701456,True,0.97102547,0.5135261,0.0,Easy
845,0,1,0.5229254,False,1,0.57662654,False,0,0.65331286,True,0.9681779,0.5134548,0.0,Graph_Only
846,0,0,0.55227536,True,0,0.8620344,True,0,0.96975505,True,0.96992266,0.52102065,0.78894806,Easy
847,1,0,0.511456,False,1,0.5685492,True,1,0.5455946,True,0.9637663,0.5128898,0.8665816,Easy
848,0,0,0.5463096,True,1,0.78880787,False,0,0.8267931,True,0.96363235,0.507699,0.79345393,Graph_Only
849,1,1,0.5311407,True,0,0.503907,False,1,0.56190264,True,0.9716847,0.514098,0.7729894,Graph_Only
850,0,0,0.5325886,True,1,0.6520915,False,0,0.5094391,True,0.96534634,0.5124407,0.9010653,Graph_Only
851,0,0,0.5108215,True,0,0.5491716,True,0,0.5989812,True,0.96654284,0.5151068,0.8843771,Easy
852,0,0,0.6020152,True,0,0.7613471,True,0,0.98981583,True,0.9675201,0.5138202,0.8503862,Easy
853,1,1,0.536557,True,1,0.7603604,True,1,0.97939175,True,0.9658318,0.5095224,0.83416635,Easy
854,1,0,0.5166918,False,0,0.66643536,False,0,0.5612728,False,0.9703348,0.51790965,0.8690318,Hard
855,0,0,0.6484807,True,0,0.7302088,True,0,0.9622945,True,0.9675228,0.5194401,0.88741195,Easy
856,1,0,0.5582282,False,0,0.70839226,False,1,0.661988,True,0.9681519,0.51913667,0.81753725,Graph_Only
857,0,0,0.5375536,True,0,0.919419,True,0,0.9974443,True,0.96702695,0.5158034,0.775146,Easy
858,0,0,0.57572675,True,0,0.7732351,True,0,0.55794007,True,0.96881807,0.52704114,0.85671896,Easy
859,0,0,0.5600848,True,0,0.9158768,True,0,0.9985625,True,0.9643953,0.5212115,0.8339852,Easy
860,0,0,0.596711,True,0,0.8779031,True,0,0.9744829,True,0.9648462,0.521288,0.8792484,Easy
861,1,0,0.50112367,False,1,0.75431615,True,1,0.9708755,True,0.96276784,0.5042242,0.93186444,Easy
862,1,1,0.5616864,True,1,0.81942624,True,1,0.97348183,True,0.96434844,0.5103599,0.8990268,Easy
863,0,0,0.5876609,True,0,0.8537138,True,0,0.97378707,True,0.97097826,0.5163585,0.9044126,Easy
864,0,0,0.63692063,True,0,0.7633595,True,0,0.99102193,True,0.963969,0.51203054,0.91336125,Easy
865,0,0,0.596502,True,0,0.89651906,True,0,0.9992161,True,0.9638233,0.51913804,0.9366406,Easy
866,0,0,0.6422027,True,0,0.6478048,True,0,0.9734071,True,0.96661985,0.50883216,0.87678933,Easy
867,1,1,0.5492725,True,1,0.70866114,True,1,0.8878903,True,0.9668046,0.5090659,0.8369679,Easy
868,0,0,0.5701503,True,0,0.93075293,True,0,0.99916255,True,0.9637042,0.5193292,0.9008799,Easy
869,0,1,0.5473548,False,1,0.642015,False,0,0.5854976,True,0.96826375,0.5180514,0.87304056,Graph_Only
870,0,0,0.60422724,True,0,0.61966234,True,0,0.7688641,True,0.9692666,0.51625454,0.8805217,Easy
871,0,0,0.581841,True,0,0.9199962,True,0,0.99827945,True,0.9642831,0.5228361,0.84191,Easy
872,0,0,0.62750053,True,0,0.5813428,True,0,0.9839336,True,0.9649925,0.50608265,0.94283795,Easy
873,0,0,0.5548106,True,0,0.96919906,True,0,0.99935275,True,0.9631338,0.5271386,0.866907,Easy
874,0,0,0.5615713,True,0,0.902399,True,0,0.98838323,True,0.9664993,0.52017486,0.88478816,Easy
875,0,0,0.5813236,True,0,0.6340446,True,1,0.5301223,False,0.96540886,0.5217501,0.95634073,Text_Only
876,0,0,0.57472223,True,0,0.8553506,True,0,0.99496824,True,0.9658657,0.51922363,0.8406922,Easy
877,0,0,0.5138162,True,1,0.5760772,False,0,0.5993885,True,0.96765745,0.5098876,0.8790281,Graph_Only
878,0,0,0.58861256,True,0,0.9100899,True,0,0.9955036,True,0.965063,0.5198116,0.8863929,Easy
879,0,0,0.5656864,True,0,0.8068624,True,0,0.9825899,True,0.96875954,0.52227443,0.8411306,Easy
880,1,1,0.5670199,True,1,0.73679596,True,1,0.9905043,True,0.9627056,0.5114656,0.9010177,Easy
881,1,1,0.5121899,True,1,0.9424697,True,1,0.98770696,True,0.9638051,0.50072455,0.0,Easy
882,1,1,0.54178023,True,1,0.8661632,True,1,0.95478195,True,0.9664074,0.50046426,0.0,Easy
883,1,0,0.547985,False,1,0.54985136,True,1,0.9502759,True,0.9705099,0.5126309,0.0,Easy
884,0,0,0.57365537,True,0,0.9479342,True,0,0.99887913,True,0.9631542,0.5229108,0.88045895,Easy
885,1,1,0.54706454,True,1,0.81379354,True,1,0.9937469,True,0.9659283,0.5119903,0.851269,Easy
886,0,0,0.5484001,True,0,0.9716835,True,0,0.9995079,True,0.9615949,0.52951545,0.818488,Easy
887,0,0,0.624712,True,0,0.5350243,True,0,0.839769,True,0.9658084,0.5125596,0.8318784,Easy
888,0,0,0.62004924,True,0,0.7940083,True,0,0.97689444,True,0.9690085,0.52196145,0.882639,Easy
889,0,0,0.5722474,True,0,0.7656131,True,0,0.98198664,True,0.97135264,0.51668113,0.77024275,Easy
890,1,1,0.53896344,True,1,0.6823548,True,1,0.8083414,True,0.96738243,0.5153098,0.79928863,Easy
891,0,0,0.58527213,True,0,0.86516464,True,0,0.99559045,True,0.966666,0.5202692,0.81946987,Easy
892,0,0,0.58445436,True,0,0.8120618,True,0,0.9379889,True,0.9692645,0.52267617,0.8682369,Easy
893,0,0,0.56760746,True,0,0.90460825,True,0,0.9979018,True,0.9648797,0.51470125,0.89598477,Easy
894,0,0,0.57010984,True,0,0.968475,True,0,0.9973707,True,0.9614873,0.52766085,0.0,Easy
895,1,0,0.5627636,False,0,0.5595889,False,1,0.915143,True,0.97040224,0.516448,0.8111755,Graph_Only
896,0,0,0.6907868,True,0,0.6174273,True,0,0.94150996,True,0.96475637,0.5147319,0.8943502,Easy
897,1,0,0.6023324,False,0,0.6197778,False,0,0.79509044,False,0.96947706,0.51292944,0.9137089,Hard
898,1,0,0.622002,False,0,0.5968292,False,0,0.662956,False,0.9638998,0.5147285,0.91259587,Hard
899,1,0,0.5424495,False,0,0.5663962,False,0,0.60877186,False,0.9682275,0.51477754,0.8761486,Hard
900,0,0,0.5516079,True,0,0.9845962,True,0,0.9985936,True,0.9618316,0.52998626,0.9118184,Easy
901,0,0,0.61479616,True,0,0.6714374,True,0,0.94487447,True,0.9676877,0.5136228,0.84998107,Easy
902,0,1,0.5100319,False,1,0.697365,False,1,0.71728784,False,0.9637469,0.5063578,0.88945603,Hard
903,0,0,0.58469176,True,0,0.86691815,True,0,0.990957,True,0.96932924,0.52031785,0.83603823,Easy
904,1,1,0.5302368,True,1,0.798979,True,1,0.9843811,True,0.9645362,0.50787884,0.8841773,Easy
905,1,1,0.53286636,True,1,0.91470224,True,1,0.985357,True,0.96304667,0.501068,0.0,Easy
906,0,0,0.5395629,True,0,0.95976347,True,0,0.99920326,True,0.96609086,0.53262913,0.8005049,Easy
907,1,0,0.53014594,False,1,0.64322996,True,1,0.83747077,True,0.96771353,0.5050149,0.8549351,Easy
908,0,0,0.5759354,True,0,0.97879225,True,0,0.9944142,True,0.96353805,0.5363662,0.8989189,Easy
909,0,0,0.6478859,True,0,0.60465723,True,0,0.8927898,True,0.9670049,0.51834494,0.93893915,Easy
910,0,0,0.56750137,True,0,0.9362571,True,0,0.9989243,True,0.9650978,0.5214484,0.8611177,Easy
911,0,1,0.51290554,False,1,0.68879217,False,1,0.88065046,False,0.9692519,0.5030764,0.7813864,Hard
912,1,1,0.5235038,True,1,0.9573344,True,1,0.98114955,True,0.9631567,0.50201946,0.79633415,Easy
913,0,0,0.5532169,True,0,0.6246586,True,1,0.8143135,False,0.96508265,0.5197559,0.8533588,Text_Only
914,0,0,0.6346923,True,0,0.65786654,True,0,0.8359307,True,0.9653544,0.5199197,0.93783164,Easy
915,0,0,0.63256633,True,0,0.6078057,True,0,0.92280173,True,0.966819,0.51531273,0.8874364,Easy
916,0,0,0.6366348,True,0,0.69373566,True,0,0.9537963,True,0.9684206,0.51569974,0.79480296,Easy
917,1,1,0.51656413,True,1,0.73137146,True,1,0.8666263,True,0.9656174,0.50779426,0.0,Easy
918,0,0,0.55176365,True,1,0.63247776,False,0,0.5854401,True,0.9698593,0.5064645,0.85323024,Graph_Only
919,0,0,0.67122716,True,0,0.51298755,True,0,0.707919,True,0.9662589,0.5114684,0.9148592,Easy
920,1,1,0.5809976,True,1,0.55852854,True,1,0.8352748,True,0.9646877,0.50902086,0.87578356,Easy
921,0,0,0.5963231,True,0,0.89934826,True,0,0.99571687,True,0.9650723,0.5178084,0.91640127,Easy
922,0,0,0.58664066,True,0,0.8918991,True,0,0.9960187,True,0.9675689,0.5214209,0.9200098,Easy
923,1,1,0.5512996,True,1,0.7623637,True,1,0.98371303,True,0.9636916,0.50543666,0.0,Easy
924,0,0,0.54215217,True,0,0.985112,True,0,0.9995938,True,0.96008325,0.53061134,0.8751279,Easy
925,1,0,0.50116056,False,0,0.5298012,False,1,0.73501754,True,0.96488726,0.51389545,0.90982574,Graph_Only
926,0,0,0.5044846,True,1,0.5595146,False,1,0.8008827,False,0.9667338,0.5180558,0.8567178,Hard
927,0,0,0.57696754,True,0,0.8477035,True,0,0.9940258,True,0.96615297,0.5182855,0.8668324,Easy
928,1,0,0.5698156,False,0,0.6248563,False,0,0.50361854,False,0.96528685,0.5171298,0.8698578,Hard
929,1,1,0.55537677,True,1,0.7918827,True,1,0.94613075,True,0.9666362,0.5039989,0.0,Easy
930,0,0,0.58172214,True,0,0.96160936,True,0,0.9902884,True,0.96504617,0.52903163,0.0,Easy
931,0,0,0.6016182,True,0,0.86310685,True,0,0.9849032,True,0.96685517,0.51681405,0.913144,Easy
932,1,1,0.51934886,True,1,0.84005046,True,1,0.98041576,True,0.96340585,0.50187474,0.8499776,Easy
933,1,1,0.54142654,True,1,0.9308806,True,1,0.996506,True,0.95990086,0.5021606,0.8843284,Easy
934,1,0,0.6206731,False,0,0.50494653,False,0,0.6237744,False,0.9670114,0.51184744,0.8730225,Hard
935,0,0,0.6655873,True,1,0.5087464,False,0,0.7996844,True,0.9700123,0.5136925,0.0,Graph_Only
936,0,0,0.5677205,True,0,0.936127,True,0,0.82424617,True,0.9640576,0.5286483,0.8443848,Easy
937,1,0,0.5217618,False,1,0.7605285,True,1,0.7772159,True,0.96426034,0.50610024,0.8659914,Easy
938,0,0,0.5744957,True,0,0.9344965,True,0,0.9980927,True,0.9651536,0.52474797,0.897612,Easy
939,1,0,0.58797926,False,1,0.5987657,True,1,0.60845935,True,0.9673462,0.5100423,0.8466746,Easy
940,0,0,0.52662617,True,0,0.97141844,True,0,0.99925274,True,0.9637108,0.5266032,0.8485696,Easy
941,0,0,0.644714,True,0,0.70342714,True,0,0.96343255,True,0.9665028,0.5144648,0.93008006,Easy
942,0,0,0.62070495,True,0,0.5456431,True,0,0.64903784,True,0.96727216,0.51970625,0.83976394,Easy
943,0,0,0.5544261,True,0,0.9736553,True,0,0.9994784,True,0.962074,0.529529,0.90718174,Easy
944,1,1,0.500864,True,1,0.7070226,True,1,0.94918674,True,0.97011197,0.50469595,0.0,Easy
945,0,1,0.51162165,False,1,0.7072212,False,1,0.64610076,False,0.9674866,0.5048515,0.0,Hard
946,1,1,0.54925513,True,1,0.7295374,True,1,0.9490955,True,0.966004,0.5040104,0.79612696,Easy
947,0,0,0.58623976,True,0,0.8937921,True,0,0.99552274,True,0.9633229,0.51995724,0.9163937,Easy
948,0,0,0.60251325,True,0,0.9178117,True,0,0.9949864,True,0.964141,0.5240921,0.7659507,Easy
949,0,0,0.64322764,True,0,0.74264807,True,0,0.9612792,True,0.96733284,0.5175028,0.90470773,Easy
950,0,0,0.53694874,True,0,0.94727457,True,0,0.9985732,True,0.96408117,0.52096933,0.85161316,Easy
951,1,0,0.53964704,False,1,0.6081059,True,1,0.52994674,True,0.96568954,0.510921,0.0,Easy
952,0,0,0.5884599,True,0,0.74938405,True,0,0.83376193,True,0.964929,0.52263165,0.85323036,Easy
953,0,0,0.5838597,True,0,0.8227893,True,0,0.9970374,True,0.96424496,0.5144978,0.8952446,Easy
954,0,0,0.6802634,True,0,0.56223905,True,0,0.9700505,True,0.9652972,0.50763583,0.9319097,Easy
955,0,0,0.606562,True,0,0.77820265,True,0,0.9946518,True,0.9645811,0.51307386,0.90990585,Easy
956,0,0,0.6602342,True,1,0.65049773,False,0,0.8912977,True,0.9644474,0.5037323,0.917142,Graph_Only
957,0,0,0.5584758,True,0,0.98049116,True,0,0.9885485,True,0.96366847,0.5247713,0.9130388,Easy
958,0,0,0.59554666,True,0,0.82461864,True,0,0.5891852,True,0.96647453,0.5259513,0.82774216,Easy
959,0,0,0.55043906,True,0,0.99373007,True,0,0.9993438,True,0.9579845,0.5328309,0.90211904,Easy
960,0,0,0.54112196,True,0,0.8027476,True,0,0.98426336,True,0.96877915,0.51871103,0.82228184,Easy
961,0,0,0.5026769,True,1,0.6829508,False,1,0.56121796,False,0.96808004,0.50873774,0.0,Hard
962,0,0,0.71866494,True,0,0.5081758,True,0,0.8177921,True,0.96538866,0.5134647,0.0,Easy
963,0,0,0.55599606,True,0,0.96354055,True,0,0.9983897,True,0.9652325,0.52157044,0.87997377,Easy
964,1,1,0.5842253,True,1,0.64488834,True,1,0.5979391,True,0.9700321,0.50750095,0.0,Easy
965,0,0,0.56530666,True,0,0.5963507,True,1,0.5740824,False,0.96476865,0.5231607,0.8589791,Text_Only
966,0,0,0.6051829,True,0,0.82257974,True,0,0.9047692,True,0.9674076,0.5206713,0.8307997,Easy
967,1,0,0.60486406,False,0,0.8063571,False,0,0.9840515,False,0.966254,0.51328075,0.8805146,Hard
968,0,0,0.57186574,True,1,0.57554466,False,0,0.8721352,True,0.9685394,0.5127412,0.834393,Graph_Only
969,0,0,0.56366116,True,0,0.87773085,True,0,0.96020544,True,0.96682334,0.52288413,0.7408649,Easy
970,0,0,0.6472998,True,0,0.65972567,True,0,0.7918078,True,0.9657007,0.516183,0.8743755,Easy
971,0,0,0.57159466,True,0,0.9487706,True,0,0.99900925,True,0.9644397,0.52200735,0.8590338,Easy
972,0,0,0.56988007,True,0,0.95728934,True,0,0.999143,True,0.96286553,0.52244025,0.9248698,Easy
973,0,0,0.61175084,True,0,0.73323965,True,0,0.94849914,True,0.9667196,0.5169072,0.0,Easy
974,1,0,0.5163124,False,1,0.52331465,True,1,0.86633074,True,0.9645059,0.5140478,0.912283,Easy
975,0,0,0.67252386,True,0,0.5073482,True,0,0.98595273,True,0.96677125,0.51045495,0.9152221,Easy
976,1,1,0.5347887,True,1,0.6999564,True,1,0.9717056,True,0.9636235,0.5108832,0.8564527,Easy
977,0,0,0.58440787,True,0,0.8159215,True,0,0.9892022,True,0.96707445,0.5178981,0.8636558,Easy
978,0,0,0.6035823,True,1,0.66389996,False,0,0.9168023,True,0.9642035,0.5062145,0.84951013,Graph_Only
979,0,0,0.5665745,True,0,0.8078471,True,0,0.9988121,True,0.96492016,0.5107811,0.9102472,Easy
980,0,0,0.5175405,True,1,0.6079891,False,0,0.78847086,True,0.96821,0.5156836,0.8809602,Graph_Only
981,0,0,0.58236414,True,0,0.79947734,True,0,0.87886983,True,0.9657229,0.5192223,0.81752086,Easy
982,1,1,0.5121173,True,1,0.77724445,True,1,0.6415311,True,0.9636774,0.5082667,0.9281579,Easy
983,0,0,0.5535363,True,0,0.96898043,True,0,0.999353,True,0.96209073,0.5268505,0.9193139,Easy
984,0,0,0.6324129,True,0,0.7309952,True,0,0.84142494,True,0.9671575,0.5175743,0.89455664,Easy
985,0,0,0.62730944,True,1,0.52771944,False,0,0.75744486,True,0.96893966,0.5150458,0.799817,Graph_Only
986,1,1,0.54837173,True,1,0.800808,True,1,0.6943824,True,0.96707904,0.4974499,0.0,Easy
987,0,0,0.555799,True,0,0.99227303,True,0,0.99857366,True,0.95985645,0.53694844,0.86130035,Easy
988,1,1,0.53301114,True,1,0.93409747,True,1,0.9936313,True,0.96185046,0.5026017,0.8681641,Easy
989,0,0,0.6280507,True,0,0.7681783,True,0,0.98712015,True,0.96619433,0.51574117,0.8827861,Easy
990,0,0,0.616349,True,0,0.7875098,True,0,0.96058136,True,0.96514463,0.5156464,0.9148512,Easy
991,1,0,0.5116357,False,1,0.5260218,True,1,0.7395863,True,0.9647809,0.51546603,0.8911015,Easy
992,1,1,0.5386996,True,1,0.7540476,True,1,0.971602,True,0.9644325,0.5094602,0.87215585,Easy
993,1,0,0.586549,False,0,0.67557013,False,0,0.74480444,False,0.9666201,0.52211344,0.8556255,Hard
994,0,0,0.6476001,True,0,0.64589053,True,0,0.92182493,True,0.969514,0.5159734,0.83954084,Easy
995,0,1,0.5951095,False,1,0.76087075,False,1,0.96405965,False,0.96401304,0.51722634,0.88249844,Hard
996,1,1,0.5245634,True,1,0.8348498,True,1,0.9575209,True,0.96327823,0.5058653,0.88616455,Easy
997,0,0,0.5788437,True,0,0.93082976,True,0,0.99747664,True,0.9651891,0.52189744,0.94923097,Easy
998,0,0,0.607783,True,0,0.8043078,True,0,0.9917618,True,0.96621025,0.5191844,0.8863162,Easy
999,1,1,0.5533016,True,1,0.84484124,True,1,0.988399,True,0.9622537,0.50476193,0.89155126,Easy
1000,0,0,0.5769828,True,0,0.8938176,True,0,0.95389867,True,0.9646789,0.52165717,0.77498835,Easy
1001,1,1,0.50216347,True,1,0.6502895,True,1,0.81297284,True,0.9672568,0.5182697,0.88914126,Easy
1002,0,0,0.66764295,True,0,0.6033493,True,0,0.85864747,True,0.968584,0.5129544,0.84308124,Easy
1003,0,0,0.6015535,True,0,0.71580136,True,0,0.8484753,True,0.9640049,0.51603156,0.8612833,Easy
1004,0,0,0.5933427,True,0,0.7989607,True,0,0.93460405,True,0.96752715,0.5161304,0.84169173,Easy
1005,0,0,0.56493217,True,0,0.9450195,True,0,0.99959284,True,0.9647568,0.5204862,0.86544,Easy
1006,0,0,0.6113884,True,0,0.8387142,True,0,0.9926105,True,0.96561414,0.5163594,0.89860004,Easy
1007,0,0,0.6623574,True,1,0.5986447,False,0,0.9796578,True,0.9702695,0.50878495,0.8549426,Graph_Only
1008,0,0,0.5894755,True,0,0.72421515,True,0,0.77326375,True,0.9691544,0.5211317,0.8111595,Easy
1009,0,0,0.5998083,True,0,0.85253614,True,0,0.9990497,True,0.96416175,0.51869154,0.9197209,Easy
1010,1,1,0.5340188,True,1,0.64646745,True,1,0.72107,True,0.9657716,0.5175302,0.912804,Easy
1011,1,0,0.5018886,False,0,0.7840021,False,1,0.9501283,True,0.97331923,0.5188794,0.0,Graph_Only
1012,0,0,0.61790335,True,1,0.5794894,False,1,0.56144685,False,0.96475136,0.5111431,0.0,Hard
1013,1,1,0.5159661,True,1,0.71745837,True,1,0.6887692,True,0.9719543,0.50779825,0.7168915,Easy
1014,1,1,0.50748616,True,1,0.8477895,True,1,0.9699978,True,0.9642613,0.5023571,0.0,Easy
1015,1,1,0.5600559,True,1,0.86925155,True,1,0.9713637,True,0.9650897,0.49846995,0.8080914,Easy
1016,1,1,0.56945795,True,1,0.80724955,True,1,0.9858825,True,0.9624748,0.50287247,0.0,Easy
1017,0,1,0.53416526,False,1,0.7092521,False,0,0.680459,True,0.97253156,0.51360565,0.78698653,Graph_Only
1018,0,0,0.5826149,True,0,0.8520111,True,0,0.9949582,True,0.96757865,0.51473254,0.92199695,Easy
1019,1,0,0.51825273,False,1,0.6754901,True,1,0.5389361,True,0.9644569,0.505487,0.89132416,Easy
1020,0,1,0.5378355,False,1,0.8105026,False,1,0.81657875,False,0.9643463,0.4988913,0.0,Hard
1021,1,1,0.5383807,True,1,0.8664822,True,1,0.99672514,True,0.9633518,0.5089752,0.85695285,Easy
1022,1,0,0.62725484,False,0,0.68322855,False,0,0.6520624,False,0.96394765,0.52138984,0.8531152,Hard
1023,0,0,0.64491415,True,0,0.5998387,True,0,0.9966253,True,0.9681754,0.51107335,0.88328546,Easy
1024,0,0,0.5302611,True,0,0.99100024,True,0,0.9995084,True,0.9595312,0.5350927,0.84148335,Easy
1025,1,1,0.53300834,True,1,0.7977472,True,1,0.9788037,True,0.96559703,0.5068191,0.8725474,Easy
1026,1,0,0.54351175,False,1,0.7473985,True,1,0.69262564,True,0.9654877,0.5103061,0.8748994,Easy
1027,1,0,0.56553334,False,0,0.81932783,False,1,0.64101243,True,0.96635365,0.5267389,0.8784015,Graph_Only
1028,0,0,0.51981485,True,0,0.82343674,True,0,0.5151368,True,0.9725931,0.5175594,0.0,Easy
1029,0,0,0.55896336,True,0,0.9510652,True,0,0.99862814,True,0.9639027,0.5209696,0.9153495,Easy
1030,0,0,0.593129,True,0,0.7177578,True,0,0.8505791,True,0.9693249,0.5204463,0.86937904,Easy
1031,1,0,0.5011075,False,1,0.7139003,True,1,0.9731698,True,0.96369535,0.50767946,0.9005427,Easy
1032,0,0,0.580015,True,1,0.52816325,False,0,0.648198,True,0.9688386,0.51278675,0.0,Graph_Only
1033,1,1,0.55470073,True,1,0.7540998,True,1,0.9861369,True,0.9646119,0.5129115,0.8674931,Easy
1034,0,0,0.56386656,True,0,0.97036785,True,0,0.99887687,True,0.96367013,0.5299089,0.9265653,Easy
1035,0,0,0.5545209,True,0,0.9572235,True,0,0.9988695,True,0.9642594,0.5210757,0.9050749,Easy
1036,0,0,0.54459447,True,0,0.98451,True,0,0.99798346,True,0.96247673,0.52898014,0.88883317,Easy
1037,0,0,0.59711725,True,0,0.87968504,True,0,0.98950785,True,0.9676902,0.5158233,0.90366066,Easy
1038,1,0,0.50164133,False,1,0.8900229,True,1,0.9819043,True,0.96333414,0.498193,0.7770641,Easy
1039,0,0,0.5797117,True,0,0.9241518,True,0,0.9965533,True,0.96512246,0.5241766,0.8721968,Easy
1040,1,0,0.5875358,False,0,0.641179,False,1,0.60962236,True,0.9680463,0.5260889,0.8478049,Graph_Only
1041,1,1,0.5443019,True,1,0.81565064,True,1,0.981902,True,0.9633592,0.51580465,0.9194891,Easy
1042,1,1,0.5062154,True,1,0.60237026,True,0,0.66457486,False,0.96702385,0.51188624,0.0,Text_Only
1043,1,0,0.5824968,False,1,0.53423375,True,1,0.91378164,True,0.9672513,0.5200128,0.8013457,Easy
1044,1,0,0.5145914,False,1,0.8561198,True,1,0.96760386,True,0.96311283,0.50573814,0.8845111,Easy
1045,1,1,0.50344026,True,1,0.90441644,True,1,0.9074879,True,0.96439224,0.48914889,0.8498152,Easy
1046,0,0,0.55532014,True,1,0.6897836,False,1,0.60603034,False,0.97023815,0.5101614,0.7560688,Hard
1047,1,0,0.6190305,False,1,0.5349755,True,0,0.7107302,False,0.96587133,0.5113027,0.0,Text_Only
1048,0,0,0.572733,True,0,0.9704756,True,0,0.99935967,True,0.9624741,0.52730954,0.89832497,Easy
1049,0,0,0.6863421,True,1,0.59034926,False,0,0.9650705,True,0.972144,0.50848246,0.8037469,Graph_Only
1050,0,0,0.57524925,True,0,0.9073949,True,0,0.9937973,True,0.9660865,0.5253034,0.8166177,Easy
1051,0,0,0.5729147,True,0,0.9080525,True,0,0.92964107,True,0.9694157,0.52170664,0.8600777,Easy
1052,0,0,0.5596515,True,1,0.7546276,False,1,0.7003047,False,0.9653229,0.5027146,0.84864855,Hard
1053,1,1,0.5205041,True,1,0.74071133,True,1,0.9048822,True,0.9686557,0.5131966,0.82709074,Easy
1054,0,0,0.64493096,True,0,0.72864455,True,0,0.88619775,True,0.9673604,0.51557153,0.8166369,Easy
1055,1,1,0.5183433,True,1,0.97988415,True,1,0.9966767,True,0.95808995,0.4908358,0.7347348,Easy
1056,0,0,0.53806794,True,1,0.5438571,False,0,0.5812199,True,0.9740804,0.5129281,0.0,Graph_Only
1057,1,1,0.5253021,True,1,0.95934975,True,1,0.9921783,True,0.9586839,0.4978395,0.8092426,Easy
1058,1,1,0.5167552,True,1,0.6433575,True,1,0.93674815,True,0.9671622,0.5202857,0.83640647,Easy
1059,1,0,0.5960139,False,0,0.5746966,False,1,0.8511983,True,0.967548,0.5149185,0.90086883,Graph_Only
1060,1,0,0.5079871,False,1,0.71183705,True,0,0.56431407,False,0.96646404,0.5147384,0.85967815,Text_Only
1061,1,0,0.61757594,False,0,0.5418326,False,0,0.64527786,False,0.96738684,0.51805574,0.772243,Hard
1062,0,0,0.5919685,True,0,0.74529207,True,0,0.8641655,True,0.9709623,0.5267248,0.8149366,Easy
1063,0,0,0.56541336,True,0,0.9500006,True,0,0.99790823,True,0.96729094,0.52100545,0.89860845,Easy
1064,0,0,0.6744817,True,0,0.7512841,True,0,0.96751016,True,0.9680161,0.5211068,0.86092544,Easy
1065,0,0,0.6296538,True,0,0.80226225,True,0,0.9943463,True,0.9681991,0.51950973,0.9000598,Easy
1066,1,0,0.5405937,False,1,0.72989696,True,0,0.55332667,False,0.96806586,0.5022583,0.9013159,Text_Only
1067,0,0,0.62127596,True,0,0.7059362,True,0,0.86726207,True,0.9732949,0.51251864,0.8291825,Easy
1068,1,0,0.50970143,False,1,0.84708226,True,1,0.96956795,True,0.962242,0.5060914,0.9137181,Easy
1069,1,1,0.5252385,True,1,0.807138,True,1,0.98733306,True,0.96402335,0.50723976,0.8430004,Easy
1070,1,0,0.5283525,False,1,0.6827059,True,1,0.98751765,True,0.9642695,0.5061194,0.74094385,Easy
1071,0,0,0.6740509,True,1,0.524117,False,0,0.9900946,True,0.97010684,0.50634277,0.9212237,Graph_Only
1072,1,0,0.5100864,False,1,0.7598159,True,1,0.98884344,True,0.96518695,0.50611573,0.79178846,Easy
1073,1,1,0.5528552,True,1,0.7087945,True,1,0.9701226,True,0.96823514,0.503914,0.8382307,Easy
1074,1,0,0.5023356,False,1,0.8539756,True,1,0.9871487,True,0.96432817,0.5011919,0.76551116,Easy
1075,1,1,0.50305825,True,1,0.9415581,True,1,0.9962921,True,0.96245277,0.4953615,0.8061125,Easy
1076,0,0,0.5451315,True,0,0.98762476,True,0,0.99961793,True,0.95950484,0.53112274,0.9232108,Easy
1077,1,1,0.5054988,True,1,0.9406432,True,1,0.9933102,True,0.9604972,0.49919823,0.74668616,Easy
1078,1,1,0.5160059,True,1,0.86899924,True,1,0.9641725,True,0.9675106,0.5078592,0.72252584,Easy
1079,0,0,0.59500915,True,0,0.8556776,True,0,0.99456835,True,0.9669681,0.52234,0.87751806,Easy
1080,0,0,0.579525,True,0,0.68152547,True,0,0.9925944,True,0.9703399,0.51150477,0.8729857,Easy
1081,0,0,0.55030376,True,0,0.95600384,True,0,0.9978695,True,0.9666888,0.5258206,0.8802552,Easy
1082,1,1,0.5156271,True,0,0.64558524,False,1,0.8807024,True,0.97106653,0.5137723,0.87162966,Graph_Only
1083,1,1,0.5315275,True,1,0.91701895,True,1,0.9866672,True,0.9629363,0.50307524,0.7801944,Easy
1084,0,0,0.60601056,True,1,0.859667,False,0,0.7576699,True,0.9654802,0.49686986,0.83796895,Graph_Only
1085,1,1,0.5066102,True,1,0.8576358,True,1,0.9641688,True,0.9665093,0.5031126,0.88638425,Easy
1086,1,1,0.54544795,True,1,0.8585248,True,1,0.97937906,True,0.9640279,0.50622463,0.0,Easy
1087,0,0,0.578889,True,0,0.65523845,True,1,0.595176,False,0.97356737,0.50836307,0.8462056,Text_Only
1088,0,0,0.5962405,True,0,0.8798596,True,0,0.99218565,True,0.9655695,0.5248099,0.918221,Easy
1089,0,0,0.5888979,True,0,0.85569334,True,0,0.92216647,True,0.96543443,0.5245802,0.8782318,Easy
1090,0,0,0.5184882,True,1,0.5478829,False,0,0.7045408,True,0.96924657,0.5137441,0.8223274,Graph_Only
1091,0,0,0.5724004,True,0,0.90831286,True,0,0.98734134,True,0.9677959,0.51591516,0.8813315,Easy
1092,0,0,0.5394276,True,0,0.9790846,True,0,0.9927168,True,0.96360505,0.526414,0.7586822,Easy
1093,0,0,0.56306607,True,0,0.96206516,True,0,0.9987919,True,0.96745586,0.5212074,0.8337827,Easy
1094,1,0,0.51709116,False,1,0.81185675,True,1,0.9468395,True,0.9638144,0.4972874,0.7739042,Easy
1095,0,0,0.55479765,True,1,0.76471156,False,1,0.62445354,False,0.96551096,0.5059261,0.85793793,Hard
1096,1,1,0.51475656,True,1,0.8571032,True,1,0.8421725,True,0.9692224,0.49996462,0.7460679,Easy
1097,0,1,0.521942,False,1,0.8170733,False,1,0.5643669,False,0.9677427,0.49886495,0.7751249,Hard
1098,1,0,0.5004868,False,1,0.90138173,True,1,0.9378149,True,0.9620657,0.5021365,0.83710766,Easy
1099,0,0,0.55768216,True,0,0.91513973,True,0,0.9987331,True,0.9674696,0.52153295,0.85026264,Easy
1100,0,0,0.5014798,True,1,0.81167436,False,0,0.5013782,True,0.96559685,0.5016564,0.0,Graph_Only
1101,0,0,0.6005023,True,0,0.8660672,True,0,0.98405313,True,0.96455324,0.5238594,0.91926503,Easy
1102,0,0,0.5687945,True,0,0.9378971,True,0,0.99577564,True,0.964146,0.5287288,0.9333111,Easy
1103,1,1,0.5072908,True,1,0.7943222,True,1,0.9187524,True,0.9652935,0.503027,0.81924665,Easy
1104,0,0,0.64819354,True,0,0.7689767,True,0,0.92445296,True,0.96782243,0.5172828,0.85586077,Easy
1105,0,0,0.6470787,True,0,0.75071555,True,0,0.96401393,True,0.9654975,0.51975405,0.9334262,Easy
1106,1,0,0.5468861,False,1,0.72211045,True,1,0.88273436,True,0.96387506,0.5091025,0.9150196,Easy
1107,1,0,0.58608013,False,0,0.65384287,False,1,0.6534298,True,0.9722174,0.50736165,0.83471525,Graph_Only
1108,0,0,0.5596058,True,0,0.96924007,True,0,0.9988643,True,0.9636723,0.5310552,0.8903488,Easy
1109,0,0,0.56115466,True,0,0.9402934,True,0,0.9985501,True,0.9641087,0.52819943,0.9446126,Easy
1110,0,0,0.5713652,True,0,0.9497998,True,0,0.942005,True,0.96501756,0.53225845,0.87822783,Easy
1111,0,0,0.5114723,True,1,0.7020396,False,1,0.7832447,False,0.97062755,0.5025152,0.0,Hard
1112,1,1,0.5082752,True,1,0.9122142,True,1,0.98881394,True,0.9602504,0.5055431,0.83715105,Easy
1113,0,0,0.54498374,True,0,0.9323378,True,0,0.99633634,True,0.96665406,0.5244612,0.8671139,Easy
1114,1,1,0.5110201,True,1,0.7861698,True,1,0.9500564,True,0.96614957,0.50478375,0.897321,Easy
1115,1,0,0.53579587,False,1,0.78966,True,1,0.912382,True,0.9639962,0.5065265,0.80078995,Easy
1116,0,0,0.65991145,True,1,0.5434927,False,0,0.95645535,True,0.9660301,0.5117889,0.8993146,Graph_Only
1117,0,0,0.57314324,True,0,0.938926,True,0,0.99803,True,0.9647874,0.5264633,0.9223162,Easy
1118,0,0,0.58421147,True,0,0.86143035,True,0,0.89887905,True,0.96805406,0.5249263,0.8578315,Easy
1119,0,0,0.53791165,True,0,0.9711798,True,0,0.99864465,True,0.964586,0.5297121,0.86464894,Easy
1120,0,0,0.5857671,True,0,0.9285636,True,0,0.9938241,True,0.96850747,0.51871455,0.93205786,Easy
1121,0,0,0.5857558,True,0,0.909988,True,0,0.9410029,True,0.9669094,0.52616584,0.87389016,Easy
1122,0,0,0.6080141,True,0,0.86039513,True,0,0.99311215,True,0.96517134,0.5217829,0.91538966,Easy
1123,1,0,0.5414866,False,1,0.67056054,True,1,0.9365891,True,0.96414274,0.5204624,0.8642835,Easy
1124,0,0,0.65964204,True,1,0.5242388,False,0,0.8967267,True,0.96683216,0.51186657,0.8347297,Graph_Only
1125,0,0,0.6077935,True,0,0.9001745,True,0,0.9760474,True,0.9688636,0.5220447,0.91565096,Easy
1126,1,0,0.54308695,False,1,0.6925453,True,1,0.96688545,True,0.96319544,0.514282,0.85928255,Easy
1127,0,1,0.5199736,False,1,0.7431867,False,0,0.52957314,True,0.9697648,0.49989375,0.0,Graph_Only
1128,1,0,0.55775636,False,0,0.7634005,False,0,0.6340392,False,0.9726263,0.5242548,0.8071935,Hard
1129,0,0,0.5820089,True,0,0.86014175,True,0,0.99543613,True,0.96856064,0.5177335,0.8168421,Easy
1130,1,1,0.54822624,True,1,0.8245909,True,1,0.91128767,True,0.9647766,0.49809888,0.86598724,Easy
1131,1,1,0.5168769,True,1,0.90101093,True,1,0.9832609,True,0.9614195,0.5036701,0.0,Easy
1132,0,0,0.600746,True,0,0.86623394,True,0,0.86078113,True,0.9706071,0.5245161,0.7679671,Easy
1133,1,1,0.5290825,True,1,0.8226558,True,1,0.94914305,True,0.96473825,0.49903718,0.8634909,Easy
1134,0,0,0.6211511,True,0,0.6890203,True,0,0.9971445,True,0.9668806,0.5087891,0.91314197,Easy
1135,1,1,0.5279029,True,1,0.92000544,True,1,0.9926363,True,0.96168745,0.4995729,0.80777216,Easy
1136,1,0,0.53549683,False,1,0.7286951,True,1,0.62502354,True,0.96396995,0.50848603,0.89483917,Easy
1137,1,1,0.5184575,True,1,0.7652544,True,1,0.87818605,True,0.9691386,0.50275123,0.79851913,Easy
1138,0,0,0.57368094,True,0,0.64191437,True,0,0.9984668,True,0.9700755,0.5105812,0.89580405,Easy
1139,0,0,0.6483783,True,1,0.51352084,False,1,0.5873992,False,0.967884,0.51254594,0.8425384,Hard
1140,0,0,0.64963114,True,0,0.560402,True,0,0.9836135,True,0.96971357,0.517296,0.8259622,Easy
1141,0,0,0.60410666,True,0,0.8521901,True,0,0.98752475,True,0.9666487,0.52157676,0.8799465,Easy
1142,0,0,0.57345927,True,0,0.9575812,True,0,0.99699104,True,0.9651252,0.5199435,0.9188316,Easy
1143,0,0,0.5621651,True,0,0.96620417,True,0,0.9984498,True,0.9656375,0.5287637,0.8825929,Easy
1144,1,0,0.5018524,False,1,0.84340364,True,1,0.98738945,True,0.9625873,0.50942785,0.84145,Easy
1145,0,0,0.6291927,True,0,0.7900659,True,0,0.99147636,True,0.9662863,0.5174198,0.9049334,Easy
1146,0,0,0.54095906,True,0,0.95356905,True,0,0.9992716,True,0.9654343,0.52665555,0.8366708,Easy
1147,0,1,0.5297288,False,1,0.68410045,False,0,0.57224405,True,0.9668597,0.5142975,0.89942086,Graph_Only
1148,0,0,0.61211306,True,1,0.72363865,False,0,0.79044414,True,0.96505904,0.50440776,0.92678815,Graph_Only
1149,1,1,0.5132176,True,1,0.79818887,True,1,0.94912374,True,0.964491,0.5095525,0.86696374,Easy
1150,0,0,0.5535483,True,0,0.85713464,True,0,0.97345644,True,0.96795344,0.51945966,0.87169164,Easy
1151,1,1,0.5221528,True,1,0.92099315,True,1,0.99701166,True,0.965872,0.4988012,0.77648365,Easy
1152,0,0,0.5416203,True,0,0.93761647,True,0,0.99761957,True,0.96579593,0.5303482,0.8132893,Easy
1153,0,0,0.57892114,True,0,0.9229343,True,0,0.99756503,True,0.9675378,0.5250372,0.0,Easy
1154,0,0,0.5771248,True,0,0.9085415,True,0,0.9911668,True,0.96667993,0.51916,0.83791435,Easy
1155,1,0,0.61620134,False,0,0.84532034,False,0,0.99174565,False,0.96574855,0.5173239,0.8452571,Hard
1156,0,0,0.6153785,True,0,0.79032,True,0,0.99567443,True,0.96587133,0.51884377,0.8831089,Easy
1157,0,0,0.573813,True,0,0.77834034,True,0,0.89584345,True,0.97229004,0.52209586,0.85670644,Easy
1158,0,0,0.58696795,True,0,0.80744886,True,0,0.96712077,True,0.96819335,0.5141446,0.91478205,Easy
1159,0,0,0.5801236,True,0,0.6287153,True,0,0.5958662,True,0.96922374,0.5283462,0.87687576,Easy
1160,0,0,0.5845988,True,0,0.9029026,True,0,0.98917764,True,0.96510226,0.5291327,0.0,Easy
1161,0,0,0.62075686,True,0,0.7787821,True,0,0.9654758,True,0.9674359,0.5196961,0.93815494,Easy
1162,0,0,0.580964,True,0,0.87904805,True,0,0.99681723,True,0.9672762,0.51965237,0.8970405,Easy
1163,1,0,0.5324441,False,1,0.7146578,True,1,0.8065144,True,0.9641936,0.5101205,0.89832324,Easy
1164,1,0,0.51398957,False,1,0.8542896,True,1,0.9784266,True,0.96434855,0.509468,0.8155458,Easy
1165,0,0,0.542057,True,0,0.9273971,True,0,0.99910694,True,0.9670055,0.5228119,0.85859764,Easy
1166,0,0,0.5337346,True,0,0.9448364,True,0,0.9987134,True,0.96636266,0.5200416,0.8276217,Easy
1167,0,0,0.5614248,True,1,0.7579898,False,1,0.7267901,False,0.9651545,0.5022753,0.8564404,Hard
1168,1,1,0.51718265,True,1,0.8255788,True,1,0.96434027,True,0.9644748,0.50144756,0.87822783,Easy
1169,0,0,0.59841424,True,1,0.5548085,False,0,0.57767814,True,0.96576756,0.5147234,0.0,Graph_Only
1170,0,0,0.5526076,True,0,0.75934625,True,0,0.99150133,True,0.96903384,0.51454395,0.8216262,Easy
1171,1,1,0.50002944,True,1,0.8798877,True,1,0.9752714,True,0.9653046,0.49807042,0.83942217,Easy
1172,0,0,0.58160883,True,1,0.78139937,False,0,0.95284724,True,0.9648414,0.5018315,0.9212308,Graph_Only
1173,1,0,0.5463989,False,1,0.67468363,True,1,0.7485055,True,0.96618706,0.5102213,0.8336041,Easy
1174,1,1,0.5054703,True,1,0.7499437,True,1,0.9845585,True,0.96422124,0.5040462,0.805796,Easy
1175,0,0,0.53388476,True,0,0.5143987,True,0,0.6977412,True,0.9698126,0.5129658,0.0,Easy
1176,0,0,0.63771147,True,0,0.5497333,True,0,0.95937103,True,0.9685193,0.51655453,0.84270674,Easy
1177,0,0,0.56190974,True,0,0.9690795,True,0,0.998926,True,0.9634103,0.5254399,0.9086453,Easy
1178,0,0,0.6089623,True,0,0.8268902,True,0,0.9285558,True,0.9667244,0.51791114,0.811952,Easy
1179,1,0,0.506276,False,1,0.79646105,True,1,0.94824624,True,0.9633311,0.50959736,0.8820148,Easy
1180,0,0,0.58936137,True,0,0.88395834,True,0,0.9965436,True,0.96566445,0.52511704,0.84643376,Easy
1181,0,0,0.59083766,True,0,0.90388054,True,0,0.99139446,True,0.9657208,0.5228353,0.9003993,Easy
1182,1,0,0.5170458,False,1,0.6684542,True,0,0.5772158,False,0.9655211,0.5088707,0.78691626,Text_Only
1183,0,1,0.54123485,False,1,0.85820895,False,1,0.70392996,False,0.9665798,0.50107294,0.75905466,Hard
1184,0,0,0.5427852,True,0,0.855496,True,0,0.9963665,True,0.96630025,0.5184407,0.8431903,Easy
1185,0,0,0.55794984,True,1,0.824638,False,1,0.7718655,False,0.963009,0.5123453,0.89590824,Hard
1186,1,0,0.51243323,False,1,0.52109426,True,0,0.57363236,False,0.96797764,0.51655453,0.77952456,Text_Only
1187,0,0,0.543472,True,0,0.944482,True,0,0.9991748,True,0.96475595,0.52242196,0.90376055,Easy
1188,0,0,0.61979896,True,0,0.8120016,True,0,0.9890559,True,0.9651124,0.51887214,0.893253,Easy
1189,0,0,0.57982534,True,0,0.9629088,True,0,0.99576366,True,0.96546894,0.52576554,0.8821343,Easy
1190,0,0,0.5784315,True,0,0.62934816,True,0,0.7303436,True,0.973556,0.515747,0.0,Easy
1191,0,0,0.54037213,True,0,0.96557826,True,0,0.99286544,True,0.96657753,0.5233377,0.83701754,Easy
1192,1,1,0.50137097,True,1,0.8216247,True,1,0.98124814,True,0.96612185,0.4993034,0.7663539,Easy
1193,0,0,0.64516795,True,1,0.53952765,False,0,0.9659245,True,0.9669285,0.50875634,0.86623275,Graph_Only
1194,0,0,0.5672557,True,0,0.9780806,True,0,0.9673062,True,0.96480703,0.52823424,0.83185065,Easy
1195,0,0,0.57574683,True,0,0.88014615,True,0,0.99442434,True,0.96570003,0.51606894,0.8763803,Easy
1196,0,0,0.56550926,True,0,0.98102254,True,0,0.9988857,True,0.96253246,0.5353094,0.8794738,Easy
1197,0,0,0.62266874,True,0,0.8322824,True,0,0.9972281,True,0.9663882,0.5141703,0.9153952,Easy
1198,0,0,0.6239665,True,0,0.51844007,True,0,0.99495775,True,0.9668004,0.51636136,0.8254863,Easy
1199,0,0,0.6784517,True,1,0.6549747,False,0,0.90178704,True,0.9673201,0.50758356,0.87087166,Graph_Only
1200,1,0,0.5102771,False,1,0.76458126,True,1,0.70394367,True,0.96418566,0.5042566,0.92265975,Easy
1201,0,0,0.5674807,True,0,0.7273159,True,0,0.99889946,True,0.96829766,0.5124721,0.88863593,Easy
1202,0,0,0.62874424,True,0,0.8619754,True,0,0.98213494,True,0.96833825,0.5177093,0.91730285,Easy
1203,1,1,0.51356,True,1,0.68754214,True,1,0.94977665,True,0.9657862,0.51725775,0.0,Easy
1204,1,0,0.6146925,False,0,0.5505572,False,1,0.5027582,True,0.9649328,0.5192573,0.9169172,Graph_Only
1205,0,0,0.56952906,True,0,0.8274137,True,0,0.9940719,True,0.96975005,0.51763886,0.83198744,Easy
1206,1,0,0.55557483,False,1,0.7589315,True,1,0.684203,True,0.96802986,0.50531703,0.79303813,Easy
1207,1,0,0.5135627,False,1,0.74128586,True,1,0.7681142,True,0.96825784,0.504806,0.7686105,Easy
1208,0,0,0.5700004,True,0,0.9693108,True,0,0.98558134,True,0.965562,0.53455645,0.8479464,Easy
1209,1,0,0.55410355,False,1,0.8028325,True,1,0.77120936,True,0.9636243,0.5134976,0.8662777,Easy
1210,1,0,0.5542096,False,1,0.65195,True,1,0.9766663,True,0.96922326,0.5063763,0.857159,Easy
1211,1,0,0.5590921,False,1,0.5636214,True,0,0.55229056,False,0.9657698,0.5186839,0.87631994,Text_Only
1212,1,0,0.5420665,False,1,0.62856895,True,1,0.79657555,True,0.9664437,0.5098411,0.8792962,Easy
1213,0,0,0.55518025,True,0,0.90396965,True,0,0.9979988,True,0.9675801,0.5245936,0.8897461,Easy
1214,0,0,0.5694617,True,0,0.9638981,True,0,0.99670047,True,0.9633243,0.52945673,0.85086507,Easy
1215,0,0,0.5679394,True,0,0.98209065,True,0,0.9951179,True,0.9635389,0.5331778,0.86773026,Easy
1216,0,1,0.5001896,False,1,0.86655074,False,1,0.9834378,False,0.9615772,0.502897,0.7727406,Hard
1217,0,0,0.5560964,True,0,0.95386213,True,0,0.9936786,True,0.9658761,0.5270684,0.8508018,Easy
1218,1,0,0.52052915,False,1,0.790939,True,1,0.9577804,True,0.96361995,0.50535494,0.9010572,Easy
1219,0,0,0.63550824,True,0,0.8634124,True,0,0.96386003,True,0.9690667,0.52289176,0.861819,Easy
1220,1,1,0.50473493,True,1,0.87844414,True,1,0.8645125,True,0.9638865,0.49850485,0.86311865,Easy
1221,0,0,0.50174165,True,1,0.81821936,False,0,0.50067544,True,0.96777153,0.49699837,0.8048916,Graph_Only
1222,0,1,0.5082707,False,1,0.63071835,False,0,0.6233439,True,0.9662776,0.51074225,0.8904211,Graph_Only
1223,1,1,0.5158315,True,1,0.96734524,True,1,0.99682695,True,0.9619069,0.49579865,0.756798,Easy
1224,0,0,0.58949053,True,1,0.89851743,False,0,0.9624122,True,0.9640547,0.48761225,0.79697025,Graph_Only
1225,1,1,0.5401468,True,1,0.533919,True,1,0.9205553,True,0.96871036,0.51389414,0.0,Easy
1226,0,0,0.54556286,True,0,0.9680816,True,0,0.9941645,True,0.96543145,0.5313929,0.8570278,Easy
1227,0,0,0.5627641,True,0,0.8894192,True,0,0.9911395,True,0.9699167,0.51451313,0.8405804,Easy
1228,0,0,0.6546576,True,1,0.7388066,False,0,0.95685136,True,0.96594286,0.499975,0.88606536,Graph_Only
1229,1,1,0.5277808,True,1,0.9484022,True,1,0.994735,True,0.96298623,0.49802417,0.75615466,Easy
1230,0,0,0.62618977,True,0,0.73624134,True,0,0.8027227,True,0.97166574,0.51286286,0.81728256,Easy
1231,1,0,0.6419917,False,1,0.50444865,True,1,0.7050835,True,0.9657165,0.5157111,0.91777045,Easy
1232,1,1,0.5082578,True,1,0.5997264,True,1,0.671714,True,0.9678908,0.51587784,0.7625352,Easy
1233,0,0,0.56046736,True,0,0.9684929,True,0,0.9981918,True,0.9632327,0.5300896,0.87946177,Easy
1234,1,0,0.5422108,False,1,0.84178567,True,1,0.8589713,True,0.96379256,0.4990838,0.83128715,Easy
1235,0,0,0.6046069,True,0,0.84198403,True,0,0.96911937,True,0.96509707,0.5238197,0.8048916,Easy
1236,0,0,0.62336355,True,1,0.62576205,False,0,0.9870877,True,0.96562254,0.50321454,0.72945046,Graph_Only
1237,0,0,0.5555828,True,1,0.5624609,False,1,0.7963762,False,0.9679946,0.5087297,0.93932927,Hard
1238,0,0,0.61594594,True,0,0.73081017,True,0,0.98889995,True,0.9700253,0.511653,0.8817919,Easy
1239,0,0,0.705724,True,0,0.63766915,True,0,0.9644984,True,0.966181,0.51145476,0.8712313,Easy
1240,0,0,0.5363379,True,0,0.91046596,True,0,0.9987324,True,0.96624166,0.5286716,0.85131836,Easy
1241,1,0,0.55661374,False,1,0.61025625,True,1,0.5037582,True,0.9654126,0.5117745,0.8807157,Easy
1242,1,1,0.52729315,True,1,0.83329433,True,1,0.95704985,True,0.96400464,0.51292825,0.8596143,Easy
1243,1,1,0.5159039,True,1,0.81122667,True,1,0.9704156,True,0.96399724,0.5004095,0.88563734,Easy
1244,1,1,0.54077363,True,1,0.7978975,True,1,0.9660366,True,0.96703315,0.5071949,0.77014786,Easy
1245,0,0,0.5979505,True,0,0.7847767,True,0,0.9706016,True,0.9676194,0.5181771,0.8525413,Easy
1246,1,0,0.53452265,False,1,0.7878298,True,1,0.9165767,True,0.9635227,0.5077896,0.8535752,Easy
1247,0,0,0.6448651,True,0,0.78397834,True,0,0.9523812,True,0.96871823,0.516705,0.92863643,Easy
1248,0,0,0.5838784,True,0,0.92420155,True,0,0.9991579,True,0.96414256,0.5259516,0.93289864,Easy
1249,1,0,0.5161947,False,1,0.6431906,True,1,0.5660437,True,0.967142,0.51146156,0.7769661,Easy
1250,1,1,0.5063253,True,1,0.8991839,True,1,0.9882466,True,0.9640122,0.50451255,0.77691567,Easy
1251,1,0,0.5473434,False,1,0.58532816,True,0,0.66675323,False,0.96861917,0.50390255,0.7852596,Text_Only
1252,0,0,0.61279017,True,0,0.7233756,True,0,0.99214387,True,0.96780515,0.51917714,0.7607948,Easy
1253,0,0,0.6432132,True,1,0.5852535,False,0,0.955347,True,0.96728516,0.506495,0.79279387,Graph_Only
1254,0,0,0.5914126,True,0,0.9050905,True,0,0.9981329,True,0.9654819,0.5265194,0.8993635,Easy
1255,1,1,0.51541716,True,1,0.8329645,True,1,0.8200488,True,0.9639319,0.50057274,0.8825694,Easy
1256,1,1,0.504938,True,1,0.6105346,True,1,0.51203275,True,0.9703006,0.5101581,0.7623005,Easy
1257,0,0,0.7198002,True,0,0.5521423,True,0,0.9564878,True,0.9683025,0.5111459,0.8430456,Easy
1258,1,0,0.5293003,False,1,0.83269566,True,1,0.94684285,True,0.9632127,0.50203687,0.89748096,Easy
1259,0,0,0.57127243,True,0,0.9579517,True,0,0.9938498,True,0.96378106,0.53018194,0.0,Easy
1260,1,0,0.5911564,False,1,0.6500857,True,0,0.5450104,False,0.96696675,0.50954866,0.0,Text_Only
1261,0,0,0.5964261,True,0,0.8746058,True,0,0.9976553,True,0.9657586,0.5144258,0.8944491,Easy
1262,0,0,0.60708064,True,0,0.8865839,True,0,0.98298126,True,0.9648513,0.5221456,0.0,Easy
1263,0,0,0.6132804,True,0,0.852597,True,0,0.94056493,True,0.96610856,0.5177447,0.8197485,Easy
1264,1,0,0.5909897,False,0,0.764377,False,0,0.7338783,False,0.9712604,0.52424705,0.0,Hard
1265,0,0,0.65686774,True,0,0.74420565,True,0,0.9771236,True,0.9675329,0.51740795,0.9414836,Easy
1266,0,0,0.6498575,True,0,0.7825275,True,0,0.952024,True,0.9672531,0.51505035,0.9364805,Easy
1267,1,1,0.5368915,True,1,0.88825566,True,1,0.9941222,True,0.9639957,0.50294924,0.8254602,Easy
1268,0,0,0.61233765,True,0,0.7262903,True,0,0.90571994,True,0.9691117,0.52480656,0.8733696,Easy
1269,0,0,0.56509304,True,0,0.7968304,True,0,0.8136666,True,0.96632576,0.52651006,0.9115263,Easy
1270,1,1,0.5444654,True,0,0.51599383,False,1,0.8513942,True,0.96709555,0.5226946,0.79303825,Graph_Only
1271,0,0,0.54770666,True,1,0.6881156,False,1,0.7916959,False,0.9637109,0.51149935,0.86155844,Hard
1272,0,0,0.5901018,True,0,0.8578701,True,0,0.93120444,True,0.9705093,0.525938,0.0,Easy
1273,0,0,0.6884487,True,0,0.605052,True,0,0.95929927,True,0.9647217,0.51762277,0.8971468,Easy
1274,0,0,0.6056266,True,0,0.684613,True,0,0.6931077,True,0.97032285,0.5215561,0.8556463,Easy
1275,1,0,0.5293873,False,1,0.53656244,True,1,0.86004794,True,0.9684342,0.5136761,0.0,Easy
1276,0,0,0.5764602,True,0,0.9246032,True,0,0.9979546,True,0.9648559,0.5282314,0.8886933,Easy
1277,1,1,0.59718275,True,1,0.5470575,True,1,0.73194045,True,0.9680753,0.5217793,0.91384053,Easy
1278,0,0,0.60196835,True,0,0.7033017,True,0,0.9843948,True,0.9650991,0.51216257,0.83636254,Easy
1279,0,0,0.5796567,True,0,0.94617885,True,0,0.99550915,True,0.9657572,0.5274,0.8271002,Easy
1280,0,0,0.5255175,True,1,0.75639415,False,1,0.57082856,False,0.9664749,0.49997485,0.0,Hard
1281,1,1,0.5624366,True,1,0.6068508,True,1,0.88431746,True,0.9669403,0.51871204,0.8065392,Easy
1282,1,1,0.5445701,True,1,0.7559044,True,1,0.54365045,True,0.96802664,0.50557524,0.8551123,Easy
1283,0,0,0.58285743,True,0,0.94164807,True,0,0.9864151,True,0.96738327,0.52244073,0.8428248,Easy
1284,0,0,0.60944647,True,0,0.91458476,True,0,0.98757684,True,0.9672351,0.52709776,0.9055662,Easy
1285,0,0,0.5657221,True,0,0.95196944,True,0,0.9983333,True,0.96375084,0.5259611,0.8859941,Easy
1286,1,1,0.5413177,True,1,0.82590646,True,1,0.9291253,True,0.96515787,0.4994915,0.86829174,Easy
1287,0,0,0.6854395,True,1,0.6066296,False,0,0.9863239,True,0.9678612,0.50927,0.8608202,Graph_Only
1288,1,0,0.52976257,False,1,0.9031316,True,1,0.8609637,True,0.9656408,0.49383873,0.80413187,Easy
1289,0,0,0.59728676,True,0,0.71934825,True,0,0.82271236,True,0.9708631,0.5257703,0.8333508,Easy
1290,0,0,0.5785095,True,0,0.5719996,True,0,0.67228997,True,0.9745233,0.51451373,0.72703934,Easy
1291,1,1,0.5445086,True,1,0.8613424,True,1,0.98962605,True,0.965968,0.5073872,0.7505474,Easy
1292,0,0,0.6149801,True,1,0.51097995,False,0,0.6808712,True,0.96894264,0.5147263,0.7946501,Graph_Only
1293,0,0,0.542349,True,1,0.8360749,False,0,0.5974407,True,0.96688366,0.4999185,0.8691454,Graph_Only
1294,0,0,0.6670435,True,1,0.6939303,False,0,0.9323941,True,0.9686144,0.50474733,0.90045315,Graph_Only
1295,0,0,0.59185547,True,0,0.939089,True,0,0.98734456,True,0.9654553,0.52949315,0.8994273,Easy
1296,0,0,0.6870269,True,0,0.5896361,True,0,0.9759688,True,0.96798205,0.51367044,0.90218127,Easy
1297,0,0,0.5915301,True,0,0.8807549,True,0,0.98002243,True,0.9725195,0.5191657,0.80961823,Easy
1298,1,1,0.53604203,True,1,0.74853164,True,1,0.92681426,True,0.9649471,0.5127868,0.85763025,Easy
1299,1,0,0.5476682,False,1,0.5423223,True,0,0.6440009,False,0.97034156,0.5184111,0.8470482,Text_Only
1300,1,0,0.50476694,False,1,0.79520863,True,1,0.9411469,True,0.96636164,0.51171565,0.7676189,Easy
1301,1,0,0.50596267,False,1,0.8437326,True,1,0.9415529,True,0.9666532,0.49895707,0.8698514,Easy
1302,0,0,0.57274574,True,0,0.98096013,True,0,0.98939496,True,0.9642013,0.5324127,0.8874417,Easy
1303,0,0,0.5946218,True,0,0.8479894,True,0,0.99871624,True,0.96503615,0.514995,0.92519224,Easy
1304,1,1,0.53879464,True,1,0.90354824,True,1,0.99363303,True,0.96156293,0.5032944,0.0,Easy
1305,1,1,0.53010124,True,1,0.6866526,True,1,0.7840819,True,0.9676861,0.50282145,0.0,Easy
1306,0,0,0.589965,True,1,0.8007176,False,0,0.7042008,True,0.9679237,0.49974838,0.8570494,Graph_Only
1307,1,1,0.5449451,True,1,0.60563874,True,1,0.98807085,True,0.96857077,0.51377076,0.806281,Easy
1308,0,0,0.6544547,True,0,0.52475786,True,0,0.7853616,True,0.9692354,0.5080242,0.92441213,Easy
1309,0,0,0.613607,True,0,0.55242974,True,0,0.9298472,True,0.9705639,0.5128181,0.8686134,Easy
1310,0,0,0.57922554,True,0,0.8410257,True,0,0.99555933,True,0.98068213,0.52085984,0.52624404,Easy
1311,1,0,0.50077677,False,0,0.605627,False,1,0.95758146,True,0.9668624,0.51845556,0.0,Graph_Only
1312,0,0,0.6541049,True,0,0.5971462,True,0,0.6173737,True,0.9669779,0.52168864,0.84088904,Easy
1313,0,1,0.52483547,False,1,0.83101743,False,1,0.8638114,False,0.9682407,0.4983511,0.0,Hard
1314,0,0,0.5290826,True,0,0.95735216,True,0,0.99931276,True,0.96537447,0.52512324,0.8217284,Easy
1315,0,0,0.6142846,True,0,0.6211716,True,0,0.9894191,True,0.9669401,0.5066142,0.8695469,Easy
1316,1,0,0.5612052,False,1,0.7190644,True,1,0.5610711,True,0.9720831,0.49759462,0.83296096,Easy
1317,1,0,0.55121046,False,0,0.5224834,False,1,0.97274846,True,0.9771591,0.5142187,0.77159697,Graph_Only
1318,1,0,0.62044716,False,1,0.59720105,True,0,0.5428994,False,0.9654438,0.5119165,0.7232561,Text_Only
1319,1,1,0.539732,True,1,0.7630165,True,1,0.9413415,True,0.9684024,0.51551837,0.81983536,Easy
1320,0,0,0.54918575,True,0,0.95865804,True,0,0.99944943,True,0.96623963,0.5284808,0.85895514,Easy
1321,1,1,0.5106267,True,1,0.8480813,True,1,0.95012766,True,0.965127,0.5061038,0.8629255,Easy
1322,0,0,0.6284647,True,0,0.65636134,True,0,0.8295648,True,0.9718933,0.51876706,0.8733481,Easy
1323,0,0,0.6076447,True,0,0.6249098,True,0,0.99134433,True,0.96872497,0.5165419,0.8147689,Easy
1324,0,0,0.5616828,True,0,0.70918274,True,0,0.7803669,True,0.97379375,0.52168506,0.85642755,Easy
1325,0,0,0.5814336,True,0,0.88079906,True,0,0.97945833,True,0.96927166,0.5236747,0.82964087,Easy
1326,0,0,0.55971867,True,0,0.97945064,True,0,0.99885964,True,0.9636514,0.53183275,0.85159045,Easy
1327,1,1,0.61898005,True,1,0.66666156,True,1,0.9210439,True,0.96772444,0.51160014,0.6759728,Easy
1328,0,0,0.628414,True,0,0.68882877,True,0,0.5975477,True,0.97175944,0.5192289,0.0,Easy
1329,1,1,0.5087448,True,1,0.8322821,True,1,0.8096683,True,0.9652757,0.49838024,0.0,Easy
1330,0,0,0.5049336,True,1,0.69708836,False,0,0.5518787,True,0.9659349,0.50845075,0.832988,Graph_Only
1331,1,1,0.55186,True,0,0.7123468,False,1,0.79781485,True,0.9719097,0.5186791,0.7636033,Graph_Only
1332,0,0,0.62874275,True,1,0.53983945,False,0,0.91612095,True,0.9701656,0.51207894,0.80441624,Graph_Only
1333,0,0,0.52832556,True,0,0.9711268,True,0,0.9987135,True,0.9632572,0.5279175,0.80549455,Easy
1334,0,0,0.5277453,True,0,0.5862299,True,0,0.793564,True,0.96931905,0.52443457,0.76274157,Easy
1335,1,0,0.65726304,False,0,0.5753205,False,0,0.69646716,False,0.9708216,0.5162407,0.8694855,Hard
1336,0,0,0.63078904,True,0,0.68139243,True,0,0.99627316,True,0.9649037,0.51027656,0.8988584,Easy
1337,0,0,0.58215696,True,0,0.905447,True,0,0.95793563,True,0.9645759,0.5203114,0.0,Easy
1338,1,1,0.5414882,True,1,0.8453629,True,1,0.90858555,True,0.9676475,0.4976564,0.0,Easy
1339,1,0,0.5969067,False,1,0.6006045,True,1,0.6918234,True,0.97019476,0.50141984,0.8230239,Easy
1340,1,1,0.5164961,True,1,0.92236674,True,1,0.9680595,True,0.9632243,0.51103234,0.8537258,Easy
1341,0,0,0.60707235,True,0,0.80384654,True,0,0.9834331,True,0.96953315,0.51503587,0.89527583,Easy
1342,0,0,0.6571076,True,0,0.7021551,True,0,0.9532963,True,0.9698334,0.51558256,0.84923273,Easy
1343,1,0,0.53555423,False,1,0.72397435,True,1,0.82590246,True,0.96608907,0.5114258,0.83201444,Easy
1344,0,0,0.54194295,True,0,0.9385133,True,0,0.9995758,True,0.9662175,0.5245776,0.84766126,Easy
1345,0,0,0.58474463,True,0,0.6490732,True,0,0.9959202,True,0.97290367,0.5087771,0.8079553,Easy
1346,0,0,0.60392654,True,0,0.5943004,True,0,0.99718094,True,0.97005427,0.5120199,0.7700975,Easy
1347,0,0,0.51593405,True,0,0.9535941,True,0,0.99785703,True,0.9673884,0.52517253,0.8497834,Easy
1348,0,0,0.6457627,True,0,0.72428936,True,0,0.9710706,True,0.9668949,0.52023554,0.80479455,Easy
1349,0,0,0.58738923,True,0,0.8605561,True,0,0.9852077,True,0.9685901,0.51792455,0.89770424,Easy
1350,0,0,0.54371583,True,0,0.8639168,True,0,0.99508226,True,0.96805406,0.5132226,0.84390527,Easy
1351,0,0,0.51262903,True,1,0.66341454,False,0,0.54609895,True,0.97004986,0.5046212,0.0,Graph_Only
1352,0,0,0.60754156,True,0,0.85317016,True,0,0.99675816,True,0.9649792,0.5169276,0.9309972,Easy
1353,1,0,0.5035917,False,1,0.90364605,True,1,0.96773535,True,0.96351004,0.5078482,0.82279575,Easy
1354,0,0,0.60347664,True,0,0.6866375,True,0,0.98626846,True,0.9714209,0.5141885,0.87888074,Easy
1355,0,0,0.6520884,True,1,0.55507404,False,0,0.62121695,True,0.9683503,0.50566506,0.85235953,Graph_Only
1356,0,0,0.59511554,True,0,0.84900594,True,0,0.9491271,True,0.9749687,0.5181626,0.7840289,Easy
1357,0,0,0.5813882,True,0,0.9148836,True,0,0.99442166,True,0.96645415,0.527067,0.82511866,Easy
1358,0,0,0.59968805,True,0,0.9214012,True,0,0.9710768,True,0.96813047,0.5295268,0.8917252,Easy
1359,1,1,0.6404819,True,1,0.58929443,True,1,0.81017524,True,0.96704346,0.5221705,0.8885592,Easy
1360,1,1,0.55991876,True,1,0.85372907,True,1,0.98095155,True,0.96524626,0.5096606,0.71239465,Easy
1361,0,0,0.6058858,True,1,0.6811748,False,0,0.5243606,True,0.96896493,0.49930018,0.8502808,Graph_Only
1362,0,0,0.56889,True,0,0.84966004,True,0,0.90907097,True,0.97113544,0.5259368,0.0,Easy
1363,0,0,0.5749004,True,0,0.64192384,True,0,0.7874357,True,0.96969944,0.5240551,0.8302267,Easy
1364,1,1,0.5400941,True,1,0.8691394,True,1,0.9860917,True,0.9646648,0.5075785,0.86464465,Easy
1365,0,0,0.6272661,True,0,0.6734647,True,0,0.8899868,True,0.9690437,0.51903164,0.925404,Easy
1366,0,0,0.60207003,True,0,0.78484607,True,0,0.89000815,True,0.9752713,0.5150518,0.8213345,Easy
1367,0,1,0.51944584,False,1,0.8052997,False,1,0.7237191,False,0.9671161,0.50207186,0.79759634,Hard
1368,0,0,0.6686897,True,0,0.5296571,True,0,0.7836878,True,0.9668302,0.5107792,0.8912779,Easy
1369,1,0,0.5625907,False,0,0.73443764,False,0,0.52683574,False,0.9722268,0.5118957,0.8928411,Hard
1370,0,0,0.58611566,True,0,0.79032594,True,0,0.9961356,True,0.96712226,0.5141009,0.90315986,Easy
1371,1,1,0.55576146,True,1,0.8086481,True,1,0.988903,True,0.9666209,0.51556665,0.7385027,Easy
1372,1,0,0.5419623,False,1,0.67271394,True,1,0.75015193,True,0.9667306,0.5129997,0.8289352,Easy
1373,0,1,0.50402325,False,1,0.92154837,False,1,0.9236801,False,0.9647596,0.49947077,0.0,Hard
1374,1,0,0.53842556,False,1,0.69982946,True,1,0.6474322,True,0.96746176,0.51004606,0.8379607,Easy
1375,0,0,0.596302,True,0,0.87297237,True,0,0.99754626,True,0.9669147,0.52608424,0.84331083,Easy
1376,1,1,0.52882934,True,1,0.816514,True,1,0.8750427,True,0.96707165,0.5059543,0.7251286,Easy
1377,0,0,0.64858603,True,0,0.6287465,True,0,0.92000145,True,0.97237414,0.5121482,0.88745666,Easy
1378,0,0,0.5085319,True,1,0.888413,False,1,0.64209104,False,0.96543753,0.49264303,0.8979775,Hard
1379,1,0,0.51076865,False,1,0.5502152,True,1,0.6657501,True,0.9667064,0.5127547,0.0,Easy
1380,0,0,0.61654085,True,0,0.5506974,True,0,0.66935295,True,0.968326,0.51547533,0.8896949,Easy
1381,0,0,0.61938864,True,0,0.66960484,True,0,0.99723583,True,0.9698578,0.5173781,0.81133974,Easy
1382,0,1,0.57372355,False,1,0.6185718,False,0,0.57589805,True,0.9672785,0.51993936,0.7182914,Graph_Only
1383,0,0,0.5995587,True,0,0.7993368,True,0,0.8566148,True,0.97792065,0.5183846,0.7578656,Easy
1384,1,0,0.50770605,False,1,0.8457904,True,1,0.95575696,True,0.96500397,0.5046335,0.8172827,Easy
1385,1,1,0.5322797,True,1,0.7255285,True,1,0.5384548,True,0.9656962,0.51665086,0.8581046,Easy
1386,1,1,0.5074112,True,1,0.86743104,True,1,0.8670297,True,0.9673894,0.500121,0.8414898,Easy
1387,1,0,0.52678967,False,1,0.6524393,True,1,0.6359817,True,0.96906674,0.5114279,0.8425072,Easy
1388,0,0,0.54592603,True,0,0.9616405,True,0,0.9991497,True,0.9658513,0.5258859,0.83447367,Easy
1389,0,0,0.56533337,True,0,0.823464,True,0,0.9957426,True,0.9706478,0.51277214,0.8844963,Easy
1390,1,0,0.5417923,False,1,0.584891,True,1,0.64608794,True,0.96914715,0.5201567,0.78607833,Easy
1391,0,0,0.5769431,True,0,0.94363683,True,0,0.9887638,True,0.9696929,0.5273089,0.90429866,Easy
1392,1,1,0.50808036,True,1,0.8424501,True,1,0.9824562,True,0.96396947,0.51581293,0.8379812,Easy
1393,0,0,0.53324425,True,0,0.97427636,True,0,0.9993794,True,0.9641824,0.53334576,0.8314898,Easy
1394,0,0,0.54278344,True,1,0.6435103,False,1,0.6903864,False,0.9671917,0.50604254,0.90693045,Hard
1395,0,0,0.57196337,True,0,0.76705706,True,0,0.99104345,True,0.97194624,0.514956,0.8876128,Easy
1396,1,1,0.5459488,True,1,0.8423269,True,1,0.9705015,True,0.96864045,0.5044962,0.8141625,Easy
1397,0,0,0.5435584,True,0,0.95130795,True,0,0.99914503,True,0.9669941,0.5255782,0.91761214,Easy
1398,0,0,0.5807244,True,0,0.80070496,True,0,0.93873847,True,0.96947956,0.5231427,0.0,Easy
1399,1,1,0.52260435,True,1,0.82784677,True,1,0.98721653,True,0.9645894,0.5033602,0.843362,Easy
1400,0,0,0.56105685,True,0,0.75719506,True,0,0.7507416,True,0.97181547,0.52689886,0.68410456,Easy
1401,0,0,0.68979746,True,0,0.6366634,True,0,0.9867416,True,0.96760714,0.5124694,0.9330273,Easy
1402,0,0,0.5894205,True,0,0.9070097,True,0,0.9857054,True,0.96876585,0.5264118,0.0,Easy
1403,0,0,0.58996904,True,0,0.87022656,True,0,0.92460376,True,0.9759902,0.5183835,0.7787813,Easy
1404,0,0,0.61640465,True,0,0.902675,True,0,0.9939336,True,0.96406937,0.5224007,0.0,Easy
1405,0,0,0.5654287,True,0,0.8545861,True,0,0.9945397,True,0.9658958,0.52052414,0.8349607,Easy
1406,0,0,0.56657743,True,0,0.92710054,True,0,0.99953675,True,0.9655201,0.52271116,0.859282,Easy
1407,1,0,0.6024736,False,1,0.509877,True,1,0.5783322,True,0.978006,0.5065217,0.7773614,Easy
1408,0,0,0.6231733,True,0,0.8637316,True,0,0.95976686,True,0.9694894,0.5241535,0.897655,Easy
1409,0,0,0.5794278,True,0,0.89537793,True,0,0.9959151,True,0.96464324,0.5177836,0.9409971,Easy
1410,0,0,0.6737803,True,1,0.6396725,False,0,0.9127837,True,0.9692088,0.5115453,0.79822063,Graph_Only
1411,1,1,0.50602704,True,1,0.7596585,True,1,0.897495,True,0.96656144,0.5120799,0.78528476,Easy
1412,0,0,0.6004482,True,0,0.6194718,True,0,0.9742355,True,0.96897584,0.5072679,0.79192185,Easy
1413,0,0,0.6176853,True,0,0.83426917,True,0,0.99287707,True,0.9690356,0.51951855,0.85021025,Easy
1414,0,0,0.6314588,True,1,0.6203343,False,0,0.8978372,True,0.9665673,0.5064666,0.76486015,Graph_Only
1415,0,0,0.6233944,True,0,0.84792787,True,0,0.9844701,True,0.9685322,0.5155843,0.88557726,Easy
1416,0,0,0.5630353,True,0,0.9460484,True,0,0.99367404,True,0.9667747,0.5253575,0.8025353,Easy
1417,0,0,0.6508462,True,0,0.7530272,True,0,0.9737361,True,0.96816874,0.51903754,0.8744881,Easy
1418,1,1,0.5374768,True,1,0.93407416,True,1,0.9845463,True,0.9631051,0.50838774,0.76920193,Easy
1419,1,0,0.5034813,False,1,0.74894476,True,1,0.95655984,True,0.9660661,0.50361264,0.0,Easy
1420,1,1,0.5218826,True,1,0.6155696,True,1,0.93427044,True,0.9674951,0.51346916,0.7943896,Easy
1421,1,1,0.5775048,True,1,0.73429126,True,1,0.9731504,True,0.9658528,0.51172876,0.76622695,Easy
1422,0,0,0.5820858,True,0,0.8965424,True,0,0.9688597,True,0.9705696,0.5205921,0.63768995,Easy
1423,0,1,0.52808386,False,1,0.5050292,False,0,0.6941803,True,0.97146344,0.5246628,0.6481494,Graph_Only
1424,1,1,0.5375183,True,1,0.8871192,True,1,0.9646579,True,0.9637592,0.4995889,0.8715085,Easy
1425,1,1,0.5095892,True,1,0.61637914,True,1,0.8688157,True,0.97035015,0.50996137,0.8655638,Easy
1426,1,1,0.5163494,True,1,0.8083708,True,1,0.9034687,True,0.9648037,0.50828546,0.8631181,Easy
1427,0,0,0.6056993,True,0,0.7233746,True,0,0.9960789,True,0.96770096,0.51570505,0.77055216,Easy
1428,0,0,0.6116638,True,0,0.66566366,True,1,0.51977944,False,0.96780694,0.52335936,0.84214604,Text_Only
1429,0,0,0.5272326,True,1,0.5086006,False,0,0.7043974,True,0.96903586,0.512324,0.0,Graph_Only
1430,0,0,0.58437055,True,0,0.5899702,True,0,0.86071587,True,0.97029746,0.5206263,0.0,Easy
1431,0,0,0.63839906,True,0,0.6065918,True,0,0.9959883,True,0.9707095,0.5172223,0.7865175,Easy
1432,1,0,0.6023936,False,1,0.7276268,True,0,0.93720436,False,0.96698,0.49943835,0.8682369,Text_Only
1433,0,0,0.60403246,True,0,0.9186595,True,0,0.9739914,True,0.96803,0.52810293,0.8537733,Easy
1434,0,1,0.5588914,False,1,0.67731947,False,0,0.6128307,True,0.9702193,0.5142949,0.8159467,Graph_Only
1435,1,1,0.50246847,True,1,0.8039903,True,1,0.95248395,True,0.96632737,0.5100254,0.8273984,Easy
1436,0,0,0.61885667,True,0,0.7902841,True,0,0.9516412,True,0.9702183,0.52533495,0.79725206,Easy
1437,1,0,0.61105186,False,0,0.89522594,False,0,0.9568037,False,0.96984756,0.52557963,0.88579774,Hard
1438,0,0,0.55645645,True,0,0.9882891,True,0,0.99753714,True,0.9615469,0.5325275,0.89412653,Easy
1439,0,0,0.59246534,True,0,0.5249982,True,0,0.8709685,True,0.9701812,0.5183536,0.0,Easy
1440,1,1,0.53773534,True,1,0.8906471,True,1,0.97838,True,0.96250784,0.5042173,0.91077495,Easy
1441,0,0,0.56983125,True,0,0.8909499,True,0,0.99324167,True,0.966874,0.524211,0.85046875,Easy
1442,0,0,0.5692929,True,1,0.62227935,False,0,0.8756412,True,0.9683278,0.50593394,0.770025,Graph_Only
1443,0,0,0.6671102,True,0,0.5210503,True,0,0.77949387,True,0.9674002,0.51851296,0.0,Easy
1444,0,0,0.6087551,True,0,0.83487743,True,0,0.9835249,True,0.96916515,0.5217802,0.83128643,Easy
1445,1,1,0.5375495,True,1,0.9443517,True,1,0.9962769,True,0.96156275,0.50598747,0.92248654,Easy
1446,0,0,0.6197225,True,0,0.6100743,True,0,0.7582951,True,0.9673991,0.51751333,0.84811956,Easy
1447,0,0,0.67409414,True,0,0.6153148,True,0,0.91459554,True,0.9686365,0.51951975,0.0,Easy
1448,0,0,0.5802499,True,0,0.818707,True,0,0.80472773,True,0.9673426,0.5259775,0.9059365,Easy
1449,1,1,0.5592414,True,1,0.6138651,True,1,0.9353256,True,0.9667768,0.51294595,0.0,Easy
1450,0,0,0.5317703,True,0,0.66517067,True,0,0.6840894,True,0.9753461,0.5182875,0.88014567,Easy
1451,0,0,0.6669054,True,0,0.6546905,True,0,0.8672307,True,0.968511,0.5150124,0.8620369,Easy
1452,1,1,0.5259655,True,1,0.82981735,True,1,0.64029545,True,0.965535,0.50526404,0.92898166,Easy
1453,0,0,0.5858065,True,0,0.91653866,True,0,0.97971344,True,0.9670861,0.52509433,0.0,Easy
1454,1,1,0.5263074,True,1,0.6905185,True,1,0.9540054,True,0.9664057,0.51505274,0.81078327,Easy
1455,1,0,0.5323534,False,1,0.5608681,True,1,0.7451193,True,0.96683943,0.5092202,0.86310685,Easy
1456,1,1,0.535406,True,1,0.6428926,True,1,0.9814385,True,0.96652067,0.52533346,0.7678984,Easy
1457,1,1,0.6096697,True,1,0.7235331,True,1,0.96073747,True,0.966838,0.51869285,0.87929434,Easy
1458,0,0,0.5561633,True,0,0.9893435,True,0,0.9985738,True,0.96040654,0.53346926,0.8893161,Easy
1459,1,0,0.50119066,False,1,0.83424217,True,1,0.79400605,True,0.96417415,0.49752587,0.76008034,Easy
1460,0,0,0.6040378,True,0,0.6253575,True,0,0.9145962,True,0.9689521,0.5217574,0.0,Easy
1461,0,0,0.5982385,True,0,0.776043,True,0,0.85190076,True,0.96664923,0.5205073,0.0,Easy
1462,1,1,0.53888935,True,1,0.6279082,True,1,0.82441086,True,0.9666438,0.5205741,0.8055515,Easy
1463,0,1,0.54996634,False,1,0.60187143,False,0,0.51040196,True,0.96743095,0.51634306,0.87472415,Graph_Only
1464,1,1,0.5133967,True,1,0.9309687,True,1,0.9862861,True,0.9671017,0.4990013,0.64478314,Easy
1465,1,1,0.5281671,True,1,0.72559786,True,1,0.98924166,True,0.96806264,0.5134785,0.82257813,Easy
1466,0,0,0.6569841,True,0,0.6687038,True,0,0.8961947,True,0.9739639,0.5136578,0.77585423,Easy
1467,0,0,0.6029704,True,0,0.5989768,True,1,0.6232895,False,0.96828336,0.52409434,0.8821486,Text_Only
1468,0,0,0.5617993,True,0,0.9629603,True,0,0.9994548,True,0.96377325,0.52801657,0.9165919,Easy
1469,1,1,0.5061299,True,1,0.8678735,True,1,0.96390545,True,0.9662378,0.5059672,0.87657726,Easy
1470,1,0,0.5280548,False,1,0.8500574,True,1,0.7587036,True,0.9660095,0.5017739,0.87735105,Easy
1471,0,0,0.54091084,True,0,0.7168466,True,0,0.60875434,True,0.9680438,0.52300864,0.9054913,Easy
1472,0,0,0.5540939,True,0,0.94675916,True,0,0.99820507,True,0.9654648,0.5247891,0.864275,Easy
1473,1,1,0.5023773,True,1,0.8591737,True,1,0.9585492,True,0.96312857,0.5072351,0.0,Easy
1474,1,0,0.5254096,False,1,0.56377786,True,1,0.9427315,True,0.9690139,0.51682127,0.8739127,Easy
1475,1,0,0.6812372,False,1,0.57448024,True,0,0.8224799,False,0.96674955,0.51384115,0.0,Text_Only
1476,1,0,0.5135731,False,1,0.9204139,True,1,0.9319655,True,0.963524,0.50387186,0.87100375,Easy
1477,0,0,0.5301024,True,0,0.9450336,True,0,0.9912867,True,0.96857345,0.5240931,0.7818912,Easy
1478,0,0,0.578175,True,0,0.91927445,True,0,0.9974655,True,0.9654902,0.5194573,0.85501516,Easy
1479,1,0,0.5303943,False,0,0.7100868,False,1,0.5875016,True,0.96896946,0.51726913,0.0,Graph_Only
1480,0,0,0.584171,True,0,0.9581527,True,0,0.9834841,True,0.96635085,0.529487,0.9427597,Easy
1481,0,0,0.56701773,True,0,0.95606095,True,0,0.99888664,True,0.9647659,0.52698743,0.9271964,Easy
1482,0,0,0.58657795,True,0,0.91382635,True,0,0.94450074,True,0.9674938,0.532059,0.81894004,Easy
1483,0,0,0.59713274,True,0,0.8536468,True,0,0.9953302,True,0.96445227,0.51918274,0.8715178,Easy
1484,1,0,0.5818088,False,0,0.6337603,False,0,0.8436379,False,0.971388,0.51589066,0.8790251,Hard
1485,0,0,0.62872005,True,0,0.8247079,True,0,0.9089448,True,0.9715301,0.52419335,0.8484146,Easy
1486,0,0,0.5476971,True,1,0.54921424,False,0,0.85847646,True,0.9688705,0.5200999,0.9059539,Graph_Only
1487,0,0,0.66426116,True,1,0.6666169,False,0,0.9461194,True,0.9675758,0.5031707,0.83686864,Graph_Only
1488,0,0,0.5960993,True,1,0.5491505,False,1,0.6084757,False,0.96781766,0.51083714,0.9467436,Hard
1489,0,0,0.6470778,True,0,0.51403743,True,0,0.80457,True,0.9681151,0.5128118,0.82791394,Easy
1490,0,0,0.6824547,True,0,0.5302102,True,0,0.6867693,True,0.96700704,0.5166825,0.0,Easy
1491,1,1,0.53963,True,1,0.7663494,True,1,0.8501561,True,0.96568096,0.50781685,0.9222764,Easy
1492,0,0,0.62270427,True,0,0.7013658,True,0,0.8712278,True,0.96344185,0.5158005,0.9022023,Easy
1493,0,1,0.5123916,False,1,0.84028006,False,1,0.9178746,False,0.9665247,0.4965119,0.82594585,Hard
1494,0,0,0.61011845,True,0,0.8492596,True,0,0.952839,True,0.96741486,0.5205549,0.9276117,Easy
1495,0,0,0.5440881,True,0,0.58076,True,0,0.69390345,True,0.96896076,0.5234667,0.8623093,Easy
1496,0,0,0.6025032,True,0,0.9014202,True,0,0.99762183,True,0.9665812,0.5175865,0.93354976,Easy
1497,0,0,0.5743687,True,0,0.9194979,True,0,0.9663418,True,0.96884155,0.52515376,0.91154873,Easy
1498,0,0,0.5846618,True,0,0.87098634,True,0,0.9975132,True,0.9654136,0.51945984,0.9332433,Easy
1499,1,0,0.5124273,False,1,0.7120249,True,1,0.808036,True,0.9662209,0.5050854,0.0,Easy
1500,1,1,0.5759197,True,1,0.6987193,True,1,0.82809603,True,0.9668186,0.5140339,0.9085957,Easy
1501,1,1,0.50342995,True,1,0.91440254,True,1,0.933386,True,0.96445537,0.5011396,0.0,Easy
1502,1,0,0.59921575,False,0,0.7723204,False,0,0.9555038,False,0.9686016,0.51886225,0.85484236,Hard
1503,0,0,0.61609375,True,0,0.7383632,True,0,0.8259478,True,0.9680609,0.52060974,0.0,Easy
1504,1,1,0.6015579,True,1,0.70564455,True,1,0.8604379,True,0.9672116,0.5110914,0.85218716,Easy
1505,0,0,0.65188485,True,0,0.6473693,True,0,0.88037795,True,0.9701411,0.5131627,0.851141,Easy
1506,1,1,0.5363742,True,1,0.7422906,True,1,0.9674587,True,0.9664088,0.5062114,0.0,Easy
1507,0,0,0.70145965,True,0,0.54792005,True,0,0.8524041,True,0.9665211,0.5124654,0.87842286,Easy
1508,1,0,0.5149069,False,1,0.7317957,True,1,0.7486925,True,0.9662922,0.50809014,0.84100866,Easy
1509,0,0,0.5701952,True,0,0.9272011,True,0,0.99651283,True,0.965273,0.5243531,0.86132693,Easy
1510,0,0,0.51094484,True,1,0.5022366,False,1,0.72557974,False,0.9687334,0.51381326,0.7875318,Hard
1511,1,0,0.54852057,False,1,0.75165784,True,1,0.5831045,True,0.9664084,0.50769186,0.8745818,Easy
1512,0,0,0.58094597,True,1,0.53633153,False,0,0.50914186,True,0.9676648,0.512191,0.9258027,Graph_Only
1513,1,1,0.5045298,True,1,0.7210027,True,1,0.8982281,True,0.96614826,0.5045722,0.0,Easy
1514,0,0,0.5713594,True,1,0.5390241,False,0,0.73530793,True,0.9711087,0.5184335,0.8353767,Graph_Only
1515,1,0,0.54724735,False,1,0.52808714,True,0,0.5882172,False,0.96850437,0.5139932,0.9320228,Text_Only
1516,1,1,0.5298668,True,1,0.7872764,True,1,0.9825665,True,0.96498775,0.51353073,0.88501513,Easy
1517,1,1,0.52393305,True,1,0.71792567,True,1,0.82382786,True,0.966571,0.5062092,0.9317748,Easy
1518,1,1,0.5452096,True,1,0.8630008,True,1,0.96992356,True,0.964979,0.50744826,0.9111048,Easy
1519,1,1,0.51214176,True,1,0.72733665,True,1,0.9068611,True,0.96594477,0.508917,0.8907219,Easy
1520,1,1,0.5433971,True,1,0.699601,True,1,0.98349607,True,0.96633404,0.5142099,0.0,Easy
1521,0,0,0.58598834,True,0,0.9224954,True,0,0.9898606,True,0.96616626,0.52632356,0.0,Easy
1522,0,0,0.5632617,True,1,0.60607797,False,1,0.57433754,False,0.96785665,0.5080665,0.0,Hard
1523,1,0,0.577086,False,0,0.85658383,False,0,0.899362,False,0.9711957,0.52331585,0.8174658,Hard
1524,1,0,0.5166788,False,1,0.60606796,True,1,0.9030729,True,0.9687824,0.5177368,0.9178835,Easy
1525,0,0,0.5224925,True,1,0.7427313,False,0,0.52720153,True,0.9694028,0.5056266,0.0,Graph_Only
1526,1,1,0.50046635,True,1,0.7296274,True,1,0.90486294,True,0.9654896,0.51501536,0.83244497,Easy
1527,0,0,0.55906105,True,0,0.67503375,True,0,0.73697245,True,0.97404134,0.524348,0.8620984,Easy
1528,0,1,0.52160776,False,1,0.9155669,False,1,0.9357087,False,0.9635389,0.49783215,0.88952607,Hard
1529,0,0,0.64374876,True,0,0.69961464,True,0,0.9698149,True,0.9681801,0.5141096,0.9013387,Easy
1530,0,0,0.5703611,True,0,0.8736473,True,0,0.99815935,True,0.96795607,0.52390057,0.8833316,Easy
1531,1,0,0.50786006,False,1,0.78968424,True,1,0.85183984,True,0.96507764,0.5121578,0.9303302,Easy
1532,1,0,0.53349364,False,1,0.8432821,True,1,0.6300711,True,0.9651934,0.50417703,0.8544661,Easy
1533,1,0,0.5379818,False,0,0.895875,False,0,0.5040781,False,0.9722096,0.5331035,0.71525043,Hard
1534,0,0,0.52213055,True,0,0.9785459,True,0,0.9980513,True,0.9645803,0.5265305,0.85868716,Easy
1535,1,1,0.52903116,True,1,0.9203066,True,1,0.9969303,True,0.96560884,0.5016198,0.80609024,Easy
1536,0,0,0.5331899,True,0,0.6641074,True,0,0.8331082,True,0.97041065,0.52517265,0.85609305,Easy
1537,1,0,0.6163242,False,1,0.5331168,True,0,0.6322073,False,0.96809363,0.511682,0.8976397,Text_Only
1538,1,0,0.5706598,False,0,0.75234514,False,0,0.70779765,False,0.96718097,0.52503073,0.87874615,Hard
1539,1,1,0.5295085,True,1,0.71225643,True,1,0.93009543,True,0.96684253,0.5152879,0.8832392,Easy
1540,1,1,0.5676445,True,1,0.83924377,True,1,0.9958007,True,0.964033,0.51528066,0.8655673,Easy
1541,1,1,0.5220734,True,1,0.83862925,True,1,0.9727455,True,0.96655023,0.5086874,0.82570374,Easy
1542,1,1,0.51003844,True,1,0.8871793,True,1,0.97652483,True,0.96594995,0.5010853,0.85467577,Easy
1543,1,0,0.5241423,False,1,0.85522234,True,1,0.8754736,True,0.9639088,0.5065943,0.904304,Easy
1544,0,0,0.5870713,True,0,0.7818686,True,0,0.8148902,True,0.96736944,0.52494884,0.0,Easy
1545,1,1,0.51416796,True,1,0.87835276,True,1,0.86024874,True,0.96550083,0.49815962,0.9187679,Easy
1546,1,0,0.51402396,False,1,0.6602074,True,1,0.87174875,True,0.9644021,0.51982504,0.90700465,Easy
1547,0,0,0.58907837,True,0,0.918168,True,0,0.95998925,True,0.9686235,0.52780414,0.95001197,Easy
1548,0,0,0.5113831,True,1,0.7685628,False,0,0.5567713,True,0.968838,0.50002,0.87474436,Graph_Only
1549,0,0,0.6000281,True,1,0.77693,False,0,0.9689521,True,0.96654654,0.4966128,0.70223284,Graph_Only
1550,0,0,0.5632701,True,1,0.8296994,False,0,0.5748603,True,0.96208996,0.5062567,0.0,Graph_Only
1551,0,0,0.64087903,True,0,0.65368414,True,0,0.9443515,True,0.9685539,0.5103108,0.82480836,Easy
1552,1,0,0.5711883,False,1,0.5329035,True,1,0.6133952,True,0.9678764,0.5143938,0.0,Easy
1553,0,0,0.5865275,True,0,0.82778984,True,0,0.9861726,True,0.9670284,0.5183586,0.8486552,Easy
1554,1,0,0.6280928,False,0,0.5185261,False,0,0.795015,False,0.96900004,0.5207292,0.0,Hard
1555,1,0,0.5100277,False,1,0.9224493,True,1,0.97001296,True,0.96502256,0.49754357,0.8735473,Easy
1556,0,0,0.5473402,True,0,0.5377699,True,1,0.66345364,False,0.9688466,0.51499003,0.8703338,Text_Only
1557,0,0,0.6031986,True,0,0.7602768,True,0,0.953397,True,0.96778667,0.51852274,0.87987304,Easy
1558,1,0,0.53310317,False,1,0.67648417,True,1,0.61834365,True,0.9667871,0.515019,0.94769084,Easy
1559,0,0,0.5418511,True,1,0.7699029,False,0,0.7021164,True,0.96651745,0.5069988,0.9381039,Graph_Only
1560,0,0,0.57454944,True,0,0.9229548,True,0,0.99857044,True,0.9653835,0.5255455,0.89594364,Easy
1561,0,0,0.5817472,True,0,0.9359601,True,0,0.9905359,True,0.9670866,0.52648044,0.0,Easy
1562,1,1,0.5177595,True,1,0.84929895,True,1,0.72557783,True,0.965318,0.49412125,0.76840687,Easy
1563,0,0,0.64618665,True,0,0.55533695,True,0,0.9922116,True,0.9680136,0.5156759,0.7284865,Easy
1564,1,1,0.50772774,True,0,0.5596409,False,0,0.6058277,False,0.96790385,0.517542,0.0,Hard
1565,0,0,0.62977195,True,0,0.7393521,True,0,0.9640078,True,0.9665784,0.516043,0.8854288,Easy
1566,0,0,0.609852,True,0,0.7972436,True,0,0.9381794,True,0.9669041,0.51820046,0.9088079,Easy
1567,0,0,0.55779594,True,0,0.9407984,True,0,0.99645895,True,0.97113156,0.52367747,0.74101543,Easy
1568,1,1,0.56704336,True,1,0.63681227,True,1,0.78410983,True,0.9664821,0.5201797,0.8618881,Easy
1569,1,1,0.5640852,True,1,0.7461107,True,1,0.9582727,True,0.9661141,0.50848156,0.87727803,Easy
1570,0,1,0.5130296,False,1,0.80441034,False,1,0.6793191,False,0.9663477,0.501878,0.0,Hard
1571,1,0,0.5269848,False,1,0.95394003,True,1,0.872555,True,0.9626529,0.48645473,0.8306885,Easy
1572,1,1,0.5651394,True,1,0.80583245,True,1,0.9956896,True,0.9639982,0.5148083,0.85752356,Easy
1573,1,0,0.6024492,False,0,0.6149013,False,0,0.8208744,False,0.9680743,0.5139159,0.8907167,Hard
1574,1,1,0.52087617,True,1,0.60435915,True,1,0.76598066,True,0.9704274,0.50801057,0.8747997,Easy
1575,1,1,0.5517872,True,1,0.9214943,True,1,0.9860399,True,0.96259665,0.50514764,0.9179572,Easy
1576,1,0,0.5124157,False,1,0.76143104,True,1,0.9692041,True,0.96543705,0.5174435,0.8645184,Easy
1577,0,1,0.5778772,False,1,0.53740597,False,1,0.6600762,False,0.9660959,0.52176577,0.9040843,Hard
1578,1,1,0.54812235,True,1,0.84843117,True,1,0.8919504,True,0.96510863,0.5015494,0.93785864,Easy
1579,0,0,0.5951259,True,0,0.86103165,True,0,0.9415089,True,0.9676293,0.5239213,0.9188118,Easy
1580,0,0,0.59135157,True,0,0.87304354,True,0,0.9814579,True,0.96518594,0.5244728,0.87539417,Easy
1581,0,0,0.58738077,True,0,0.7056891,True,0,0.89966136,True,0.9711797,0.5166144,0.90376997,Easy
1582,0,0,0.5587838,True,0,0.95669395,True,0,0.9995022,True,0.96381646,0.52699304,0.9012394,Easy
1583,0,0,0.64071524,True,0,0.53019655,True,0,0.74817383,True,0.96512604,0.5120124,0.9254227,Easy
1584,0,0,0.62892145,True,0,0.71489745,True,0,0.9887694,True,0.9688226,0.51420754,0.89856,Easy
1585,1,0,0.53414327,False,0,0.6297918,False,1,0.65999293,True,0.9675747,0.52430046,0.88297635,Graph_Only
1586,1,1,0.5285,True,1,0.80090505,True,1,0.9051567,True,0.96501976,0.5068251,0.9154273,Easy
1587,1,1,0.6053126,True,1,0.6066693,True,1,0.6190076,True,0.96895015,0.5215318,0.88530946,Easy
1588,0,0,0.6632218,True,1,0.574915,False,0,0.73384935,True,0.96790946,0.50812125,0.905645,Graph_Only
1589,0,0,0.5532005,True,0,0.74910617,True,0,0.75483644,True,0.9694853,0.5135712,0.78509307,Easy
1590,0,0,0.5656902,True,1,0.59582984,False,1,0.6648312,False,0.9658933,0.5130271,0.9446217,Hard
1591,0,0,0.5804893,True,0,0.9172774,True,0,0.9721192,True,0.96878827,0.52620906,0.88048923,Easy
1592,1,1,0.5515682,True,1,0.8494388,True,1,0.9750376,True,0.9634183,0.50737983,0.95063955,Easy
1593,0,0,0.64630723,True,0,0.6015293,True,0,0.72885513,True,0.9680091,0.5127464,0.9067199,Easy
1594,0,0,0.54473376,True,0,0.98196834,True,0,0.999629,True,0.9619539,0.5330455,0.86414844,Easy
1595,0,0,0.6202048,True,1,0.66457045,False,0,0.6567343,True,0.96818715,0.5067259,0.0,Graph_Only
1596,0,0,0.53902024,True,0,0.9667485,True,0,0.996252,True,0.96510005,0.52125674,0.78934956,Easy
1597,1,0,0.534314,False,1,0.8768252,True,1,0.90460944,True,0.96612823,0.5043879,0.0,Easy
1598,0,0,0.6100473,True,1,0.54901993,False,0,0.6404066,True,0.96745944,0.51259935,0.0,Graph_Only
1599,0,0,0.5088486,True,0,0.9185907,True,0,0.6275852,True,0.97026,0.52885073,0.7926666,Easy
1600,0,0,0.59177893,True,0,0.86804247,True,0,0.9615124,True,0.97402495,0.52163297,0.8596058,Easy
1601,0,0,0.61427355,True,0,0.79814875,True,0,0.9152046,True,0.96698666,0.5223818,0.0,Easy
1602,0,0,0.525795,True,0,0.5640721,True,1,0.65638375,False,0.97176236,0.5114457,0.8532587,Text_Only
1603,1,1,0.5181595,True,1,0.5099093,True,1,0.8683298,True,0.97218347,0.51862854,0.76970446,Easy
1604,1,0,0.56567925,False,0,0.6220205,False,1,0.52101034,True,0.9697376,0.5181236,0.842984,Graph_Only
1605,0,0,0.5662444,True,0,0.90567565,True,0,0.9550107,True,0.96818495,0.5225708,0.0,Easy
1606,1,1,0.5435169,True,1,0.8190319,True,1,0.9907545,True,0.9709909,0.5102132,0.73673296,Easy
1607,1,0,0.51365215,False,1,0.93526554,True,1,0.94177866,True,0.96394295,0.49230686,0.8929462,Easy
1608,1,1,0.50732005,True,1,0.84268177,True,1,0.97593826,True,0.9646771,0.5030801,0.8280548,Easy
1609,0,0,0.5238061,True,1,0.82399803,False,1,0.6319593,False,0.97018516,0.50070816,0.7845758,Hard
1610,1,0,0.52539337,False,0,0.7601363,False,0,0.59198946,False,0.9681257,0.524807,0.8871906,Hard
1611,0,0,0.62845457,True,0,0.7554074,True,0,0.94451755,True,0.96643174,0.51781416,0.9059845,Easy
1612,1,0,0.5109602,False,1,0.7504008,True,1,0.73510027,True,0.96610653,0.5108456,0.90266764,Easy
1613,0,0,0.51244354,True,1,0.7252183,False,1,0.8192692,False,0.9701473,0.49792647,0.0,Hard
1614,0,0,0.53628594,True,1,0.6740959,False,1,0.7967261,False,0.96537745,0.51012015,0.923242,Hard
1615,0,0,0.5616725,True,0,0.8806664,True,0,0.9673679,True,0.9691601,0.5240479,0.81690025,Easy
1616,0,0,0.6901574,True,1,0.5139015,False,0,0.9322053,True,0.9669112,0.5062943,0.88563156,Graph_Only
1617,0,0,0.5578969,True,0,0.9704643,True,0,0.9462327,True,0.96546626,0.52890784,0.0,Easy
1618,0,0,0.59436584,True,0,0.8956749,True,0,0.9518506,True,0.96624386,0.52470595,0.0,Easy
1619,1,1,0.5213332,True,1,0.5692437,True,1,0.6636755,True,0.9679721,0.51568353,0.8629533,Easy
1620,0,0,0.57575434,True,0,0.9153707,True,0,0.93978614,True,0.9684752,0.52631855,0.9298157,Easy
1621,0,0,0.5782354,True,0,0.7970519,True,0,0.99691063,True,0.9680624,0.5152182,0.87237567,Easy
1622,0,0,0.6693973,True,0,0.55716145,True,0,0.9808652,True,0.9666012,0.5099719,0.83051324,Easy
1623,0,0,0.56388825,True,0,0.94371766,True,0,0.81216085,True,0.9667378,0.5343908,0.83897513,Easy
1624,1,0,0.5113927,False,1,0.5066632,True,0,0.59892344,False,0.96738994,0.5215906,0.88120925,Text_Only
1625,1,1,0.5495019,True,1,0.93295884,True,1,0.995469,True,0.9629226,0.50812995,0.8857461,Easy
1626,1,1,0.5153387,True,1,0.7812955,True,1,0.9791642,True,0.96343696,0.51000583,0.8388684,Easy
1627,0,0,0.5298749,True,0,0.9892119,True,0,0.99871397,True,0.9612275,0.53034616,0.8338256,Easy
1628,0,0,0.5473736,True,0,0.89053553,True,0,0.9911246,True,0.9679719,0.52111965,0.7564239,Easy
1629,1,1,0.56118757,True,1,0.5906238,True,1,0.76027447,True,0.9699452,0.5089699,0.0,Easy
1630,1,1,0.5017853,True,1,0.9236134,True,1,0.98466253,True,0.9600301,0.50293404,0.0,Easy
1631,0,0,0.56750417,True,0,0.86629105,True,0,0.99628675,True,0.9682265,0.5157881,0.810701,Easy
1632,0,0,0.6086633,True,0,0.6959897,True,0,0.9783669,True,0.9656483,0.5114837,0.91787875,Easy
1633,0,0,0.6075199,True,0,0.7446829,True,0,0.8858827,True,0.9662279,0.51384467,0.95728374,Easy
1634,0,0,0.63146186,True,0,0.699656,True,0,0.81430477,True,0.9678527,0.52111727,0.0,Easy
1635,1,1,0.5192166,True,1,0.9608285,True,1,0.9799728,True,0.96314174,0.49800417,0.7866724,Easy
1636,0,0,0.5699825,True,0,0.9404536,True,0,0.99772614,True,0.9650338,0.51886815,0.8977234,Easy
1637,1,0,0.59293437,False,1,0.5238425,True,1,0.5929156,True,0.9671929,0.51708263,0.9061223,Easy
1638,1,1,0.5519689,True,1,0.6716799,True,1,0.50515586,True,0.96584356,0.51919675,0.86334085,Easy
1639,1,1,0.5620435,True,1,0.89076525,True,1,0.9821424,True,0.96324414,0.50835174,0.8768592,Easy
1640,0,0,0.6083765,True,0,0.5448667,True,0,0.64058685,True,0.96978396,0.5114905,0.8696828,Easy
1641,0,0,0.5719148,True,0,0.89431715,True,0,0.9965222,True,0.96683496,0.51613134,0.76618606,Easy
1642,0,0,0.5244694,True,0,0.9520861,True,0,0.99496895,True,0.9662879,0.5193459,0.81799114,Easy
1643,0,0,0.5344852,True,0,0.9732597,True,0,0.9732276,True,0.96649003,0.5338627,0.81377834,Easy
1644,1,1,0.5417323,True,1,0.90119654,True,1,0.99438334,True,0.96325886,0.5062431,0.8600224,Easy
1645,1,0,0.5214564,False,1,0.6493986,True,1,0.71868443,True,0.9669651,0.5064704,0.9221481,Easy
1646,0,0,0.56114334,True,0,0.85839987,True,0,0.94201785,True,0.97091275,0.5283699,0.93730366,Easy
1647,0,0,0.6335807,True,0,0.6715589,True,0,0.879602,True,0.96767056,0.5158856,0.8637314,Easy
1648,0,0,0.61951387,True,0,0.7337017,True,0,0.9487536,True,0.96872735,0.5196508,0.8695787,Easy
1649,1,0,0.52581936,False,1,0.89772564,True,1,0.822316,True,0.96451086,0.496428,0.8797113,Easy
1650,0,0,0.6158014,True,0,0.8105939,True,0,0.9210275,True,0.9666374,0.52498215,0.8986565,Easy
1651,0,0,0.54226875,True,0,0.95746046,True,0,0.9202309,True,0.96687204,0.52888656,0.0,Easy
1652,0,0,0.5600062,True,0,0.97104913,True,0,0.9952305,True,0.9662553,0.5249641,0.7582278,Easy
1653,0,0,0.504836,True,1,0.6503276,False,0,0.5553219,True,0.96746874,0.51431096,0.9102447,Graph_Only
1654,0,0,0.62878615,True,0,0.5933695,True,0,0.611362,True,0.9661403,0.51937467,0.94198364,Easy
1655,0,0,0.53828466,True,0,0.96120423,True,0,0.9972248,True,0.96536314,0.5223793,0.91416276,Easy
1656,0,0,0.6151131,True,0,0.8632981,True,0,0.9902497,True,0.9656841,0.5207656,0.82480836,Easy
1657,1,1,0.56916124,True,1,0.7631232,True,1,0.94657284,True,0.9637468,0.51212984,0.8886825,Easy
1658,1,0,0.50904536,False,1,0.87209404,True,1,0.8946093,True,0.9665048,0.50513977,0.8666034,Easy
1659,0,0,0.5451098,True,0,0.70961314,True,0,0.703613,True,0.9720466,0.5214004,0.766985,Easy
1660,0,0,0.56720215,True,0,0.8781362,True,0,0.8950645,True,0.96713567,0.5256416,0.8610588,Easy
1661,1,0,0.51024073,False,1,0.6004809,True,1,0.9877566,True,0.9712599,0.516117,0.7763777,Easy
1662,0,0,0.58904296,True,0,0.8717291,True,0,0.97873497,True,0.96554774,0.51905215,0.0,Easy
1663,1,1,0.5315838,True,1,0.85729295,True,1,0.94266486,True,0.9631221,0.50347626,0.9001255,Easy
1664,0,0,0.5984599,True,0,0.7539801,True,0,0.73323,True,0.96735495,0.52439237,0.8853463,Easy
1665,0,0,0.65909666,True,0,0.6795248,True,0,0.97397614,True,0.9665691,0.5120289,0.9350248,Easy
1666,0,0,0.53108644,True,1,0.6200029,False,0,0.60416514,True,0.96661264,0.51267785,0.0,Graph_Only
1667,0,0,0.6088716,True,0,0.688301,True,0,0.83920556,True,0.9674281,0.5161811,0.9479482,Easy
1668,1,1,0.5160385,True,1,0.5329933,True,1,0.69803715,True,0.9711665,0.5088642,0.0,Easy
1669,0,0,0.5794403,True,1,0.5960749,False,0,0.80230105,True,0.96759886,0.51914465,0.92181414,Graph_Only
1670,0,0,0.51967293,True,0,0.5070545,True,1,0.7077669,False,0.9685956,0.5179875,0.85080504,Text_Only
1671,0,0,0.59445816,True,0,0.79609835,True,0,0.8696597,True,0.9725574,0.52596724,0.89698356,Easy
1672,0,0,0.5513193,True,1,0.8685968,False,0,0.91123015,True,0.9702077,0.50089324,0.7070032,Graph_Only
1673,0,0,0.5272392,True,1,0.61723393,False,1,0.77274877,False,0.9656038,0.5167101,0.8450531,Hard
1674,0,0,0.5935855,True,1,0.5298423,False,0,0.57494587,True,0.96773946,0.51142746,0.8980056,Graph_Only
1675,0,0,0.5590491,True,0,0.9482859,True,0,0.99936455,True,0.96276766,0.52198225,0.91140425,Easy
1676,0,0,0.56562966,True,0,0.9158562,True,0,0.99836403,True,0.9649175,0.51961535,0.8905515,Easy
1677,0,0,0.67842495,True,0,0.630094,True,0,0.7246003,True,0.9690968,0.51500523,0.0,Easy
1678,0,0,0.529151,True,0,0.98341507,True,0,0.5502422,True,0.96547467,0.5373664,0.0,Easy
1679,1,1,0.5274978,True,1,0.57269037,True,1,0.5671842,True,0.966396,0.50806725,0.0,Easy
1680,0,0,0.5486214,True,0,0.94191635,True,0,0.810055,True,0.96769,0.53264993,0.0,Easy
1681,0,0,0.5673464,True,0,0.9514161,True,0,0.9992393,True,0.9641532,0.52589536,0.8459457,Easy
1682,0,0,0.60807854,True,0,0.8810184,True,0,0.99202055,True,0.9660934,0.5188246,0.8984586,Easy
1683,0,0,0.55239457,True,0,0.9870974,True,0,0.99845254,True,0.9614275,0.53509957,0.84701765,Easy
1684,0,0,0.6038792,True,0,0.51780397,True,0,0.66779745,True,0.9699069,0.5127799,0.0,Easy
1685,1,0,0.5077208,False,1,0.7769079,True,1,0.6817698,True,0.96629333,0.49504822,0.8087342,Easy
1686,0,0,0.56828004,True,0,0.9365104,True,0,0.9943715,True,0.96444464,0.52342397,0.90565175,Easy
1687,0,0,0.5424637,True,0,0.8114676,True,0,0.8759579,True,0.9719919,0.5240454,0.0,Easy
1688,0,0,0.5775409,True,0,0.90827787,True,0,0.9764788,True,0.96527827,0.5165154,0.83349013,Easy
1689,1,1,0.5087767,True,1,0.82346255,True,1,0.8711164,True,0.9639131,0.50334185,0.0,Easy
1690,1,0,0.5523994,False,1,0.7679536,True,1,0.5450397,True,0.9676708,0.511099,0.80874306,Easy
1691,1,1,0.5344156,True,1,0.9492064,True,1,0.98794925,True,0.9610345,0.50247943,0.0,Easy
1692,0,1,0.5451183,False,1,0.73779684,False,1,0.9308899,False,0.964808,0.50768226,0.0,Hard
1693,0,1,0.55924517,False,1,0.6110812,False,0,0.62405807,True,0.966576,0.51861966,0.89729,Graph_Only
1694,0,0,0.6285675,True,0,0.8065789,True,0,0.96006024,True,0.9678564,0.52184033,0.0,Easy
1695,1,0,0.50863504,False,0,0.5015027,False,1,0.77688164,True,0.96580684,0.50933623,0.0,Graph_Only
1696,0,0,0.61024487,True,0,0.8205243,True,0,0.9175579,True,0.96822757,0.5203122,0.0,Easy
1697,0,0,0.577766,True,0,0.79147446,True,0,0.8525566,True,0.9717349,0.5238126,0.0,Easy
1698,0,0,0.58362645,True,0,0.5109772,True,0,0.8849608,True,0.9640373,0.50677544,0.78925383,Easy
1699,1,1,0.5272613,True,1,0.84994966,True,1,0.9545386,True,0.9673156,0.4943629,0.74252355,Easy
1700,0,0,0.6812809,True,0,0.62668437,True,0,0.9323991,True,0.9692266,0.514317,0.85830545,Easy
1701,0,0,0.6094409,True,0,0.7111558,True,0,0.88881826,True,0.9721869,0.5206188,0.7842801,Easy
1702,0,0,0.5789487,True,1,0.5753041,False,1,0.53571385,False,0.9717129,0.50954145,0.0,Hard
1703,1,0,0.56652784,False,0,0.71822155,False,0,0.68057007,False,0.96816295,0.5202206,0.0,Hard
1704,0,0,0.6388454,True,0,0.718522,True,0,0.98890764,True,0.9676195,0.5110963,0.8856995,Easy
1705,1,1,0.5094696,True,1,0.91178936,True,1,0.9694322,True,0.9656172,0.49689394,0.0,Easy
1706,0,0,0.60526156,True,0,0.8270768,True,0,0.97197187,True,0.9674041,0.51757425,0.90483,Easy
1707,0,0,0.5104649,True,0,0.89745677,True,1,0.68588674,False,0.97243726,0.5263345,0.0,Text_Only
1708,1,1,0.53482485,True,1,0.5421386,True,1,0.63007015,True,0.9707308,0.51461864,0.0,Easy
1709,0,0,0.55599654,True,0,0.9912985,True,0,0.99773717,True,0.95916873,0.53561676,0.0,Easy
1710,0,0,0.5640226,True,0,0.9245797,True,0,0.9851782,True,0.96627665,0.5227668,0.8937281,Easy
1711,1,1,0.52886385,True,1,0.82732874,True,1,0.9721666,True,0.9658184,0.50195426,0.0,Easy
1712,0,0,0.5963923,True,0,0.6389692,True,0,0.92478234,True,0.9707109,0.52133685,0.7213448,Easy
1713,0,0,0.6772658,True,1,0.54037195,False,0,0.75951225,True,0.9695786,0.5121131,0.0,Graph_Only
1714,0,0,0.5686543,True,0,0.96836156,True,0,0.9791479,True,0.9659447,0.52700806,0.0,Easy
1715,1,0,0.50974447,False,1,0.53819704,True,1,0.6979116,True,0.96492934,0.50439364,0.89708114,Easy
1716,0,0,0.6409378,True,1,0.5590485,False,0,0.7447537,True,0.966087,0.5120125,0.0,Graph_Only
1717,0,0,0.56455547,True,0,0.9646086,True,0,0.9989157,True,0.9615478,0.52417964,0.9308363,Easy
1718,0,0,0.56889,True,0,0.9498701,True,0,0.99888176,True,0.9638426,0.5223451,0.878579,Easy
1719,0,0,0.5857458,True,0,0.91518295,True,0,0.9988267,True,0.96356523,0.51952404,0.9430213,Easy
1720,0,0,0.5433062,True,0,0.9079712,True,0,0.99895775,True,0.96683484,0.5179882,0.79899204,Easy
1721,0,0,0.5659594,True,0,0.95158607,True,0,0.98801047,True,0.9668365,0.5261427,0.8722899,Easy
1722,1,1,0.53321666,True,1,0.87153,True,1,0.9777713,True,0.9624188,0.50428146,0.0,Easy
1723,1,1,0.5110282,True,1,0.7200254,True,1,0.731186,True,0.967782,0.5024037,0.0,Easy
1724,0,0,0.5624499,True,0,0.97387874,True,0,0.9964934,True,0.96429014,0.5233778,0.9054465,Easy
1725,0,0,0.5960793,True,0,0.5307389,True,0,0.8594919,True,0.9689994,0.519026,0.0,Easy
1726,0,0,0.6182966,True,0,0.8814759,True,0,0.97776437,True,0.96986175,0.5244236,0.8998594,Easy
1727,0,0,0.535852,True,0,0.9830419,True,0,0.99882454,True,0.96255845,0.5287237,0.7932581,Easy
1728,1,0,0.5530694,False,0,0.50420797,False,1,0.5749026,True,0.9678611,0.5133366,0.0,Graph_Only
1729,0,0,0.572832,True,0,0.95326275,True,0,0.9990225,True,0.9636036,0.52522063,0.7928307,Easy
1730,0,0,0.5437073,True,0,0.99191236,True,0,0.9996706,True,0.95847476,0.5326422,0.90423405,Easy
1731,0,0,0.54595816,True,0,0.98942155,True,0,0.99937904,True,0.95944023,0.53344756,0.8213786,Easy
1732,0,0,0.5482327,True,0,0.9822547,True,0,0.9927267,True,0.96382666,0.52625644,0.85181785,Easy
1733,0,0,0.54971504,True,1,0.5971924,False,0,0.6526034,True,0.96898437,0.5129583,0.0,Graph_Only
1734,0,0,0.62618864,True,0,0.80327386,True,0,0.86861736,True,0.9686333,0.5244031,0.0,Easy
1735,0,0,0.55493087,True,0,0.971132,True,0,0.8753172,True,0.9664328,0.5279004,0.0,Easy
1736,0,0,0.5935825,True,0,0.6901231,True,0,0.9246213,True,0.9715474,0.51780856,0.0,Easy
1737,0,0,0.6093466,True,0,0.8551368,True,0,0.9941094,True,0.9644866,0.5149751,0.78900784,Easy
1738,0,0,0.63994527,True,0,0.60697746,True,0,0.91356057,True,0.96761966,0.51927006,0.0,Easy
1739,1,1,0.53691787,True,1,0.7085716,True,1,0.94200474,True,0.96661067,0.50901824,0.0,Easy
1740,1,1,0.5139008,True,1,0.9768223,True,1,0.9891698,True,0.9583369,0.49447358,0.73753446,Easy
1741,0,0,0.5504864,True,0,0.6681216,True,0,0.62676984,True,0.9693284,0.5171589,0.0,Easy
1742,1,0,0.59857845,False,1,0.6665411,True,0,0.62325656,False,0.96724325,0.5097325,0.0,Text_Only
1743,0,0,0.5838124,True,0,0.9085899,True,0,0.98456544,True,0.96844065,0.5178398,0.909182,Easy
1744,0,0,0.59371537,True,1,0.5670701,False,1,0.55055827,False,0.9658714,0.5128237,0.0,Hard
1745,0,0,0.53852534,True,0,0.97824943,True,0,0.9988607,True,0.96281254,0.5281107,0.8783892,Easy
1746,1,1,0.5601279,True,1,0.8271899,True,1,0.9952519,True,0.9644908,0.5060503,0.8547121,Easy
1747,1,1,0.5464936,True,1,0.9336569,True,1,0.9911987,True,0.96251744,0.5026469,0.0,Easy
1748,0,0,0.59686303,True,0,0.74208516,True,0,0.92042905,True,0.9647696,0.5192115,0.9180541,Easy
1749,1,1,0.5534221,True,1,0.8529238,True,1,0.9898141,True,0.96510506,0.5062216,0.0,Easy
1750,0,0,0.6025062,True,0,0.50846106,True,0,0.68931997,True,0.9728298,0.5136184,0.0,Easy
1751,0,0,0.58326006,True,0,0.7114462,True,0,0.8253709,True,0.96958315,0.5220786,0.0,Easy
1752,0,0,0.5921901,True,0,0.92861,True,0,0.99730253,True,0.9626951,0.5232879,0.0,Easy
1753,1,1,0.5068365,True,1,0.9475895,True,1,0.9905364,True,0.96014565,0.5028112,0.0,Easy
1754,0,0,0.5710801,True,0,0.93975097,True,0,0.9978808,True,0.9631538,0.522152,0.9247262,Easy
1755,1,1,0.5240808,True,1,0.95076704,True,1,0.99153155,True,0.9620687,0.49933133,0.0,Easy
1756,0,0,0.63327575,True,1,0.51414275,False,0,0.8180611,True,0.9664648,0.5136711,0.92079437,Graph_Only
1757,1,0,0.5006635,False,1,0.88543624,True,1,0.9750107,True,0.9626293,0.5012641,0.8055254,Easy
1758,1,1,0.54294395,True,1,0.91387105,True,1,0.99133474,True,0.96150017,0.5036366,0.0,Easy
1759,0,0,0.5801274,True,0,0.77775884,True,0,0.9226188,True,0.969468,0.52155876,0.0,Easy
1760,0,0,0.53123456,True,1,0.5427301,False,0,0.7638532,True,0.96921074,0.5149157,0.0,Graph_Only
1761,1,0,0.51582664,False,1,0.7367255,True,1,0.5662857,True,0.9674428,0.50447077,0.0,Easy
1762,1,1,0.55643135,True,1,0.7457117,True,1,0.5160032,True,0.9686636,0.50336313,0.0,Easy
1763,0,0,0.56167465,True,0,0.9376475,True,0,0.91636795,True,0.96653783,0.52420217,0.0,Easy
1764,0,0,0.53953063,True,0,0.9757396,True,0,0.9985436,True,0.9635251,0.5252634,0.89029837,Easy
1765,0,0,0.58812326,True,0,0.87110096,True,0,0.9962835,True,0.9671974,0.5197684,0.91737133,Easy
1766,0,0,0.5702533,True,0,0.9307811,True,0,0.96978724,True,0.969029,0.5285383,0.0,Easy
1767,1,1,0.51997346,True,1,0.8990993,True,1,0.98601586,True,0.96189904,0.5016838,0.0,Easy
1768,1,1,0.55514556,True,1,0.8339154,True,1,0.9663402,True,0.9632896,0.5008204,0.823534,Easy
1769,0,0,0.56138456,True,0,0.9328443,True,0,0.97841394,True,0.96774685,0.5221616,0.0,Easy
1770,0,0,0.6364366,True,0,0.50480074,True,0,0.7295302,True,0.9668259,0.5140669,0.0,Easy
1771,1,0,0.56548876,False,0,0.6014689,False,0,0.792872,False,0.9700568,0.51615655,0.0,Hard
1772,0,0,0.583388,True,0,0.96294093,True,0,0.99446106,True,0.9665,0.5276343,0.8302115,Easy
1773,0,0,0.5748341,True,0,0.9116757,True,0,0.93553674,True,0.96883285,0.52761173,0.0,Easy
1774,1,1,0.5551069,True,1,0.8641952,True,1,0.8844515,True,0.9627137,0.49335492,0.8431784,Easy
1775,0,0,0.56177306,True,1,0.54451936,False,0,0.7630153,True,0.9679136,0.5155443,0.0,Graph_Only
1776,1,0,0.58004826,False,0,0.81674904,False,0,0.93151814,False,0.9663257,0.51369035,0.8279284,Hard
1777,1,1,0.5299065,True,1,0.6798627,True,1,0.59149146,True,0.96770424,0.5109273,0.8118492,Easy
1778,0,0,0.55847436,True,0,0.96057576,True,0,0.99854434,True,0.9627994,0.52775484,0.8645271,Easy
1779,0,0,0.5980886,True,0,0.92683434,True,0,0.98038656,True,0.9671893,0.5239977,0.0,Easy
1780,1,0,0.5908653,False,0,0.94703853,False,0,0.9829889,False,0.96828586,0.5263976,0.8414469,Hard
1781,0,0,0.6087348,True,0,0.8102222,True,0,0.9246117,True,0.9649886,0.5164893,0.0,Easy
1782,1,0,0.5841567,False,1,0.5140416,True,1,0.9333312,True,0.9653919,0.5122486,0.866105,Easy
1783,1,1,0.51390564,True,1,0.5701516,True,1,0.91667545,True,0.9674982,0.5166052,0.7375904,Easy
1784,0,0,0.5185861,True,0,0.8146287,True,0,0.8314316,True,0.9699652,0.5229022,0.0,Easy
1785,0,0,0.5043284,True,1,0.5568872,False,0,0.77816844,True,0.97127414,0.5177805,0.0,Graph_Only
1786,0,0,0.53963023,True,0,0.99190146,True,0,0.9897456,True,0.96111745,0.53194743,0.87647086,Easy
1787,0,0,0.5586671,True,0,0.9782431,True,0,0.9989807,True,0.9620929,0.5274402,0.93331337,Easy
1788,0,0,0.5138823,True,0,0.51841116,True,0,0.7600145,True,0.9705733,0.5153086,0.82137537,Easy
1789,0,0,0.56360996,True,0,0.89789385,True,0,0.9964999,True,0.9650315,0.5203548,0.90999174,Easy
1790,0,0,0.5878522,True,0,0.8715716,True,0,0.9702039,True,0.9692591,0.519946,0.91839916,Easy
1791,0,0,0.6653167,True,1,0.56300545,False,0,0.9305369,True,0.968279,0.5096477,0.86968046,Graph_Only
1792,1,1,0.577934,True,1,0.5859572,True,1,0.8523137,True,0.9666615,0.5201189,0.87417305,Easy
1793,1,0,0.56987697,False,0,0.81791145,False,0,0.8353434,False,0.9695009,0.53092605,0.85049415,Hard
1794,0,0,0.5671346,True,0,0.97187704,True,0,0.9979831,True,0.9622129,0.5263468,0.92551136,Easy
1795,1,1,0.5220744,True,1,0.9550388,True,1,0.98733854,True,0.9603559,0.49746856,0.0,Easy
1796,0,0,0.5991271,True,0,0.9145685,True,0,0.98744816,True,0.96797305,0.5240604,0.8373402,Easy
1797,0,0,0.5745964,True,0,0.92612296,True,0,0.9892945,True,0.9639689,0.52108526,0.9397526,Easy
1798,1,1,0.5387687,True,1,0.8614259,True,1,0.93022573,True,0.9645748,0.5026264,0.0,Easy
1799,1,1,0.53877914,True,1,0.825599,True,1,0.9652743,True,0.9629867,0.5044574,0.0,Easy
1800,0,0,0.55277973,True,0,0.9907803,True,0,0.9982231,True,0.9599947,0.53601635,0.86596847,Easy
1801,0,0,0.5734868,True,0,0.9742556,True,0,0.9961014,True,0.9631126,0.5274944,0.8689767,Easy
1802,0,0,0.5553616,True,0,0.9572743,True,0,0.99904615,True,0.9643913,0.5236901,0.8395152,Easy
1803,0,0,0.53225243,True,0,0.97749466,True,0,0.99889165,True,0.9641943,0.5279381,0.82505184,Easy
1804,0,0,0.5533732,True,0,0.9373995,True,0,0.9960867,True,0.96566445,0.52530026,0.82278466,Easy
1805,1,0,0.5199016,False,1,0.5080932,True,1,0.69838405,True,0.96822995,0.50916886,0.0,Easy
1806,1,1,0.5467987,True,1,0.59184325,True,1,0.87793577,True,0.9710969,0.50928944,0.0,Easy
1807,1,1,0.56290215,True,1,0.8185571,True,1,0.9776273,True,0.96512496,0.5070796,0.0,Easy
1808,0,0,0.55298424,True,0,0.97754604,True,0,0.93417674,True,0.9648071,0.53027105,0.0,Easy
1809,0,0,0.60082674,True,0,0.8250932,True,0,0.9825601,True,0.9665487,0.51411605,0.819227,Easy
1810,0,0,0.5548496,True,0,0.96061784,True,0,0.99958044,True,0.96590865,0.52678066,0.894145,Easy
1811,1,1,0.5024306,True,1,0.86098033,True,1,0.9105032,True,0.9648937,0.5020008,0.0,Easy
1812,0,0,0.5857035,True,0,0.9439537,True,0,0.99110526,True,0.9657556,0.5240152,0.89267266,Easy
1813,1,1,0.51066816,True,1,0.68912673,True,1,0.9443722,True,0.9638686,0.5052507,0.0,Easy
1814,0,0,0.61625445,True,0,0.7700823,True,0,0.9625116,True,0.96468955,0.5140089,0.9378482,Easy
1815,0,0,0.57023305,True,0,0.95462567,True,0,0.9975914,True,0.96373034,0.5280633,0.9022341,Easy
1816,0,0,0.65277976,True,0,0.5207892,True,1,0.5537104,False,0.96776175,0.5137195,0.0,Text_Only
1817,1,1,0.5232361,True,1,0.74196714,True,0,0.50196385,False,0.9699931,0.50230825,0.0,Text_Only
1818,1,1,0.52515817,True,1,0.93925506,True,1,0.9960961,True,0.95982444,0.50144255,0.80441475,Easy
1819,1,0,0.6001746,False,0,0.53604716,False,1,0.85387933,True,0.96891487,0.5175702,0.7809864,Graph_Only
1820,0,0,0.57165426,True,0,0.9352426,True,0,0.9735631,True,0.96708405,0.52410537,0.7456224,Easy
1821,0,0,0.6318036,True,0,0.7434389,True,0,0.98759896,True,0.969227,0.5163959,0.83062726,Easy
1822,0,0,0.59218395,True,1,0.59811836,False,0,0.6881467,True,0.96706426,0.51314116,0.902341,Graph_Only
1823,0,0,0.5897902,True,1,0.5487565,False,0,0.5044816,True,0.9653981,0.5153071,0.0,Graph_Only
1824,0,0,0.5789174,True,0,0.9082611,True,0,0.9412147,True,0.96986866,0.5242503,0.815574,Easy
1825,1,0,0.5171305,False,0,0.5111465,False,1,0.55586773,True,0.9680939,0.5179552,0.8238244,Graph_Only
1826,0,0,0.62295127,True,0,0.782292,True,0,0.96885353,True,0.97040886,0.5213519,0.82684124,Easy
1827,1,1,0.5580124,True,1,0.7950377,True,1,0.9424812,True,0.9668012,0.50720483,0.0,Easy
1828,0,0,0.62600344,True,0,0.6054628,True,0,0.66971725,True,0.9674939,0.5187429,0.8409921,Easy
1829,0,0,0.5296245,True,0,0.96397334,True,0,0.9989544,True,0.96374196,0.5256694,0.81058383,Easy
1830,1,0,0.5231939,False,1,0.83339465,True,1,0.79470867,True,0.96536684,0.49825668,0.0,Easy
1831,0,0,0.53972256,True,0,0.98265946,True,0,0.9769867,True,0.9644557,0.53006387,0.0,Easy
1832,0,0,0.57001895,True,0,0.907886,True,0,0.9542951,True,0.9692196,0.5233736,0.7295302,Easy
1833,0,0,0.566863,True,0,0.955367,True,0,0.98504156,True,0.9659591,0.5261887,0.8460554,Easy
1834,0,0,0.56807655,True,0,0.8194667,True,0,0.83955014,True,0.9709156,0.5240048,0.0,Easy
1835,0,0,0.56553656,True,0,0.8724075,True,0,0.8533543,True,0.96896195,0.52528304,0.80132145,Easy
1836,0,0,0.59237456,True,0,0.8316875,True,0,0.9945913,True,0.9647032,0.51231587,0.837155,Easy
1837,0,0,0.574034,True,0,0.6760221,True,0,0.6820338,True,0.96745133,0.51752174,0.0,Easy
1838,0,1,0.510143,False,1,0.847688,False,1,0.9326934,False,0.9640488,0.5018019,0.0,Hard
1839,0,0,0.5547387,True,0,0.8711702,True,0,0.8800065,True,0.9702416,0.51755,0.90177953,Easy
1840,0,0,0.57538474,True,0,0.91933215,True,0,0.99813783,True,0.9640554,0.5200085,0.89424676,Easy
1841,0,0,0.5422385,True,0,0.9889838,True,0,0.9991978,True,0.9611101,0.5316067,0.82927203,Easy
1842,0,0,0.5724946,True,0,0.95822936,True,0,0.98510695,True,0.9649583,0.52582747,0.0,Easy
1843,1,1,0.53516054,True,0,0.5175923,False,1,0.9826664,True,0.9710493,0.5179629,0.7093024,Graph_Only
1844,0,0,0.6291967,True,0,0.6605406,True,0,0.87695336,True,0.9646691,0.51513124,0.9348438,Easy
1845,0,0,0.5485342,True,0,0.9855802,True,0,0.9958396,True,0.9625418,0.5311692,0.0,Easy
1846,0,0,0.64877564,True,0,0.7289638,True,0,0.9314798,True,0.96904343,0.5194093,0.0,Easy
1847,0,0,0.60161906,True,0,0.8485129,True,0,0.9953042,True,0.9672101,0.52125025,0.8836455,Easy
1848,0,0,0.58996147,True,0,0.7872167,True,0,0.9751384,True,0.9684053,0.51588196,0.9185913,Easy
1849,0,0,0.57079893,True,0,0.9210832,True,0,0.9985765,True,0.96543646,0.5200813,0.89082944,Easy
1850,1,1,0.5394184,True,1,0.65187955,True,1,0.90648896,True,0.9662571,0.5089512,0.0,Easy
1851,0,0,0.57610965,True,0,0.89577764,True,0,0.948156,True,0.96842015,0.52353734,0.0,Easy
1852,1,1,0.5055003,True,1,0.778336,True,1,0.83183676,True,0.9689956,0.5008632,0.0,Easy
1853,0,0,0.5586647,True,0,0.63071376,True,0,0.8554691,True,0.97334874,0.5220975,0.0,Easy
1854,0,0,0.5020587,True,1,0.87855166,False,1,0.66962487,False,0.96405256,0.4961659,0.0,Hard
1855,1,0,0.5134614,False,1,0.8460937,True,1,0.6607387,True,0.96983486,0.4995547,0.0,Easy
1856,0,0,0.57346815,True,0,0.66423124,True,0,0.7939026,True,0.9687053,0.51696384,0.8787861,Easy
1857,1,0,0.63179,False,1,0.78183573,True,0,0.88234615,False,0.96634233,0.50062317,0.0,Text_Only
1858,0,0,0.5209721,True,1,0.582627,False,0,0.8459579,True,0.96971655,0.5171173,0.7366839,Graph_Only
1859,0,0,0.6882119,True,0,0.5439417,True,0,0.71327686,True,0.967189,0.51833713,0.0,Easy
1860,0,0,0.5268061,True,0,0.95773256,True,0,0.9972096,True,0.96484685,0.52628845,0.8219931,Easy
1861,1,0,0.5225702,False,1,0.68859977,True,1,0.63408256,True,0.9686694,0.5052448,0.8168808,Easy
1862,0,0,0.5774788,True,0,0.94097733,True,0,0.9907768,True,0.9659924,0.5193445,0.8942013,Easy
1863,0,0,0.5719117,True,0,0.95824206,True,0,0.9803021,True,0.9672954,0.52384275,0.0,Easy
1864,0,0,0.55141747,True,0,0.9923753,True,0,0.99814606,True,0.95910716,0.5350611,0.86123794,Easy
1865,1,0,0.5672242,False,0,0.5211936,False,1,0.52323693,True,0.96893334,0.51912177,0.8730118,Graph_Only
1866,1,1,0.5352264,True,1,0.786114,True,1,0.91044056,True,0.9663814,0.5097155,0.81440294,Easy
1867,1,1,0.53424144,True,1,0.89785135,True,1,0.9613776,True,0.9626436,0.49865845,0.9396245,Easy
1868,1,0,0.5037968,False,1,0.83252054,True,1,0.92582095,True,0.9635915,0.512697,0.9082084,Easy
1869,0,0,0.57505625,True,1,0.67809385,False,0,0.66492516,True,0.9648554,0.5084121,0.88447374,Graph_Only
1870,0,0,0.6064428,True,0,0.89186335,True,0,0.9486227,True,0.97044826,0.52732307,0.92139745,Easy
1871,1,0,0.5709539,False,1,0.6726782,True,1,0.5070895,True,0.96694595,0.51004326,0.8954506,Easy
1872,1,1,0.50240564,True,1,0.8327746,True,1,0.8511985,True,0.9649137,0.50363487,0.8946085,Easy
1873,1,1,0.502284,True,1,0.5915098,True,1,0.8123924,True,0.96580637,0.51730615,0.9373218,Easy
1874,1,1,0.53475624,True,1,0.8314118,True,1,0.98122394,True,0.96311307,0.5191071,0.9078137,Easy
1875,0,0,0.5820531,True,0,0.858276,True,0,0.96508795,True,0.96543294,0.51967144,0.8434479,Easy
1876,1,1,0.5444172,True,1,0.8209795,True,1,0.8699116,True,0.96751505,0.4942732,0.86642706,Easy
1877,1,0,0.52696264,False,1,0.69247746,True,1,0.628894,True,0.9671418,0.51227105,0.87999,Easy
1878,1,1,0.50026894,True,1,0.57170653,True,1,0.65149367,True,0.9673467,0.5195133,0.88057315,Easy
1879,0,0,0.6633787,True,0,0.5734545,True,0,0.85577106,True,0.96827453,0.5221374,0.8350671,Easy
1880,1,1,0.5311429,True,1,0.5537076,True,1,0.6879682,True,0.9660214,0.5231629,0.84230787,Easy
1881,1,1,0.5030324,True,1,0.75951034,True,1,0.8264644,True,0.96324056,0.50394803,0.8414811,Easy
1882,1,1,0.52259773,True,1,0.90697825,True,1,0.96267384,True,0.96292955,0.49921882,0.85366917,Easy
1883,0,1,0.5957962,False,1,0.5990219,False,1,0.71869254,False,0.9694585,0.5202553,0.8520471,Hard
1884,1,1,0.543684,True,1,0.8868777,True,1,0.98146534,True,0.96326506,0.5022192,0.90991354,Easy
1885,1,1,0.5372465,True,1,0.7553622,True,1,0.97461367,True,0.96481067,0.5069724,0.8057824,Easy
1886,1,1,0.52390254,True,1,0.8187438,True,1,0.84446996,True,0.96406084,0.502884,0.91753733,Easy
1887,1,1,0.5319431,True,1,0.8912424,True,1,0.98106325,True,0.9637995,0.50890005,0.92380816,Easy
1888,1,1,0.5350838,True,1,0.7562526,True,1,0.6462922,True,0.96682864,0.5068392,0.87195647,Easy
1889,1,0,0.624549,False,0,0.653619,False,0,0.7571485,False,0.96668684,0.52494013,0.87376505,Hard
1890,0,0,0.5087601,True,1,0.5831661,False,1,0.7832116,False,0.9661698,0.5098229,0.93875045,Hard
1891,0,0,0.5818451,True,0,0.95713735,True,0,0.96844304,True,0.96669424,0.5344827,0.87749016,Easy
1892,0,1,0.50713944,False,1,0.5977044,False,0,0.7793929,True,0.9695869,0.5222973,0.8144737,Graph_Only
1893,1,0,0.50099176,False,1,0.8048999,True,1,0.81957555,True,0.96425164,0.50741917,0.95095474,Easy
1894,0,0,0.5775597,True,0,0.9245858,True,0,0.9986255,True,0.96579206,0.5190152,0.9539379,Easy
1895,1,1,0.60487646,True,1,0.7205739,True,1,0.9486979,True,0.96746975,0.5148603,0.9375925,Easy
1896,1,1,0.5409553,True,1,0.8608243,True,1,0.9324058,True,0.9700497,0.50456053,0.6870437,Easy
1897,0,0,0.6565438,True,0,0.66947925,True,0,0.98686534,True,0.969712,0.517435,0.8619263,Easy
1898,1,1,0.50561666,True,1,0.8963736,True,1,0.98804104,True,0.9625641,0.51141083,0.8455701,Easy
1899,0,0,0.53051966,True,0,0.9688824,True,0,0.9991381,True,0.9628824,0.5275399,0.838067,Easy
1900,1,1,0.5374757,True,1,0.6138062,True,1,0.81860405,True,0.96467876,0.5170918,0.9062229,Easy
1901,1,1,0.5277669,True,1,0.9157825,True,1,0.97508585,True,0.9626497,0.5047698,0.88550544,Easy
1902,0,0,0.5772138,True,0,0.9036288,True,0,0.99878937,True,0.9666809,0.5207399,0.90165555,Easy
1903,0,0,0.5978167,True,1,0.6330767,False,0,0.59277475,True,0.9629371,0.5143837,0.92014456,Graph_Only
1904,1,1,0.51933205,True,1,0.66569597,True,1,0.9327612,True,0.9670466,0.509831,0.80084395,Easy
1905,0,0,0.5648969,True,0,0.93864274,True,0,0.9754108,True,0.96902704,0.52916527,0.84386265,Easy
1906,1,0,0.52982295,False,1,0.8742226,True,1,0.8395788,True,0.96603626,0.4982645,0.8474627,Easy
1907,1,0,0.51818794,False,1,0.89244735,True,1,0.6949175,True,0.9642787,0.5060698,0.8962455,Easy
1908,1,1,0.50436753,True,1,0.7191099,True,1,0.59210813,True,0.96644765,0.5068873,0.8791029,Easy
1909,1,1,0.5282383,True,1,0.9278663,True,1,0.986459,True,0.96012104,0.5092118,0.89115167,Easy
1910,1,0,0.5024203,False,1,0.8359442,True,1,0.9457779,True,0.9622539,0.509495,0.81991494,Easy
1911,0,0,0.5423098,True,1,0.7923166,False,0,0.57486206,True,0.96304935,0.5019017,0.93346596,Graph_Only
1912,1,1,0.5075341,True,1,0.8636489,True,1,0.986429,True,0.96184456,0.5087576,0.8351666,Easy
1913,1,1,0.5102513,True,1,0.8673085,True,1,0.83692026,True,0.96721554,0.5032351,0.7612078,Easy
1914,0,0,0.6279123,True,0,0.6417491,True,0,0.94276434,True,0.96912,0.51698804,0.80238926,Easy
1915,0,0,0.6138332,True,0,0.8473141,True,0,0.99343324,True,0.9662655,0.5195768,0.8619086,Easy
1916,0,0,0.54899734,True,1,0.6506538,False,0,0.61393666,True,0.96668506,0.51288813,0.8682015,Graph_Only
1917,0,0,0.5710153,True,1,0.50427324,False,1,0.6454464,False,0.96513283,0.519225,0.93984866,Hard
1918,1,1,0.52993155,True,1,0.9052026,True,1,0.98381525,True,0.96172464,0.50345445,0.8869382,Easy
1919,1,1,0.56113636,True,1,0.83309746,True,1,0.9574994,True,0.96495837,0.49931788,0.9303801,Easy
1920,1,0,0.50775945,False,0,0.6411152,False,1,0.6504842,True,0.96673024,0.52569884,0.8652296,Graph_Only
1921,0,0,0.5599131,True,0,0.9720395,True,0,0.99814785,True,0.9628657,0.5309262,0.8666891,Easy
1922,1,0,0.5576341,False,0,0.55047065,False,1,0.52813333,True,0.9673149,0.5225337,0.8348233,Graph_Only
1923,1,1,0.547786,True,1,0.88022256,True,1,0.9666452,True,0.96975183,0.5100183,0.72959834,Easy
1924,1,1,0.51264215,True,1,0.8478897,True,1,0.8243023,True,0.9648042,0.50000787,0.92902106,Easy
1925,1,1,0.54043174,True,1,0.93582773,True,1,0.9889014,True,0.9619373,0.49705055,0.906405,Easy
1926,1,0,0.50450635,False,1,0.90345514,True,1,0.9221672,True,0.9631539,0.50751716,0.8326582,Easy
1927,0,0,0.6774805,True,1,0.57551825,False,0,0.9611225,True,0.9635488,0.5090879,0.8635459,Graph_Only
1928,0,0,0.5982313,True,1,0.69758475,False,0,0.6034143,True,0.96957314,0.5062939,0.9160636,Graph_Only
1929,0,0,0.51948494,True,1,0.7158975,False,1,0.5453579,False,0.96661985,0.50681776,0.8869567,Hard
1930,0,0,0.6466688,True,1,0.661938,False,0,0.7726718,True,0.966403,0.5107277,0.8852978,Graph_Only
1931,0,0,0.5879348,True,0,0.915022,True,0,0.9701193,True,0.9643823,0.52706015,0.8207387,Easy
1932,1,1,0.53225195,True,1,0.834036,True,1,0.95636886,True,0.9622911,0.50703764,0.9049802,Easy
1933,0,0,0.5877678,True,0,0.77227634,True,0,0.97881925,True,0.9680063,0.52171385,0.9228233,Easy
1934,0,0,0.6271796,True,1,0.6510788,False,0,0.74221164,True,0.9676205,0.5127381,0.7961594,Graph_Only
1935,1,0,0.65154904,False,0,0.5388838,False,0,0.7090969,False,0.96704495,0.5193625,0.812008,Hard
1936,1,0,0.5006746,False,1,0.8615846,True,1,0.91064435,True,0.9630493,0.50693744,0.941223,Easy
1937,1,1,0.5577879,True,1,0.5746042,True,1,0.89699703,True,0.9652531,0.52049625,0.8501613,Easy
1938,0,0,0.61374104,True,0,0.8354984,True,0,0.98877174,True,0.96641964,0.5229353,0.85121834,Easy
1939,1,0,0.5919685,False,0,0.7061839,False,0,0.65629995,False,0.9660221,0.5263664,0.90779454,Hard
1940,0,0,0.57447726,True,0,0.8917434,True,0,0.99549156,True,0.9677638,0.5200844,0.83474874,Easy
1941,1,1,0.54029447,True,1,0.646171,True,1,0.9013188,True,0.9669048,0.5101713,0.8588725,Easy
1942,0,1,0.5030974,False,1,0.63928145,False,0,0.54540706,True,0.9667248,0.51254445,0.9142711,Graph_Only
1943,1,1,0.54585993,True,1,0.81790257,True,1,0.9952958,True,0.97055316,0.5112773,0.7206536,Easy
1944,0,0,0.5802643,True,0,0.6030456,True,0,0.74737906,True,0.9672042,0.52299094,0.8789116,Easy
1945,1,1,0.50625783,True,1,0.7345424,True,1,0.8953832,True,0.96531546,0.5121651,0.9432503,Easy
1946,0,0,0.5617451,True,0,0.7737419,True,0,0.9783674,True,0.968289,0.5252026,0.86145985,Easy
1947,0,0,0.58058333,True,1,0.69424003,False,0,0.65266854,True,0.96494126,0.5080212,0.8791913,Graph_Only
1948,0,0,0.60430396,True,0,0.79420465,True,0,0.9169474,True,0.96961415,0.51487315,0.8680832,Easy
1949,0,0,0.58015406,True,0,0.91168183,True,0,0.99647045,True,0.9643647,0.5249982,0.8591851,Easy
1950,1,1,0.5056441,True,1,0.5289127,True,1,0.79537094,True,0.96589446,0.5207133,0.89337873,Easy
1951,0,0,0.6084573,True,1,0.6989089,False,0,0.7487801,True,0.96683466,0.5086774,0.8786987,Graph_Only
1952,0,0,0.71708053,True,0,0.5451505,True,0,0.9087584,True,0.9679652,0.5111005,0.91917455,Easy
1953,0,0,0.55185264,True,0,0.98374754,True,0,0.99938023,True,0.9608116,0.5291012,0.90862906,Easy
1954,0,0,0.56663066,True,0,0.81996584,True,0,0.7296632,True,0.972939,0.5193795,0.87746596,Easy
1955,1,1,0.53064793,True,1,0.5686379,True,1,0.96905386,True,0.96458304,0.5203273,0.90541595,Easy
1956,1,0,0.5134181,False,1,0.80456376,True,1,0.9450674,True,0.9639758,0.5092912,0.88457483,Easy
1957,0,0,0.57104945,True,0,0.96029806,True,0,0.99424005,True,0.96356875,0.53088516,0.9205123,Easy
1958,0,0,0.5694329,True,1,0.6984188,False,0,0.9437974,True,0.9639536,0.5051963,0.92616755,Graph_Only
1959,1,0,0.52501655,False,1,0.9251084,True,1,0.93373054,True,0.9632258,0.49468467,0.81617594,Easy
1960,0,0,0.5394558,True,0,0.95668495,True,0,0.9973266,True,0.9671571,0.5264993,0.85031635,Easy
1961,0,0,0.5614909,True,0,0.952338,True,0,0.9992291,True,0.9638686,0.5267025,0.9083965,Easy
1962,0,0,0.5632557,True,1,0.5057546,False,1,0.6353694,False,0.96860003,0.51909715,0.9063816,Hard
1963,1,1,0.5230033,True,1,0.9509216,True,1,0.9905618,True,0.9629137,0.49251187,0.84043956,Easy
1964,1,0,0.5142599,False,1,0.74112594,True,1,0.92002434,True,0.9652082,0.51209795,0.8335707,Easy
1965,0,0,0.5854926,True,0,0.910687,True,0,0.9767104,True,0.96967167,0.5290856,0.9060787,Easy
1966,1,1,0.505091,True,1,0.82191175,True,1,0.9768003,True,0.96311975,0.5058643,0.83413225,Easy
1967,1,0,0.5535406,False,0,0.558798,False,1,0.52326983,True,0.9666611,0.5192445,0.8882377,Graph_Only
1968,0,0,0.6043263,True,0,0.75243163,True,0,0.7532262,True,0.965472,0.5206154,0.81342536,Easy
1969,0,0,0.5631697,True,1,0.694039,False,0,0.6163539,True,0.9652753,0.50949,0.9208588,Graph_Only
1970,0,0,0.50123,True,1,0.6429815,False,1,0.60512626,False,0.96509284,0.5106901,0.86427414,Hard
1971,0,0,0.5316308,True,0,0.9943738,True,0,0.9958341,True,0.9597453,0.5398538,0.8988204,Easy
1972,0,0,0.58151764,True,0,0.66863096,True,0,0.65377676,True,0.96805644,0.5204623,0.87898004,Easy
1973,0,1,0.5271429,False,1,0.5654013,False,0,0.52165514,True,0.96777344,0.51578945,0.8251655,Graph_Only
1974,1,1,0.5221329,True,1,0.8742305,True,1,0.90549546,True,0.9647644,0.4990793,0.8599944,Easy
1975,0,0,0.5889074,True,0,0.9199059,True,0,0.998787,True,0.96328354,0.5200191,0.90552825,Easy
1976,1,1,0.51033044,True,1,0.91463274,True,1,0.96657157,True,0.9636605,0.4945909,0.8805727,Easy
1977,1,1,0.5223381,True,1,0.74323046,True,1,0.98012084,True,0.9645581,0.5207707,0.8808931,Easy
1978,1,1,0.55911446,True,1,0.6068958,True,1,0.908777,True,0.9661745,0.5155047,0.92706853,Easy
1979,1,1,0.52701014,True,1,0.837847,True,1,0.95748997,True,0.9664854,0.513635,0.7994802,Easy
1980,0,0,0.6186879,True,0,0.73831564,True,0,0.94623786,True,0.9696211,0.51685464,0.8744385,Easy
1981,1,0,0.5304577,False,0,0.8543104,False,1,0.67937076,True,0.96550655,0.5327663,0.91036785,Graph_Only
1982,1,0,0.5295572,False,1,0.7912092,True,1,0.631517,True,0.9670893,0.50386405,0.8485886,Easy
1983,1,1,0.5206986,True,1,0.9600964,True,1,0.9915047,True,0.95792377,0.5045107,0.8922446,Easy
1984,1,1,0.5283933,True,1,0.9265163,True,1,0.9938334,True,0.9635166,0.5000204,0.8643254,Easy
1985,1,1,0.5464837,True,1,0.8179909,True,1,0.9833108,True,0.9682271,0.50881904,0.94094896,Easy
1986,1,0,0.5267964,False,1,0.6542284,True,0,0.50091463,False,0.9660258,0.50288415,0.9296198,Text_Only
1987,1,1,0.5164592,True,1,0.8766489,True,1,0.9535782,True,0.964939,0.5037944,0.8571103,Easy
1988,1,0,0.53395027,False,1,0.81851196,True,1,0.6056384,True,0.965358,0.50079304,0.9335189,Easy
1989,1,1,0.5099604,True,1,0.89265466,True,1,0.9262554,True,0.96285385,0.49894682,0.85473007,Easy
1990,0,0,0.63532764,True,0,0.6056686,True,0,0.99293387,True,0.9683912,0.50865984,0.8442695,Easy
1991,1,0,0.5014794,False,1,0.77352643,True,1,0.92821854,True,0.9639764,0.5103429,0.92578864,Easy
1992,1,1,0.52006584,True,1,0.8668775,True,1,0.9870493,True,0.9634521,0.5071548,0.78572655,Easy
1993,0,0,0.62568325,True,1,0.64378834,False,0,0.776911,True,0.96623206,0.51201373,0.9005354,Graph_Only
1994,1,1,0.54038125,True,1,0.6593046,True,1,0.96034205,True,0.9652585,0.52599967,0.94348454,Easy
1995,0,0,0.6712889,True,1,0.5217172,False,0,0.89349943,True,0.9639332,0.5124826,0.91721666,Graph_Only
1996,0,0,0.56718427,True,0,0.9113245,True,0,0.99921525,True,0.9654105,0.52501684,0.82729566,Easy
1997,1,0,0.5197682,False,0,0.5123681,False,1,0.7324565,True,0.9666057,0.5265059,0.8910016,Graph_Only
1998,0,0,0.51194876,True,0,0.83122367,True,1,0.51476103,False,0.97180444,0.52115303,0.8135372,Text_Only
1999,1,1,0.59259033,True,1,0.531082,True,1,0.81961286,True,0.9662533,0.5211652,0.9117379,Easy
2000,1,1,0.54042864,True,1,0.8841127,True,1,0.9952867,True,0.9625629,0.5113291,0.9052727,Easy
2001,1,0,0.6219519,False,1,0.5145324,True,1,0.5639333,True,0.9685994,0.51518804,0.8562261,Easy
2002,1,1,0.50709254,True,1,0.5595834,True,0,0.761236,False,0.96708554,0.5177177,0.8756055,Text_Only
2003,1,1,0.5278323,True,1,0.9397315,True,1,0.99549687,True,0.9610249,0.5038356,0.8833684,Easy
2004,1,1,0.5270836,True,1,0.5362551,True,1,0.66022563,True,0.9675031,0.51788104,0.8707586,Easy
2005,0,0,0.5183632,True,1,0.6169425,False,0,0.51996267,True,0.9675455,0.5145553,0.86412513,Graph_Only
2006,1,0,0.53803843,False,1,0.63852054,True,0,0.52599525,False,0.9676662,0.50720465,0.8918647,Text_Only
2007,1,0,0.5257907,False,1,0.8180451,True,1,0.90658146,True,0.96318865,0.5056173,0.9190209,Easy
2008,1,1,0.50609523,True,1,0.91319185,True,1,0.99479324,True,0.96125567,0.5045464,0.792798,Easy
2009,0,0,0.59275866,True,1,0.7810407,False,0,0.80115706,True,0.96602213,0.510658,0.8470465,Graph_Only
2010,1,0,0.5886465,False,0,0.51735026,False,0,0.60983866,False,0.9662474,0.51806295,0.9251872,Hard
2011,1,1,0.5051825,True,1,0.81503135,True,1,0.8928543,True,0.9638348,0.5103387,0.846905,Easy
2012,1,1,0.51114416,True,1,0.95927846,True,1,0.9968761,True,0.95838,0.5045216,0.8913981,Easy
2013,0,0,0.5527372,True,1,0.8092568,False,0,0.5261704,True,0.96338814,0.5029985,0.8520658,Graph_Only
2014,0,0,0.5684993,True,0,0.96921176,True,0,0.99561584,True,0.9646508,0.5322026,0.7875647,Easy
2015,0,0,0.56735736,True,0,0.69092506,True,0,0.56172603,True,0.9676666,0.52095765,0.88813704,Easy
2016,1,1,0.54435736,True,1,0.6627853,True,1,0.9656114,True,0.96479005,0.51744413,0.89241904,Easy
2017,0,0,0.55724466,True,0,0.67490494,True,0,0.63271004,True,0.9678154,0.5240651,0.87919176,Easy
2018,1,0,0.515491,False,0,0.65704376,False,1,0.5749894,True,0.9658897,0.52636755,0.82267064,Graph_Only
2019,0,1,0.50300646,False,1,0.77684397,False,0,0.76814944,True,0.96836925,0.5079577,0.918138,Graph_Only
2020,1,1,0.5648363,True,1,0.74263567,True,1,0.92294484,True,0.9668316,0.51428473,0.86454964,Easy
2021,0,0,0.5984749,True,0,0.783585,True,0,0.99709356,True,0.9691777,0.5094744,0.90361774,Easy
2022,1,0,0.50082266,False,1,0.5241668,True,0,0.71588004,False,0.969543,0.5165942,0.8364444,Text_Only
2023,0,0,0.54198414,True,0,0.92945516,True,0,0.99811894,True,0.96671075,0.5201604,0.8248558,Easy
2024,1,0,0.5112715,False,1,0.6520752,True,1,0.53229743,True,0.96597815,0.5112217,0.90217197,Easy
2025,0,0,0.55292267,True,1,0.54731184,False,1,0.7963873,False,0.96733,0.51674986,0.83764195,Hard
2026,1,1,0.54456925,True,1,0.93198645,True,1,0.9839257,True,0.96223795,0.50669277,0.84536314,Easy
2027,0,1,0.51699096,False,1,0.689857,False,1,0.63853425,False,0.9651021,0.5043468,0.86689645,Hard
2028,1,1,0.5185628,True,1,0.7378933,True,1,0.97573096,True,0.9686303,0.50891715,0.8434623,Easy
2029,0,0,0.5732415,True,1,0.5430568,False,1,0.5016253,False,0.96710503,0.51524186,0.8762214,Hard
2030,1,1,0.50552565,True,1,0.73489076,True,1,0.6693267,True,0.9661145,0.50806075,0.8417443,Easy
2031,1,0,0.5066986,False,1,0.7236874,True,1,0.9082551,True,0.96349156,0.5113115,0.88907105,Easy
2032,1,0,0.52972454,False,1,0.73049945,True,1,0.8158734,True,0.9656671,0.5117594,0.80022115,Easy
2033,0,0,0.61243814,True,0,0.89543444,True,0,0.98392606,True,0.9698172,0.5306373,0.91971076,Easy
2034,1,1,0.5292633,True,1,0.8524881,True,1,0.96242666,True,0.9634235,0.5132291,0.9048127,Easy
2035,1,1,0.5489756,True,1,0.66905624,True,1,0.9711269,True,0.96373844,0.5217442,0.8855199,Easy
2036,0,0,0.6403495,True,0,0.68278134,True,0,0.94610846,True,0.9713872,0.5223278,0.9262874,Easy
2037,1,0,0.5398681,False,0,0.71414334,False,0,0.6174212,False,0.97068524,0.52880734,0.84766865,Hard
2038,0,0,0.52916616,True,0,0.94437945,True,0,0.9993038,True,0.9637698,0.524091,0.8538524,Easy
2039,0,0,0.6585327,True,0,0.68744075,True,0,0.97841895,True,0.96570563,0.51875615,0.8734678,Easy
2040,1,1,0.57930833,True,1,0.67499053,True,1,0.9686564,True,0.96526545,0.51809883,0.7906867,Easy
2041,0,0,0.55210984,True,0,0.95657074,True,0,0.99952686,True,0.96254957,0.52389157,0.91591465,Easy
2042,1,1,0.56251997,True,1,0.87851816,True,1,0.97699684,True,0.9651062,0.50190985,0.86086214,Easy
2043,1,1,0.5514829,True,0,0.58851814,False,1,0.94860595,True,0.96683824,0.51810384,0.81662583,Graph_Only
2044,1,1,0.544449,True,1,0.7334668,True,1,0.8575871,True,0.9649871,0.5203043,0.8842351,Easy
2045,0,0,0.5775603,True,0,0.90278155,True,0,0.97608167,True,0.96681416,0.5198752,0.88042617,Easy
2046,0,0,0.5426342,True,1,0.7478064,False,0,0.6365356,True,0.9658853,0.505836,0.84727705,Graph_Only
2047,0,0,0.6198068,True,1,0.7840867,False,0,0.8058959,True,0.964888,0.509402,0.83097726,Graph_Only
2048,1,1,0.5215425,True,1,0.760886,True,1,0.6288176,True,0.96655995,0.51422966,0.8512431,Easy
2049,0,1,0.56161827,False,1,0.7117274,False,0,0.5401601,True,0.9653195,0.508531,0.87418705,Graph_Only
2050,1,0,0.6153262,False,0,0.7063318,False,0,0.8450946,False,0.9688968,0.52474356,0.84133935,Hard
2051,1,1,0.52207315,True,1,0.72122234,True,1,0.7044836,True,0.96463937,0.5119259,0.95070297,Easy
2052,0,0,0.6326352,True,0,0.78903246,True,0,0.9845808,True,0.968464,0.52276427,0.8525722,Easy
2053,0,0,0.54704934,True,0,0.9932833,True,0,0.99935645,True,0.9590267,0.53605807,0.8804233,Easy
2054,0,0,0.5747257,True,1,0.6337159,False,0,0.7184055,True,0.9648745,0.5143771,0.9011524,Graph_Only
2055,1,0,0.6617196,False,0,0.5611529,False,1,0.52089757,True,0.9686738,0.5122916,0.87911534,Graph_Only
2056,0,0,0.5759521,True,0,0.77835894,True,0,0.99818736,True,0.96755904,0.51299685,0.8761754,Easy
2057,1,0,0.57997584,False,0,0.62588537,False,0,0.53534,False,0.9666546,0.5233634,0.8504994,Hard
2058,1,0,0.5201102,False,1,0.77224684,True,1,0.53107125,True,0.9646831,0.50346786,0.88745403,Easy
2059,0,1,0.5432392,False,1,0.7490747,False,1,0.78005725,False,0.96408236,0.517931,0.906995,Hard
2060,1,1,0.5555995,True,1,0.6291244,True,1,0.7443464,True,0.9690691,0.5085076,0.75574434,Easy
2061,1,0,0.5374371,False,0,0.734489,False,0,0.62328565,False,0.96681416,0.5215198,0.7963502,Hard
2062,0,0,0.5963163,True,0,0.9429667,True,0,0.97777486,True,0.9685894,0.5311691,0.9053085,Easy
2063,1,1,0.5292591,True,1,0.60797566,True,1,0.78688765,True,0.9704368,0.51640075,0.7981283,Easy
2064,1,0,0.53952014,False,0,0.52487004,False,1,0.73264295,True,0.96539795,0.51942724,0.9466853,Graph_Only
2065,0,0,0.6300218,True,0,0.74392575,True,0,0.7561143,True,0.96915734,0.5231963,0.8693877,Easy
2066,1,1,0.51630867,True,1,0.6741274,True,1,0.63736945,True,0.96453214,0.51201224,0.89880204,Easy
2067,0,0,0.5120411,True,1,0.6207374,False,0,0.6768144,True,0.9685611,0.516649,0.8595354,Graph_Only
2068,1,1,0.5010416,True,1,0.7786083,True,1,0.93617487,True,0.9642862,0.50656223,0.8718596,Easy
2069,1,1,0.5291733,True,1,0.97934216,True,1,0.99916184,True,0.957747,0.49907553,0.8658346,Easy
2070,1,1,0.5311809,True,1,0.9649636,True,1,0.99534446,True,0.95868707,0.50396466,0.8581183,Easy
2071,1,0,0.5527696,False,0,0.5278965,False,1,0.7161011,True,0.9647789,0.519557,0.93720806,Graph_Only
2072,0,1,0.5209269,False,0,0.52589494,True,0,0.67352515,True,0.96765363,0.5203215,0.8747773,Easy
2073,1,1,0.575955,True,1,0.69989425,True,1,0.8914636,True,0.9682051,0.5165691,0.90912974,Easy
2074,0,0,0.6483199,True,0,0.56858057,True,0,0.8664658,True,0.96821946,0.52021414,0.81389236,Easy
2075,0,0,0.5712144,True,0,0.9516369,True,0,0.9982816,True,0.9648366,0.5213496,0.9230286,Easy
2076,0,0,0.58267194,True,1,0.5776843,False,1,0.75666416,False,0.9664757,0.5135494,0.0,Hard
2077,0,0,0.5130872,True,0,0.5554474,True,1,0.5467222,False,0.9672242,0.5157563,0.91155696,Text_Only
2078,1,0,0.51072186,False,1,0.5911001,True,1,0.8411404,True,0.96628,0.5111999,0.8716929,Easy
2079,0,0,0.57321906,True,0,0.9273534,True,0,0.98461217,True,0.9662113,0.5246486,0.79261136,Easy
2080,1,1,0.5295377,True,1,0.92523926,True,1,0.9455485,True,0.9661832,0.5005642,0.75514835,Easy
2081,0,0,0.6198794,True,0,0.66137224,True,0,0.9256756,True,0.96893436,0.51950383,0.8566629,Easy
2082,1,1,0.54343796,True,1,0.6195351,True,0,0.55738026,False,0.96696794,0.51325244,0.90586436,Text_Only
2083,1,1,0.5320672,True,1,0.8873446,True,1,0.9278757,True,0.9637824,0.4987842,0.9308722,Easy
2084,1,1,0.5267222,True,1,0.93814415,True,1,0.9937615,True,0.964772,0.503184,0.79160476,Easy
2085,0,0,0.6110102,True,0,0.7583992,True,0,0.92066246,True,0.9740672,0.5240556,0.0,Easy
2086,1,1,0.5163733,True,1,0.9573987,True,1,0.98392844,True,0.96258307,0.50101197,0.7675847,Easy
2087,0,0,0.7070656,True,1,0.54305595,False,0,0.7734693,True,0.96631086,0.51421803,0.88781273,Graph_Only
2088,0,0,0.59457326,True,0,0.9112513,True,0,0.9350786,True,0.9690273,0.5280879,0.0,Easy
2089,0,0,0.569618,True,0,0.74390405,True,0,0.9967321,True,0.9723383,0.5109924,0.8520622,Easy
2090,1,0,0.69100213,False,0,0.5100126,False,0,0.68919414,False,0.96773964,0.5101212,0.8272987,Hard
2091,0,0,0.6593326,True,1,0.62608993,False,0,0.99318236,True,0.96829736,0.507159,0.7834457,Graph_Only
2092,0,0,0.6037823,True,0,0.8467511,True,0,0.9934203,True,0.9662885,0.5190928,0.7326013,Easy
2093,1,1,0.5210822,True,1,0.5962198,True,1,0.91777337,True,0.9674717,0.5156634,0.81636584,Easy
2094,1,1,0.51394403,True,1,0.823594,True,1,0.95187795,True,0.965038,0.5041022,0.88235664,Easy
2095,0,0,0.6353317,True,1,0.54788476,False,0,0.71480036,True,0.9686865,0.51110655,0.858805,Graph_Only
2096,1,1,0.50538594,True,1,0.8790038,True,1,0.99053603,True,0.9653083,0.50247216,0.8466643,Easy
2097,0,0,0.6661462,True,0,0.67566854,True,0,0.7744939,True,0.9684031,0.51847416,0.80868137,Easy
2098,1,1,0.547481,True,1,0.93215984,True,1,0.97926086,True,0.9637875,0.49715164,0.8782635,Easy
2099,1,1,0.52403325,True,1,0.9428206,True,1,0.9694195,True,0.96264285,0.49944994,0.79099315,Easy
2100,1,1,0.551376,True,1,0.7399955,True,1,0.9473503,True,0.9690695,0.51237464,0.7912186,Easy
2101,1,1,0.5113583,True,1,0.8655031,True,1,0.99284947,True,0.96654737,0.50256807,0.80744034,Easy
2102,0,0,0.6771696,True,0,0.7178156,True,0,0.95435566,True,0.9694482,0.513604,0.9332937,Easy
2103,0,0,0.5493735,True,0,0.865906,True,0,0.9675213,True,0.9703711,0.52520716,0.8321612,Easy
2104,0,0,0.56518084,True,0,0.95667785,True,0,0.99918896,True,0.9642532,0.5286847,0.9101937,Easy
2105,0,0,0.5738073,True,0,0.8919112,True,0,0.9982774,True,0.96493083,0.52389044,0.89167416,Easy
2106,1,1,0.5165372,True,1,0.7596518,True,1,0.92230433,True,0.96603525,0.51005685,0.88716775,Easy
2107,0,0,0.53172755,True,1,0.654615,False,0,0.6941606,True,0.9679804,0.51017976,0.9352343,Graph_Only
2108,0,0,0.579662,True,0,0.9406411,True,0,0.9964946,True,0.9653269,0.52498776,0.76770353,Easy
2109,0,0,0.5703633,True,0,0.9590274,True,0,0.99884015,True,0.96551996,0.5236754,0.87949175,Easy
2110,0,0,0.59358376,True,1,0.7873694,False,0,0.7518754,True,0.96291804,0.50682765,0.9293,Graph_Only
2111,0,0,0.6388914,True,0,0.6320775,True,0,0.992679,True,0.9703694,0.51200604,0.8896456,Easy
2112,0,0,0.72392243,True,0,0.52765185,True,0,0.76044935,True,0.96752274,0.5169982,0.8964673,Easy
2113,0,0,0.55918866,True,0,0.9702454,True,0,0.9823301,True,0.9674429,0.5307111,0.7682308,Easy
2114,0,1,0.5056848,False,1,0.6260326,False,1,0.8144687,False,0.9669822,0.50646937,0.9230778,Hard
2115,0,0,0.56781447,True,0,0.93290144,True,0,0.9243445,True,0.9680632,0.5292106,0.8680631,Easy
2116,0,0,0.50079834,True,1,0.8719118,False,1,0.56894046,False,0.9652178,0.50689906,0.8441652,Hard
2117,0,0,0.6514233,True,0,0.79203963,True,0,0.98778176,True,0.9682545,0.5129048,0.9311436,Easy
2118,1,0,0.5891288,False,0,0.78234583,False,1,0.55795693,True,0.9698819,0.5139513,0.89051324,Graph_Only
2119,0,0,0.5026366,True,1,0.5765409,False,0,0.5454191,True,0.9676341,0.5166598,0.818918,Graph_Only
2120,0,0,0.55571836,True,1,0.67893463,False,1,0.7710882,False,0.9687004,0.5062849,0.77448666,Hard
2121,0,0,0.66156703,True,1,0.6341692,False,0,0.88403296,True,0.9699205,0.5094189,0.84206927,Graph_Only
2122,1,0,0.62977445,False,0,0.6284588,False,0,0.76657516,False,0.9683273,0.5165671,0.92688835,Hard
2123,0,0,0.6513607,True,0,0.5275983,True,1,0.5114152,False,0.9668781,0.52095044,0.9127975,Text_Only
2124,0,0,0.6783988,True,0,0.661149,True,0,0.62500304,True,0.9720896,0.51393867,0.8717544,Easy
2125,0,0,0.6023966,True,0,0.8679687,True,0,0.94810677,True,0.96796644,0.51870656,0.92059696,Easy
2126,0,1,0.5342206,False,1,0.6401262,False,1,0.80587494,False,0.9673956,0.5115474,0.91331995,Hard
2127,0,0,0.58379614,True,0,0.8908096,True,0,0.9927528,True,0.9648592,0.522397,0.8932693,Easy
2128,1,1,0.51328707,True,1,0.8616865,True,1,0.97816867,True,0.9655127,0.500388,0.8106154,Easy
2129,1,1,0.5468001,True,1,0.9077688,True,1,0.9851982,True,0.96406627,0.4952113,0.86501443,Easy
2130,1,1,0.5015921,True,1,0.89186025,True,1,0.84331095,True,0.96688724,0.50223595,0.77861154,Easy
2131,1,0,0.5797558,False,1,0.5246666,True,0,0.52225626,False,0.96769714,0.5108455,0.0,Text_Only
2132,1,0,0.50086826,False,1,0.850582,True,1,0.8764179,True,0.9644692,0.5056925,0.8532703,Easy
2133,0,0,0.56627715,True,0,0.9816306,True,0,0.9844438,True,0.96390724,0.536155,0.0,Easy
2134,0,0,0.64042115,True,0,0.66572785,True,0,0.7863168,True,0.9677111,0.5164881,0.0,Easy
2135,0,0,0.5264589,True,0,0.936802,True,0,0.9965044,True,0.96743107,0.5240465,0.78230137,Easy
2136,0,0,0.6047898,True,1,0.6644601,False,0,0.70246327,True,0.9701043,0.51100075,0.8777317,Graph_Only
2137,0,0,0.58278376,True,0,0.83605206,True,0,0.78675765,True,0.9703701,0.5225914,0.0,Easy
2138,1,0,0.5028846,False,1,0.81391835,True,1,0.8235508,True,0.96381557,0.5020784,0.87777674,Easy
2139,1,0,0.50066584,False,1,0.77133393,True,1,0.983155,True,0.9670125,0.50627154,0.86983776,Easy
2140,0,0,0.59843355,True,0,0.8926783,True,0,0.9831104,True,0.9661618,0.5238714,0.836059,Easy
2141,0,0,0.5721334,True,0,0.9443526,True,0,0.99911183,True,0.9643041,0.5213328,0.9300078,Easy
2142,1,0,0.57710946,False,0,0.6574805,False,0,0.76763946,False,0.970003,0.5214447,0.7732539,Hard
2143,1,0,0.5408369,False,1,0.7155616,True,1,0.8345282,True,0.9635048,0.5109038,0.9269471,Easy
2144,0,0,0.59509474,True,1,0.5185024,False,0,0.7109496,True,0.96808743,0.5194235,0.89150065,Graph_Only
2145,0,0,0.68778974,True,0,0.7426896,True,0,0.98368937,True,0.9670898,0.51203746,0.8805315,Easy
2146,0,0,0.7050683,True,0,0.51083636,True,0,0.79436946,True,0.9689627,0.5168182,0.86951315,Easy
2147,1,1,0.523453,True,1,0.96127826,True,1,0.99698573,True,0.9630753,0.5017564,0.7594879,Easy
2148,0,0,0.5760641,True,0,0.9430389,True,0,0.9991165,True,0.9653811,0.5199245,0.8443745,Easy
2149,1,1,0.5291576,True,1,0.94864225,True,1,0.98671603,True,0.9624811,0.4952592,0.81859535,Easy
2150,1,0,0.56772864,False,0,0.7179857,False,1,0.7983976,True,0.9679802,0.52203804,0.8649862,Graph_Only
2151,1,0,0.50559103,False,0,0.5352051,False,1,0.796682,True,0.96731675,0.51596844,0.7740123,Graph_Only
2152,0,0,0.6888151,True,0,0.5788414,True,0,0.7813656,True,0.9648659,0.5158602,0.0,Easy
2153,0,0,0.681108,True,0,0.62916327,True,0,0.88811815,True,0.9682276,0.5170003,0.90863633,Easy
2154,1,1,0.5449133,True,1,0.7758575,True,1,0.8486973,True,0.96760553,0.5082956,0.8752185,Easy
2155,0,0,0.57616484,True,0,0.79928094,True,0,0.9264091,True,0.9690386,0.5200785,0.84600806,Easy
2156,1,1,0.50572914,True,0,0.5555876,False,0,0.59408253,False,0.9706359,0.5202585,0.761492,Hard
2157,1,1,0.5008152,True,1,0.87099665,True,1,0.97345203,True,0.9685411,0.4990649,0.0,Easy
2158,1,0,0.5369275,False,1,0.6847997,True,1,0.8693211,True,0.965603,0.5115435,0.85271513,Easy
2159,0,0,0.56609976,True,0,0.81734085,True,0,0.98386455,True,0.97199786,0.5173585,0.8384459,Easy
2160,1,1,0.5524415,True,1,0.6927206,True,1,0.9405581,True,0.96847665,0.5183484,0.83351856,Easy
2161,0,0,0.6717573,True,0,0.74600613,True,0,0.9848224,True,0.96777517,0.5137542,0.9024976,Easy
2162,1,1,0.5375015,True,1,0.7720973,True,1,0.860183,True,0.9687227,0.5140715,0.81908417,Easy
2163,0,0,0.6306679,True,0,0.80252105,True,0,0.83528835,True,0.96750224,0.52174944,0.8824552,Easy
2164,1,0,0.64457524,False,0,0.690271,False,0,0.5186678,False,0.9700173,0.51264733,0.8879341,Hard
2165,0,0,0.6195869,True,0,0.7778136,True,0,0.8837852,True,0.96937037,0.52076846,0.8906314,Easy
2166,0,0,0.72626674,True,0,0.517368,True,0,0.8234398,True,0.96788,0.51579154,0.89946294,Easy
2167,1,0,0.54542357,False,0,0.92801595,False,0,0.78956,False,0.967861,0.5290717,0.8571105,Hard
2168,0,0,0.61901134,True,0,0.9002449,True,0,0.9607021,True,0.96834445,0.5300843,0.80789363,Easy
2169,1,0,0.6078929,False,0,0.61113554,False,1,0.736404,True,0.97134686,0.51497656,0.88211834,Graph_Only
2170,0,0,0.5656048,True,0,0.94864845,True,0,0.99698883,True,0.9654789,0.51838267,0.8792318,Easy
2171,0,0,0.6389239,True,0,0.6829181,True,0,0.7529748,True,0.9696926,0.5265936,0.8308614,Easy
2172,1,1,0.52469456,True,1,0.97177255,True,1,0.99852836,True,0.9616467,0.49941695,0.7951018,Easy
2173,1,1,0.5337824,True,1,0.8392863,True,1,0.8930393,True,0.96669436,0.49630827,0.9308311,Easy
2174,0,0,0.60143113,True,0,0.88814205,True,0,0.9957865,True,0.96755743,0.5167318,0.8917042,Easy
2175,1,1,0.53344834,True,1,0.83431476,True,1,0.9646936,True,0.9641985,0.50460565,0.9152338,Easy
2176,0,0,0.5799573,True,0,0.9582553,True,0,0.9977806,True,0.96476495,0.52575225,0.8831262,Easy
2177,1,1,0.54684067,True,1,0.9275951,True,1,0.99693334,True,0.964083,0.5102057,0.8138969,Easy
2178,0,0,0.6128745,True,0,0.7404528,True,0,0.97355247,True,0.96822387,0.5131753,0.90592253,Easy
2179,0,0,0.58775735,True,0,0.92374796,True,0,0.97882515,True,0.96948934,0.5207695,0.8732979,Easy
2180,0,0,0.50393003,True,1,0.64462644,False,0,0.59265465,True,0.96699977,0.5088904,0.8911029,Graph_Only
2181,1,1,0.5335531,True,1,0.95036334,True,1,0.9926393,True,0.96287084,0.5053707,0.82885516,Easy
2182,0,0,0.64084095,True,0,0.74928325,True,0,0.90897995,True,0.9645106,0.520583,0.90786874,Easy
2183,0,0,0.6291648,True,0,0.82271016,True,0,0.8346083,True,0.9694325,0.52270514,0.8637086,Easy
2184,0,0,0.55300134,True,0,0.86977,True,0,0.9954976,True,0.96960646,0.51553804,0.90733445,Easy
2185,0,1,0.5091285,False,1,0.8242427,False,1,0.98642933,False,0.96934074,0.5098163,0.6678191,Hard
2186,0,0,0.59359276,True,1,0.73085713,False,0,0.53857136,True,0.9689611,0.5033165,0.8387636,Graph_Only
2187,1,0,0.633353,False,0,0.68293834,False,0,0.6433579,False,0.9703752,0.5099206,0.94599605,Hard
2188,0,0,0.6517087,True,1,0.57162845,False,0,0.64269376,True,0.96789205,0.51182353,0.9218069,Graph_Only
2189,1,0,0.5954907,False,0,0.5080181,False,1,0.7578332,True,0.96941996,0.5115159,0.0,Graph_Only
2190,0,0,0.5983044,True,0,0.8182529,True,0,0.907033,True,0.9717259,0.5248846,0.0,Easy
2191,0,0,0.58306205,True,0,0.9122425,True,0,0.9893947,True,0.9679495,0.520752,0.8705268,Easy
2192,1,1,0.5408043,True,1,0.6888321,True,1,0.9655475,True,0.96999544,0.5082946,0.77838296,Easy
2193,0,0,0.6105432,True,1,0.5567643,False,0,0.5737917,True,0.9667722,0.5142163,0.89245474,Graph_Only
2194,0,0,0.54028344,True,0,0.7761535,True,0,0.93778807,True,0.96891826,0.52089983,0.70990705,Easy
2195,0,0,0.6261962,True,0,0.83420944,True,0,0.9409591,True,0.9686198,0.52359784,0.8334042,Easy
2196,0,0,0.59543157,True,0,0.87319726,True,0,0.9972494,True,0.9668625,0.51721895,0.91927576,Easy
2197,0,0,0.57579136,True,1,0.63484335,False,0,0.5619413,True,0.96678466,0.51188266,0.82505274,Graph_Only
2198,0,0,0.7287005,True,0,0.52497274,True,0,0.8355387,True,0.9688536,0.5170692,0.8706592,Easy
2199,0,0,0.5636548,True,0,0.9313413,True,0,0.9944998,True,0.9663601,0.52184796,0.8118423,Easy
2200,0,0,0.58739173,True,1,0.53249216,False,1,0.60269094,False,0.96858966,0.5109199,0.8959465,Hard
2201,0,0,0.56646985,True,0,0.6469428,True,0,0.8886792,True,0.9716983,0.5207937,0.8343149,Easy
2202,0,0,0.64309824,True,0,0.8256654,True,0,0.9906279,True,0.96636313,0.5182172,0.853185,Easy
2203,0,0,0.72796065,True,0,0.5414008,True,0,0.913039,True,0.96781766,0.51544696,0.88781357,Easy
2204,1,0,0.5051758,False,1,0.6539208,True,1,0.9016439,True,0.9699677,0.5065388,0.91213274,Easy
2205,0,0,0.6599256,True,0,0.6830093,True,0,0.9536353,True,0.97000223,0.51647574,0.82134503,Easy
2206,0,0,0.60132504,True,1,0.62969744,False,0,0.96138334,True,0.9663959,0.5070853,0.7903802,Graph_Only
2207,1,0,0.5379244,False,1,0.7351038,True,1,0.841269,True,0.9653746,0.5082465,0.90367424,Easy
2208,1,0,0.5898112,False,0,0.69763446,False,1,0.8198432,True,0.9682749,0.5230142,0.88359594,Graph_Only
2209,1,1,0.5269066,True,1,0.8584297,True,1,0.9662248,True,0.96465504,0.5003332,0.86316776,Easy
2210,1,1,0.53408736,True,1,0.69629127,True,1,0.9484566,True,0.9672139,0.50583446,0.91364515,Easy
2211,1,0,0.5274264,False,1,0.77714896,True,1,0.904664,True,0.9640387,0.5093923,0.91859233,Easy
2212,1,1,0.548153,True,1,0.73030734,True,1,0.9332741,True,0.965417,0.51396674,0.808951,Easy
2213,1,0,0.59997255,False,0,0.7223969,False,0,0.54523647,False,0.9662032,0.5206498,0.93711793,Hard
2214,0,0,0.5360469,True,1,0.75619495,False,1,0.72844154,False,0.96704304,0.50590813,0.87127143,Hard
2215,0,0,0.6047249,True,0,0.85769606,True,0,0.8369014,True,0.97201645,0.52019835,0.7446189,Easy
2216,1,1,0.5383183,True,1,0.78383815,True,1,0.96636724,True,0.9646957,0.5047307,0.94105077,Easy
2217,1,1,0.53131276,True,1,0.94353974,True,1,0.9931264,True,0.9608338,0.5010418,0.94490474,Easy
2218,1,1,0.52394843,True,1,0.9602372,True,1,0.999154,True,0.96281755,0.5032699,0.76090276,Easy
2219,0,0,0.6783026,True,0,0.72426283,True,0,0.9513512,True,0.9705318,0.5180338,0.0,Easy
2220,1,0,0.66238195,False,1,0.51858234,True,0,0.7540273,False,0.969466,0.51079005,0.89712334,Text_Only
2221,0,0,0.7254412,True,0,0.564846,True,0,0.79160565,True,0.96610856,0.512676,0.8637922,Easy
2222,1,0,0.52897316,False,1,0.8867447,True,1,0.8689302,True,0.9621997,0.49934196,0.8942404,Easy
2223,0,0,0.56510127,True,0,0.9527203,True,0,0.9976829,True,0.96436936,0.52410704,0.89450955,Easy
2224,1,1,0.53437936,True,1,0.9734692,True,1,0.99835736,True,0.95833576,0.50029933,0.9075557,Easy
2225,1,0,0.6402915,False,0,0.62034565,False,0,0.5304657,False,0.96808565,0.5166509,0.90725535,Hard
2226,1,1,0.5268897,True,1,0.9481626,True,1,0.9962302,True,0.9637159,0.505715,0.8578087,Easy
2227,0,0,0.5212164,True,0,0.94984907,True,0,0.9977164,True,0.9662827,0.5210969,0.93046373,Easy
2228,0,0,0.5278169,True,1,0.7022179,False,1,0.56171566,False,0.9696559,0.5053706,0.82130593,Hard
2229,1,1,0.5278415,True,1,0.7915629,True,1,0.9844061,True,0.9658854,0.5144296,0.9031583,Easy
2230,1,1,0.51589626,True,1,0.9732752,True,1,0.99787223,True,0.9576369,0.5035337,0.8787496,Easy
2231,1,1,0.5336369,True,1,0.87753534,True,1,0.81340957,True,0.96452904,0.5013656,0.7639181,Easy
2232,1,0,0.6590354,False,0,0.580552,False,1,0.53659606,True,0.9678508,0.51622206,0.8681747,Graph_Only
2233,0,0,0.5701227,True,0,0.97075653,True,0,0.9986498,True,0.96303195,0.52941924,0.872751,Easy
2234,1,0,0.6071911,False,0,0.7412416,False,0,0.69281566,False,0.96886265,0.5238422,0.8298179,Hard
2235,0,0,0.58093756,True,0,0.82132775,True,0,0.9900119,True,0.9694399,0.5229046,0.82615376,Easy
2236,1,1,0.50999117,True,1,0.77554315,True,1,0.9773188,True,0.96733207,0.50996345,0.8809345,Easy
2237,1,1,0.55708075,True,1,0.70044607,True,1,0.9592677,True,0.9677545,0.5189379,0.70882237,Easy
2238,0,0,0.6182555,True,0,0.7261605,True,0,0.67302674,True,0.9708966,0.51568335,0.85953677,Easy
2239,1,0,0.50210494,False,0,0.65955746,False,1,0.9754081,True,0.973179,0.52078646,0.89026344,Graph_Only
2240,1,0,0.5770586,False,0,0.9145685,False,0,0.98428774,False,0.9688208,0.5225781,0.88728243,Hard
2241,0,0,0.6570811,True,1,0.61311483,False,0,0.88022023,True,0.9707232,0.5139694,0.7869595,Graph_Only
2242,1,1,0.5190317,True,1,0.8116672,True,1,0.98708576,True,0.96519864,0.51157486,0.8401084,Easy
2243,0,0,0.6968734,True,1,0.5630779,False,0,0.911926,True,0.97138536,0.50990987,0.0,Graph_Only
2244,1,0,0.7171517,False,0,0.5512827,False,0,0.86808527,False,0.96874607,0.5176467,0.81019497,Hard
2245,0,0,0.66037285,True,0,0.7233962,True,0,0.99254733,True,0.96859187,0.51325786,0.83614576,Easy
2246,1,0,0.5028009,False,1,0.7515232,True,1,0.7736294,True,0.96831733,0.50635105,0.857368,Easy
2247,1,1,0.5248701,True,1,0.83599657,True,1,0.88419956,True,0.96738386,0.50377315,0.7778977,Easy
2248,1,0,0.53109556,False,1,0.6663633,True,1,0.70521253,True,0.9715018,0.5070722,0.84737265,Easy
2249,0,0,0.57357806,True,0,0.9126519,True,0,0.9406148,True,0.97417563,0.523523,0.6272178,Easy
2250,0,0,0.61592394,True,0,0.842832,True,0,0.9965335,True,0.96543276,0.51902485,0.76477075,Easy
2251,0,0,0.58297527,True,0,0.76481396,True,0,0.78835344,True,0.9734107,0.52556497,0.0,Easy
2252,1,0,0.53655094,False,1,0.52943254,True,1,0.93396246,True,0.96917546,0.51701665,0.9423792,Easy
2253,0,0,0.54007983,True,0,0.992415,True,0,0.9885924,True,0.96135014,0.5341001,0.8167896,Easy
2254,0,0,0.5384007,True,1,0.830568,False,1,0.5311568,False,0.96602005,0.50011694,0.76628476,Hard
2255,1,1,0.52615166,True,1,0.8629623,True,1,0.9727597,True,0.9633693,0.511,0.84672695,Easy
2256,1,1,0.51452243,True,0,0.50524855,False,1,0.8966031,True,0.9685186,0.5191885,0.91540956,Graph_Only
2257,1,1,0.53813094,True,1,0.79071176,True,1,0.9658036,True,0.96615237,0.5091051,0.86479676,Easy
2258,0,0,0.62685525,True,0,0.7990615,True,0,0.9431882,True,0.9645444,0.52171874,0.934024,Easy
2259,1,0,0.54263514,False,0,0.7998787,False,1,0.535929,True,0.97284126,0.52255577,0.9068805,Graph_Only
2260,1,0,0.5875514,False,1,0.53765327,True,1,0.7644834,True,0.96598995,0.51922387,0.89516234,Easy
2261,1,0,0.60185724,False,0,0.8501073,False,1,0.5648851,True,0.96799934,0.5244154,0.8863134,Graph_Only
2262,0,0,0.6632244,True,0,0.708484,True,0,0.8882977,True,0.9712528,0.51344687,0.83448946,Easy
2263,0,0,0.6108063,True,1,0.56395686,False,0,0.6169927,True,0.9694464,0.51416135,0.83668625,Graph_Only
2264,1,1,0.53917754,True,1,0.8989397,True,1,0.9718788,True,0.96197635,0.498879,0.0,Easy
2265,0,1,0.5483296,False,1,0.84886956,False,1,0.92246276,False,0.9647143,0.50665116,0.91469294,Hard
2266,0,0,0.5734097,True,0,0.5427141,True,0,0.5125531,True,0.96661496,0.5186706,0.8917023,Easy
2267,0,0,0.5964063,True,0,0.924015,True,0,0.9821973,True,0.9686091,0.5282242,0.0,Easy
2268,1,0,0.5733929,False,0,0.8682725,False,0,0.8903304,False,0.97404194,0.5201341,0.0,Hard
2269,1,1,0.54628366,True,1,0.7272582,True,1,0.9145173,True,0.96869767,0.5050962,0.8659596,Easy
2270,1,0,0.54166275,False,0,0.9287872,False,0,0.5640087,False,0.9699387,0.5312549,0.0,Hard
2271,1,1,0.54915524,True,1,0.86561704,True,1,0.9901363,True,0.9676504,0.50827795,0.8980848,Easy
2272,0,0,0.6139451,True,1,0.7049153,False,0,0.7711628,True,0.970156,0.5034138,0.0,Graph_Only
2273,1,1,0.54708374,True,1,0.6050228,True,1,0.5081235,True,0.9684011,0.50821215,0.0,Easy
2274,0,0,0.6288804,True,1,0.556798,False,0,0.95037776,True,0.9663775,0.509925,0.86964166,Graph_Only
2275,1,0,0.6061133,False,0,0.59628356,False,0,0.6247858,False,0.96783054,0.52455515,0.8849065,Hard
2276,1,0,0.60811156,False,1,0.5707441,True,0,0.80696666,False,0.9684143,0.507563,0.84460425,Text_Only
2277,0,0,0.6496087,True,0,0.73171026,True,0,0.8998416,True,0.9665759,0.5171445,0.0,Easy
2278,1,0,0.63592124,False,1,0.5912921,True,1,0.62095666,True,0.96588194,0.5095075,0.0,Easy
2279,0,1,0.5734141,False,1,0.698447,False,1,0.51286507,False,0.96690303,0.5159964,0.8384033,Hard
2280,1,1,0.5879138,True,1,0.70184606,True,1,0.91525286,True,0.9676928,0.51119256,0.9496112,Easy
2281,0,0,0.62703675,True,0,0.77724403,True,0,0.97665554,True,0.9659419,0.5133569,0.9259748,Easy
2282,1,0,0.6082359,False,0,0.55254567,False,0,0.79778874,False,0.9676131,0.5190916,0.7923581,Hard
2283,0,0,0.58287513,True,0,0.9345272,True,0,0.9519834,True,0.96750116,0.52938026,0.8474462,Easy
2284,0,0,0.63859826,True,0,0.56212217,True,0,0.595331,True,0.9685519,0.5166755,0.0,Easy
2285,0,0,0.55738896,True,0,0.88064474,True,0,0.98185617,True,0.96949667,0.51830024,0.8840836,Easy
2286,1,1,0.52243656,True,1,0.54658026,True,1,0.8278411,True,0.9709066,0.5186507,0.85099506,Easy
2287,1,0,0.5040245,False,1,0.8189373,True,1,0.7869864,True,0.96517545,0.49785474,0.0,Easy
2288,1,1,0.5091012,True,1,0.77705467,True,1,0.91017383,True,0.96663904,0.501483,0.0,Easy
2289,0,0,0.5246455,True,1,0.8063662,False,1,0.8445814,False,0.96520734,0.5039415,0.0,Hard
2290,0,0,0.6944381,True,0,0.64737266,True,0,0.96803033,True,0.9654376,0.5220657,0.874159,Easy
2291,0,0,0.56677073,True,0,0.8291093,True,0,0.92080116,True,0.9722791,0.5262195,0.85046977,Easy
2292,0,0,0.5300694,True,0,0.5837131,True,0,0.54030174,True,0.9704901,0.51953006,0.76186186,Easy
2293,0,0,0.5889539,True,0,0.90273374,True,0,0.9784353,True,0.96909285,0.52365106,0.0,Easy
2294,0,0,0.5891672,True,0,0.9151673,True,0,0.9786411,True,0.9691025,0.525759,0.0,Easy
2295,1,1,0.56607306,True,1,0.88185143,True,1,0.9942433,True,0.9642787,0.51320386,0.8204629,Easy
2296,1,1,0.53589666,True,1,0.9108785,True,1,0.98860264,True,0.9646096,0.5023375,0.0,Easy
2297,0,1,0.52569216,False,1,0.9537847,False,1,0.9558104,False,0.96270466,0.4972173,0.0,Hard
2298,1,0,0.50383717,False,1,0.878163,True,1,0.97526294,True,0.96533597,0.49708176,0.821395,Easy
2299,1,1,0.5352426,True,1,0.8305886,True,1,0.9909917,True,0.9642613,0.5058943,0.9177042,Easy
2300,0,0,0.57392704,True,0,0.94801354,True,0,0.99773055,True,0.96344733,0.52487785,0.856723,Easy
2301,0,0,0.6010274,True,0,0.91767573,True,0,0.9960926,True,0.9651582,0.5243819,0.0,Easy
2302,0,0,0.57108706,True,0,0.9079918,True,0,0.9063162,True,0.9729925,0.522472,0.7003105,Easy
2303,1,1,0.5006635,True,1,0.7589699,True,1,0.93812263,True,0.97035605,0.5039422,0.0,Easy
2304,0,0,0.5877389,True,0,0.8901245,True,0,0.9984939,True,0.9656097,0.5214861,0.88561076,Easy
2305,0,0,0.53432626,True,0,0.970999,True,0,0.90710795,True,0.96837294,0.5349806,0.7640811,Easy
2306,0,1,0.51835024,False,1,0.58683366,False,1,0.69605637,False,0.967283,0.5130068,0.0,Hard
2307,1,0,0.5690094,False,1,0.69684523,True,1,0.5017337,True,0.9678539,0.50833213,0.0,Easy
2308,0,0,0.5355123,True,1,0.8060646,False,0,0.59874874,True,0.9673482,0.5023952,0.0,Graph_Only
2309,0,0,0.6058875,True,1,0.84664553,False,0,0.5683877,True,0.96692955,0.49940446,0.77171725,Graph_Only
2310,1,0,0.5321662,False,1,0.8335048,True,1,0.88339216,True,0.9667797,0.4972012,0.0,Easy
2311,0,0,0.55887765,True,0,0.8312178,True,0,0.9951597,True,0.9694278,0.51955515,0.8155426,Easy
2312,1,1,0.54583514,True,1,0.84887284,True,1,0.993167,True,0.96567315,0.5086096,0.774645,Easy
2313,1,1,0.52914554,True,1,0.9662167,True,1,0.9990308,True,0.9591883,0.5032984,0.7655671,Easy
2314,1,1,0.54243714,True,1,0.6908948,True,1,0.9603349,True,0.9678862,0.50649124,0.9069244,Easy
2315,0,0,0.58758557,True,0,0.9187025,True,0,0.97208,True,0.9674861,0.52597815,0.8867076,Easy
2316,0,0,0.5321591,True,0,0.9624545,True,0,0.941252,True,0.9688514,0.53017515,0.7932497,Easy
2317,1,0,0.5440133,False,1,0.749321,True,1,0.6935403,True,0.9681718,0.49819282,0.84624195,Easy
2318,1,0,0.5114867,False,1,0.6617125,True,1,0.85469055,True,0.96638113,0.51297694,0.84929276,Easy
2319,1,0,0.52379996,False,1,0.59966815,True,0,0.5535667,False,0.9668758,0.514472,0.877488,Text_Only
2320,1,1,0.5097911,True,1,0.7774172,True,1,0.5884485,True,0.9668994,0.5060945,0.0,Easy
2321,0,0,0.60380644,True,0,0.5345041,True,0,0.55963707,True,0.96680385,0.51521856,0.0,Easy
2322,0,0,0.55219746,True,0,0.9788954,True,0,0.9994968,True,0.9623139,0.5276429,0.814777,Easy
2323,0,0,0.5778013,True,0,0.682301,True,0,0.78855395,True,0.96935534,0.52229244,0.82464194,Easy
2324,0,0,0.60949796,True,0,0.87070554,True,0,0.99373615,True,0.9673389,0.5180113,0.9070502,Easy
2325,0,0,0.6230711,True,0,0.85491335,True,0,0.97934246,True,0.96793467,0.5191492,0.0,Easy
2326,1,1,0.55494,True,1,0.87530136,True,1,0.93728346,True,0.96271676,0.5134755,0.8256334,Easy
2327,0,0,0.67574275,True,0,0.6480174,True,0,0.98215723,True,0.9651681,0.5145017,0.77116823,Easy
2328,0,0,0.53559846,True,0,0.96394104,True,0,0.8960957,True,0.9673699,0.53551733,0.82366353,Easy
2329,1,1,0.56063473,True,1,0.89598554,True,1,0.98266083,True,0.96378577,0.5009616,0.8927381,Easy
2330,1,0,0.5787508,False,0,0.8160488,False,0,0.9057802,False,0.9697113,0.5262961,0.8744624,Hard
2331,0,0,0.6056103,True,0,0.8840524,True,0,0.99507785,True,0.96495926,0.5234896,0.86579776,Easy
2332,1,1,0.5486406,True,1,0.76719314,True,1,0.9786309,True,0.9673131,0.5130225,0.7895745,Easy
2333,1,1,0.52272314,True,1,0.9138991,True,1,0.9853048,True,0.9616728,0.50241446,0.0,Easy
2334,0,0,0.5754516,True,0,0.68199635,True,0,0.811672,True,0.9712085,0.52240247,0.85046977,Easy
2335,1,1,0.5696109,True,1,0.8512102,True,1,0.99464273,True,0.9646114,0.5106499,0.7652712,Easy
2336,0,0,0.5753785,True,0,0.9370754,True,0,0.99940836,True,0.9633343,0.52348894,0.87773514,Easy
2337,1,1,0.5609317,True,1,0.7167474,True,1,0.97425145,True,0.9668168,0.5121892,0.0,Easy
2338,1,1,0.5258986,True,1,0.9037149,True,1,0.98930895,True,0.96185553,0.51582134,0.74715537,Easy
2339,1,0,0.5045214,False,0,0.90973234,False,1,0.8442228,True,0.9695444,0.5227567,0.0,Graph_Only
2340,1,0,0.5904066,False,1,0.6064528,True,1,0.6540796,True,0.9718087,0.5054192,0.0,Easy
2341,1,0,0.54921865,False,1,0.71675795,True,1,0.83823353,True,0.96647763,0.505739,0.0,Easy
2342,1,1,0.5153006,True,1,0.838393,True,1,0.9498673,True,0.9664916,0.50402635,0.0,Easy
2343,1,1,0.5621537,True,1,0.57986456,True,1,0.64431304,True,0.9686697,0.5074231,0.0,Easy
2344,1,0,0.628059,False,0,0.8658521,False,0,0.9762458,False,0.9663626,0.5232287,0.0,Hard
2345,1,1,0.54103446,True,1,0.88104135,True,1,0.9923673,True,0.9650891,0.50524604,0.81560564,Easy
2346,1,1,0.546192,True,1,0.56405824,True,1,0.7163614,True,0.9667314,0.5193114,0.85308295,Easy
2347,0,0,0.6768978,True,0,0.70692915,True,0,0.9432345,True,0.96647644,0.51750654,0.9042719,Easy
2348,1,0,0.6204985,False,1,0.60525054,True,1,0.6023875,True,0.9648136,0.51180357,0.0,Easy
2349,1,1,0.50256747,True,1,0.8636845,True,1,0.9709887,True,0.96269214,0.5005288,0.0,Easy
2350,0,0,0.5688598,True,0,0.89561045,True,0,0.9944185,True,0.9681643,0.52491444,0.87493557,Easy
2351,0,0,0.59118116,True,0,0.9275585,True,0,0.98581475,True,0.96590054,0.5213874,0.0,Easy
2352,1,1,0.55489635,True,1,0.83646125,True,1,0.94814825,True,0.96681046,0.50342715,0.0,Easy
2353,1,1,0.58389366,True,1,0.71354896,True,1,0.9792378,True,0.9669278,0.5088361,0.94848245,Easy
2354,0,0,0.53225243,True,1,0.5658162,False,0,0.50153023,True,0.96789694,0.51372033,0.0,Graph_Only
2355,0,0,0.53984624,True,0,0.6260186,True,0,0.89522564,True,0.97189015,0.523555,0.8888804,Easy
2356,1,1,0.5607788,True,1,0.9042648,True,1,0.982499,True,0.9646059,0.5019846,0.9414713,Easy
2357,0,0,0.56749344,True,0,0.96341294,True,0,0.98998135,True,0.9670009,0.52911603,0.8297938,Easy
2358,0,0,0.62123597,True,0,0.6451789,True,0,0.9866955,True,0.9683523,0.51735264,0.8650005,Easy
2359,0,0,0.63141584,True,0,0.83783627,True,0,0.975545,True,0.96814346,0.5232629,0.9194424,Easy
2360,0,1,0.5186515,False,1,0.8572501,False,1,0.8709496,False,0.96497846,0.5047484,0.824506,Hard
2361,1,0,0.6317328,False,0,0.50497186,False,1,0.6650693,True,0.9703224,0.509048,0.0,Graph_Only
2362,0,1,0.562634,False,0,0.5216706,True,1,0.7364917,False,0.9676864,0.52274305,0.850752,Text_Only
2363,1,0,0.55793154,False,0,0.78114086,False,0,0.66647935,False,0.9670851,0.52277625,0.8367337,Hard
2364,0,0,0.58121014,True,0,0.7315902,True,0,0.976086,True,0.9737805,0.5106036,0.8524666,Easy
2365,1,1,0.5647658,True,1,0.89329386,True,1,0.9869691,True,0.9648575,0.5107577,0.8168004,Easy
2366,0,0,0.5426891,True,0,0.9888306,True,0,0.9994068,True,0.95877904,0.53116465,0.83805144,Easy
2367,0,0,0.5806476,True,0,0.94850665,True,0,0.99562484,True,0.96475476,0.5248818,0.0,Easy
2368,0,0,0.72595793,True,1,0.5253926,False,0,0.90781695,True,0.9647277,0.514193,0.9363326,Graph_Only
2369,0,0,0.64058226,True,0,0.8165111,True,0,0.98490775,True,0.96782815,0.5210877,0.8483769,Easy
2370,0,0,0.6076461,True,0,0.86922354,True,0,0.972528,True,0.9683976,0.5221043,0.0,Easy
2371,1,1,0.53577983,True,1,0.7905537,True,1,0.98782957,True,0.97016764,0.5103313,0.9051256,Easy
2372,1,0,0.52086115,False,1,0.6149767,True,0,0.6877489,False,0.9689507,0.5153504,0.9402517,Text_Only
2373,0,0,0.5805285,True,0,0.9157015,True,0,0.99665207,True,0.96358234,0.51789296,0.9222472,Easy
2374,0,0,0.5377287,True,0,0.9466728,True,0,0.99878985,True,0.9675596,0.5224535,0.7675724,Easy
2375,0,0,0.55987805,True,0,0.9574433,True,0,0.99625826,True,0.96549594,0.529558,0.8289102,Easy
2376,0,0,0.64174134,True,1,0.6723009,False,0,0.6308875,True,0.96653557,0.50547343,0.86441654,Graph_Only
2377,1,1,0.5566579,True,1,0.856107,True,1,0.9876752,True,0.9639199,0.50873685,0.841362,Easy
2378,0,0,0.65906405,True,0,0.67396426,True,0,0.9658058,True,0.9651977,0.5142233,0.92004585,Easy
2379,0,0,0.60126626,True,0,0.70886064,True,0,0.76050836,True,0.96903723,0.5214483,0.0,Easy
2380,0,0,0.5643797,True,0,0.9483095,True,0,0.9976344,True,0.96546614,0.52551746,0.89314073,Easy
2381,1,0,0.5462428,False,1,0.6954087,True,0,0.51973933,False,0.9669697,0.50821465,0.0,Text_Only
2382,1,0,0.6836492,False,0,0.53219825,False,0,0.85886955,False,0.97019476,0.5132782,0.0,Hard
2383,1,1,0.56563693,True,1,0.69501644,True,1,0.9702542,True,0.96356934,0.5180841,0.82809424,Easy
2384,0,0,0.6735072,True,0,0.57815593,True,0,0.8280108,True,0.9677758,0.5146424,0.89649725,Easy
2385,1,0,0.5224778,False,1,0.94272494,True,1,0.97720337,True,0.9635635,0.4910761,0.7847061,Easy
2386,0,0,0.59948415,True,0,0.85712826,True,0,0.94298726,True,0.96922076,0.5210787,0.0,Easy
2387,1,1,0.5780021,True,1,0.6336512,True,1,0.98933357,True,0.96728295,0.5190913,0.82088166,Easy
2388,0,0,0.592956,True,0,0.8928712,True,0,0.99552506,True,0.96897715,0.5169802,0.88925564,Easy
2389,0,0,0.6383902,True,1,0.75029063,False,0,0.91239786,True,0.97080314,0.5017715,0.0,Graph_Only
2390,1,0,0.5045527,False,1,0.8908523,True,1,0.9400769,True,0.9631374,0.5079623,0.0,Easy
2391,0,0,0.60230076,True,1,0.5234638,False,0,0.86458945,True,0.9661412,0.5163515,0.0,Graph_Only
2392,1,1,0.54878455,True,1,0.90782195,True,1,0.9852401,True,0.9645251,0.5110643,0.8413621,Easy
2393,0,0,0.6225204,True,0,0.5371278,True,0,0.7635659,True,0.9672296,0.5224685,0.9270352,Easy
2394,1,1,0.52001196,True,1,0.9597203,True,1,0.93344086,True,0.96078396,0.49538246,0.7783061,Easy
2395,1,1,0.56539816,True,1,0.7626393,True,1,0.9599105,True,0.9670686,0.5030883,0.900515,Easy
2396,1,1,0.5393949,True,1,0.9438681,True,1,0.9972824,True,0.96357405,0.5063725,0.0,Easy
2397,1,1,0.5017627,True,1,0.7761705,True,1,0.9831524,True,0.966207,0.5065903,0.78712475,Easy
2398,0,1,0.5413192,False,1,0.8141175,False,1,0.88799065,False,0.965225,0.51094973,0.77396625,Hard
2399,1,0,0.5035129,False,1,0.7689507,True,1,0.97185904,True,0.9671627,0.5116453,0.0,Easy
2400,1,1,0.5341902,True,1,0.90544564,True,1,0.98222774,True,0.9645091,0.50184846,0.0,Easy
2401,0,0,0.61604106,True,1,0.6626879,False,0,0.74718475,True,0.9641278,0.50839907,0.0,Graph_Only
2402,0,0,0.5718223,True,0,0.93910795,True,0,0.9994271,True,0.96271217,0.5238866,0.8522626,Easy
2403,1,1,0.54581463,True,1,0.6194498,True,0,0.6535294,False,0.9678658,0.5214751,0.8869076,Text_Only
2404,0,0,0.6437068,True,0,0.6708997,True,0,0.9378316,True,0.9673834,0.519817,0.8623297,Easy
2405,1,0,0.5524798,False,0,0.56032234,False,0,0.55429655,False,0.9690701,0.51778734,0.0,Hard
2406,1,1,0.50223446,True,1,0.7878273,True,1,0.92908096,True,0.9646697,0.5068609,0.0,Easy
2407,0,0,0.5257383,True,0,0.59790957,True,1,0.6816597,False,0.9718893,0.51816314,0.750755,Text_Only
2408,1,1,0.5028913,True,1,0.78190583,True,1,0.8109951,True,0.96517575,0.502825,0.0,Easy
2409,1,1,0.53564495,True,1,0.8542492,True,1,0.9939792,True,0.9654561,0.502434,0.0,Easy
2410,0,0,0.6455893,True,0,0.77876145,True,0,0.9639582,True,0.96781147,0.5222894,0.8185253,Easy
2411,0,0,0.6593933,True,0,0.7173088,True,0,0.976395,True,0.96753407,0.51546365,0.8877065,Easy
2412,0,0,0.54740506,True,0,0.8101352,True,0,0.982988,True,0.9658518,0.52057105,0.0,Easy
2413,1,0,0.56033653,False,1,0.51404905,True,1,0.6233886,True,0.96885276,0.5157831,0.9279688,Easy
2414,0,0,0.6086047,True,0,0.658421,True,0,0.99760807,True,0.96872187,0.51261234,0.8285429,Easy
2415,0,0,0.59638405,True,0,0.85364836,True,0,0.9784307,True,0.9710858,0.52199906,0.8112068,Easy
2416,0,0,0.61708176,True,0,0.7674103,True,0,0.90172327,True,0.9697484,0.51866543,0.0,Easy
2417,1,0,0.503889,False,1,0.9028092,True,1,0.97201556,True,0.96318275,0.5004385,0.8156996,Easy
2418,1,1,0.56536484,True,1,0.83073604,True,1,0.97513276,True,0.96623737,0.5064712,0.927476,Easy
2419,0,0,0.594186,True,0,0.8376814,True,0,0.91190135,True,0.96761906,0.5204408,0.0,Easy
2420,0,0,0.6601099,True,0,0.5565233,True,0,0.9120348,True,0.9685303,0.5208054,0.0,Easy
2421,1,0,0.5263173,False,0,0.829674,False,0,0.56312144,False,0.9672272,0.52288926,0.8503254,Hard
2422,0,0,0.58976364,True,0,0.91727996,True,0,0.8987973,True,0.97149295,0.53221846,0.7474481,Easy
2423,0,0,0.5836636,True,1,0.7036531,False,0,0.67723763,True,0.9641284,0.5050287,0.85275996,Graph_Only
2424,0,0,0.6067382,True,0,0.866242,True,0,0.99837935,True,0.96534026,0.5174465,0.92067313,Easy
2425,0,0,0.5922574,True,0,0.8712537,True,0,0.9955043,True,0.9659934,0.5228095,0.86653763,Easy
2426,0,0,0.6093149,True,0,0.67555934,True,0,0.9733373,True,0.96838975,0.51556,0.84894454,Easy
2427,1,0,0.5035495,False,1,0.8657487,True,1,0.95763797,True,0.9662671,0.5019348,0.0,Easy
2428,1,0,0.5431365,False,0,0.8564243,False,0,0.87783676,False,0.9657525,0.5267613,0.77845156,Hard
2429,1,1,0.54713655,True,1,0.7272236,True,1,0.91437113,True,0.9672021,0.5015991,0.0,Easy
2430,1,0,0.51143134,False,1,0.6406564,True,1,0.8583088,True,0.96543276,0.50579256,0.9189124,Easy
2431,1,1,0.52286327,True,1,0.5948964,True,1,0.97749364,True,0.9686378,0.5118249,0.9136698,Easy
2432,1,1,0.53388506,True,1,0.8391216,True,1,0.96703446,True,0.9640095,0.5139219,0.80880404,Easy
2433,1,1,0.54111737,True,1,0.9319146,True,1,0.9925996,True,0.96287805,0.5005843,0.0,Easy
2434,1,1,0.5426842,True,1,0.930784,True,1,0.9958054,True,0.9643307,0.50224805,0.0,Easy
2435,0,0,0.50054437,True,1,0.5993695,False,0,0.61330146,True,0.9670427,0.51956415,0.81842875,Graph_Only
2436,0,0,0.566815,True,0,0.7758556,True,0,0.9782215,True,0.97018415,0.51726747,0.0,Easy
2437,1,1,0.54627454,True,1,0.83601856,True,1,0.9861351,True,0.9642356,0.49813178,0.882138,Easy
2438,0,0,0.5927539,True,0,0.7145221,True,0,0.9202351,True,0.9695322,0.52473986,0.9294611,Easy
2439,1,1,0.5357988,True,1,0.8364656,True,1,0.9893008,True,0.96612966,0.5024367,0.0,Easy
2440,0,0,0.59519136,True,0,0.887072,True,0,0.99478585,True,0.96821505,0.52298224,0.8340416,Easy
2441,0,0,0.56001425,True,0,0.8459274,True,0,0.9970752,True,0.9676362,0.5181041,0.88033706,Easy
2442,1,1,0.5499182,True,1,0.9008744,True,1,0.9884163,True,0.96548283,0.49992,0.88802254,Easy
2443,1,1,0.50313777,True,1,0.97030365,True,1,0.9955415,True,0.9573099,0.49786186,0.87637407,Easy
2444,1,0,0.50923735,False,1,0.7848658,True,1,0.8338316,True,0.9663063,0.5029345,0.0,Easy
2445,0,0,0.56988144,True,0,0.88950133,True,0,0.99775463,True,0.966267,0.52313584,0.8306854,Easy
2446,1,1,0.52940744,True,1,0.64145094,True,1,0.83360875,True,0.96704197,0.5116,0.0,Easy
2447,1,1,0.56381667,True,1,0.716186,True,1,0.89178085,True,0.9640009,0.5217088,0.8021889,Easy
2448,1,1,0.53079736,True,1,0.91571325,True,1,0.99524647,True,0.96094114,0.5164109,0.87764174,Easy
2449,1,0,0.51562154,False,1,0.85144705,True,1,0.655424,True,0.9641325,0.49849454,0.0,Easy
2450,1,1,0.50743204,True,1,0.7730899,True,1,0.93895584,True,0.96522605,0.50732946,0.0,Easy
2451,0,0,0.650713,True,0,0.6721051,True,0,0.95198554,True,0.9678503,0.5187086,0.0,Easy
2452,0,0,0.6082807,True,0,0.8611166,True,0,0.9817707,True,0.9649061,0.51880586,0.87296575,Easy
2453,1,1,0.54850495,True,1,0.81804127,True,1,0.9683431,True,0.96667194,0.5014959,0.90494037,Easy
2454,0,0,0.6191445,True,0,0.83730125,True,0,0.9679091,True,0.9658908,0.5262622,0.87686354,Easy
2455,0,0,0.6254321,True,0,0.51565474,True,0,0.82604504,True,0.9666553,0.5160521,0.862849,Easy
2456,0,0,0.5741035,True,0,0.6697463,True,0,0.93723696,True,0.9686227,0.5196811,0.8943056,Easy
2457,1,0,0.5166851,False,1,0.5587937,True,1,0.520292,True,0.96718013,0.5185894,0.85672307,Easy
2458,0,0,0.54868793,True,1,0.8858914,False,0,0.50102395,True,0.9683647,0.49430853,0.7376262,Graph_Only
2459,0,0,0.70773697,True,0,0.5921492,True,0,0.91796607,True,0.9662045,0.5156772,0.0,Easy
2460,0,0,0.6208171,True,0,0.7184569,True,0,0.8440671,True,0.9659502,0.5192116,0.0,Easy
2461,0,0,0.5194372,True,1,0.6776588,False,0,0.71686697,True,0.96595263,0.515735,0.82841057,Graph_Only
2462,1,0,0.52103215,False,1,0.8598314,True,1,0.98280185,True,0.9619731,0.5040975,0.8803601,Easy
2463,1,0,0.5904962,False,0,0.5896373,False,0,0.68641585,False,0.9668943,0.5156899,0.0,Hard
2464,0,0,0.5183856,True,0,0.80302393,True,0,0.5631545,True,0.971821,0.5232934,0.8336864,Easy
2465,1,1,0.54424864,True,1,0.83961844,True,1,0.85107154,True,0.9662574,0.5067947,0.81824803,Easy
2466,0,0,0.6306822,True,0,0.7556241,True,0,0.99377924,True,0.96704805,0.51405185,0.9151,Easy
2467,1,1,0.5390919,True,1,0.89654785,True,1,0.98219925,True,0.9635892,0.498327,0.0,Easy
2468,0,0,0.56564164,True,0,0.6704015,True,0,0.7865483,True,0.970674,0.5118338,0.86075425,Easy
2469,0,0,0.6598764,True,0,0.6251484,True,0,0.9824057,True,0.9653663,0.51298606,0.9024669,Easy
2470,1,1,0.5355258,True,1,0.82258683,True,1,0.8092714,True,0.9678555,0.49815142,0.0,Easy
2471,1,1,0.5204726,True,1,0.89169896,True,1,0.9895321,True,0.9616107,0.5151168,0.7123954,Easy
2472,0,0,0.5514498,True,1,0.6369534,False,0,0.8098286,True,0.9648994,0.5136793,0.93767446,Graph_Only
2473,0,0,0.538721,True,1,0.79143757,False,1,0.76508135,False,0.966424,0.5041696,0.80841756,Hard
2474,0,1,0.5558994,False,1,0.7605996,False,0,0.50894785,True,0.9662232,0.5116942,0.9285821,Graph_Only
2475,0,0,0.58118355,True,0,0.863032,True,0,0.9046078,True,0.9684415,0.5280669,0.8375499,Easy
2476,0,0,0.6473098,True,0,0.67637616,True,0,0.90905267,True,0.96918744,0.5196969,0.0,Easy
2477,0,0,0.6373929,True,1,0.6880701,False,0,0.62219846,True,0.9675944,0.506991,0.8543471,Graph_Only
2478,0,0,0.6814936,True,1,0.6585414,False,0,0.8614852,True,0.9686714,0.5105081,0.81619984,Graph_Only
2479,1,0,0.5597064,False,0,0.57539546,False,0,0.52604747,False,0.9699057,0.5214134,0.85550714,Hard
2480,0,0,0.6656461,True,1,0.70859647,False,0,0.95541275,True,0.9673238,0.5023498,0.92336404,Graph_Only
2481,0,0,0.52842367,True,1,0.55495185,False,0,0.61414546,True,0.9709258,0.5147235,0.0,Graph_Only
2482,0,0,0.6545824,True,0,0.62526345,True,0,0.9665373,True,0.96942306,0.5140627,0.8680222,Easy
2483,0,0,0.6261778,True,0,0.7972052,True,0,0.99101746,True,0.96740454,0.52398837,0.7982063,Easy
2484,0,1,0.56111264,False,1,0.62493795,False,1,0.800749,False,0.96744853,0.51233083,0.8201368,Hard
2485,1,0,0.51895195,False,1,0.52856386,True,1,0.7893104,True,0.9656746,0.5142134,0.0,Easy
2486,0,0,0.5963415,True,0,0.90553534,True,0,0.9085288,True,0.96848845,0.5302055,0.8059772,Easy
2487,0,0,0.5700406,True,0,0.9124869,True,0,0.99593097,True,0.9660853,0.5169712,0.9307196,Easy
2488,0,0,0.59529686,True,0,0.7235008,True,0,0.99884254,True,0.9653064,0.5132261,0.84626937,Easy
2489,0,0,0.58816147,True,0,0.8593568,True,0,0.9824514,True,0.9715932,0.5225918,0.8367581,Easy
2490,0,0,0.55127805,True,1,0.6580204,False,1,0.684849,False,0.96670085,0.5159398,0.81475234,Hard
2491,0,0,0.6014882,True,0,0.8816489,True,0,0.9841,True,0.96458507,0.51808745,0.8737333,Easy
2492,1,1,0.553478,True,1,0.84317565,True,1,0.9818703,True,0.9638847,0.50783795,0.7991203,Easy
2493,1,1,0.6279009,True,1,0.6198711,True,1,0.9349319,True,0.9634104,0.52256024,0.69017977,Easy
2494,1,1,0.54797447,True,1,0.51720047,True,0,0.5061242,False,0.96760076,0.5211509,0.91634214,Text_Only
2495,1,0,0.50037867,False,1,0.77281106,True,1,0.9835095,True,0.96671736,0.51110137,0.81042004,Easy
2496,1,1,0.5212065,True,1,0.7788598,True,1,0.8634743,True,0.9664253,0.5062804,0.0,Easy
2497,0,1,0.52580065,False,1,0.79806286,False,1,0.67476135,False,0.9688077,0.50545627,0.72905463,Hard
2498,1,1,0.5230353,True,1,0.88707626,True,1,0.9569091,True,0.96138424,0.50145316,0.87457,Easy
2499,1,1,0.50133973,True,1,0.7303473,True,1,0.5795925,True,0.9669309,0.51216304,0.8811079,Easy
2500,0,0,0.5428688,True,1,0.8055976,False,0,0.8846673,True,0.9696493,0.50561553,0.72905463,Graph_Only
2501,1,1,0.54290664,True,1,0.89585125,True,1,0.9939516,True,0.96772,0.5102368,0.803524,Easy
2502,1,0,0.57989,False,0,0.52060956,False,1,0.52558166,True,0.9675181,0.52232385,0.85566485,Graph_Only
2503,0,0,0.53532046,True,0,0.6784552,True,0,0.84098226,True,0.9704915,0.5190468,0.84284705,Easy
2504,0,0,0.5970811,True,1,0.69550884,False,1,0.5875898,False,0.9664607,0.50525665,0.8940465,Hard
2505,0,0,0.60950524,True,0,0.8074707,True,0,0.97079784,True,0.96538866,0.51720166,0.90821964,Easy
2506,0,0,0.5499175,True,1,0.684789,False,0,0.52736396,True,0.9681095,0.5060545,0.91395545,Graph_Only
2507,0,0,0.53885067,True,1,0.57253575,False,0,0.7672485,True,0.96598446,0.51525027,0.84514356,Graph_Only
2508,0,0,0.53434867,True,1,0.6112426,False,1,0.726268,False,0.96453446,0.5160143,0.89541906,Hard
2509,0,0,0.71190715,True,0,0.61394274,True,0,0.9864884,True,0.96512365,0.5151425,0.77738655,Easy
2510,1,1,0.50747705,True,1,0.7160485,True,1,0.85658354,True,0.96361727,0.5057911,0.8827533,Easy
2511,1,0,0.56962955,False,1,0.5925368,True,1,0.6247928,True,0.96363074,0.5122846,0.91105545,Easy
2512,1,0,0.58421975,False,0,0.74282765,False,1,0.57479346,True,0.9656166,0.524217,0.8736094,Graph_Only
2513,0,0,0.6625541,True,0,0.67651635,True,0,0.89886206,True,0.9648192,0.5149452,0.0,Easy
2514,0,0,0.6050849,True,0,0.57320434,True,0,0.7722984,True,0.96851546,0.5190124,0.9330762,Easy
2515,1,1,0.5758044,True,1,0.55529165,True,1,0.992463,True,0.9687093,0.5266123,0.7269428,Easy
2516,0,0,0.60182375,True,0,0.8360656,True,0,0.9953896,True,0.9643059,0.51389986,0.91993546,Easy
2517,1,1,0.5130845,True,1,0.64885104,True,1,0.7236629,True,0.9646227,0.50749713,0.8757484,Easy
2518,1,1,0.5301345,True,1,0.88142663,True,1,0.9587576,True,0.9638909,0.49771807,0.87323815,Easy
2519,0,0,0.6055636,True,0,0.88901955,True,0,0.99462235,True,0.9646666,0.5206395,0.0,Easy
2520,1,1,0.5804469,True,1,0.60950106,True,1,0.93360144,True,0.9658848,0.5235464,0.7321843,Easy
2521,1,0,0.5488919,False,0,0.64094365,False,0,0.553756,False,0.96486485,0.5115465,0.8514385,Hard
2522,0,0,0.58394426,True,0,0.90034074,True,0,0.997974,True,0.964119,0.5176232,0.86393523,Easy
2523,0,0,0.5192281,True,1,0.6636248,False,1,0.5802912,False,0.96493566,0.5009983,0.0,Hard
2524,0,0,0.67586315,True,0,0.5255142,True,0,0.8812898,True,0.9646421,0.516947,0.90541804,Easy
2525,0,1,0.55891997,False,1,0.58629346,False,1,0.86363876,False,0.964607,0.51683867,0.79214317,Hard
2526,0,1,0.5202687,False,0,0.54467934,True,1,0.6118556,False,0.96554494,0.52301127,0.67357653,Text_Only
2527,1,0,0.633029,False,0,0.5014574,False,0,0.5358805,False,0.9668652,0.51317483,0.0,Hard
2528,0,0,0.5552707,True,0,0.9452012,True,0,0.999081,True,0.96480364,0.5257595,0.8451934,Easy
2529,1,0,0.5246291,False,1,0.95157605,True,1,0.8523544,True,0.96417576,0.49162093,0.0,Easy
2530,1,1,0.5255133,True,1,0.8263723,True,1,0.9563566,True,0.9673296,0.5013813,0.0,Easy
2531,1,0,0.5727121,False,0,0.9498594,False,0,0.9109595,False,0.96276236,0.5260279,0.8106889,Hard
2532,1,1,0.52470315,True,1,0.8722673,True,1,0.9934447,True,0.9619672,0.5080347,0.86616576,Easy
2533,0,0,0.5348031,True,0,0.95664877,True,0,0.9988324,True,0.9629401,0.5227978,0.88037235,Easy
2534,1,1,0.54872906,True,1,0.67774713,True,1,0.7502273,True,0.96681535,0.507978,0.7059803,Easy
2535,0,0,0.63279635,True,0,0.7714412,True,0,0.97929764,True,0.9663203,0.5137833,0.8376613,Easy
2536,1,0,0.531148,False,1,0.56088215,True,1,0.67673194,True,0.96561897,0.51021713,0.8745517,Easy
2537,1,1,0.5022781,True,1,0.9350887,True,1,0.88900346,True,0.966199,0.49916908,0.0,Easy
2538,1,1,0.53862464,True,1,0.94870895,True,1,0.9927907,True,0.9618963,0.5009245,0.88239086,Easy
2539,1,1,0.5468909,True,1,0.53599674,True,1,0.7969064,True,0.96459365,0.5083271,0.894476,Easy
2540,1,1,0.55686134,True,1,0.8302616,True,1,0.933121,True,0.96578944,0.51430887,0.8763337,Easy
2541,1,1,0.52450895,True,1,0.97288835,True,1,0.99712723,True,0.9620453,0.5004163,0.0,Easy
2542,1,0,0.5633979,False,1,0.8131068,True,0,0.7085874,False,0.9661795,0.50140625,0.7560526,Text_Only
2543,1,0,0.59407234,False,0,0.6573078,False,1,0.5068826,True,0.9655514,0.5192961,0.9084265,Graph_Only
2544,0,0,0.54555494,True,1,0.5588212,False,0,0.87173444,True,0.96824723,0.5118717,0.7625835,Graph_Only
2545,1,0,0.6327408,False,1,0.5525722,True,1,0.5016937,True,0.96353436,0.51198685,0.9312035,Easy
2546,0,0,0.5800967,True,0,0.9230021,True,0,0.9928207,True,0.9671525,0.52227044,0.91271067,Easy
2547,0,0,0.59707534,True,0,0.7293268,True,0,0.92293715,True,0.9668673,0.51898175,0.84237885,Easy
2548,0,0,0.58798414,True,1,0.53050035,False,1,0.54296863,False,0.9641697,0.51225156,0.8855492,Hard
2549,1,1,0.5196242,True,1,0.6414555,True,1,0.9287429,True,0.96532637,0.5156234,0.8816146,Easy
2550,0,0,0.62896,True,0,0.73825616,True,0,0.9390288,True,0.96364,0.5144395,0.0,Easy
2551,1,1,0.53825647,True,1,0.8077499,True,1,0.96969414,True,0.962752,0.50529116,0.8979801,Easy
2552,0,1,0.5362478,False,1,0.7241576,False,1,0.50592244,False,0.9661805,0.5115518,0.8709139,Hard
2553,0,0,0.58402056,True,0,0.9168348,True,0,0.9950681,True,0.9632227,0.51965475,0.8557123,Easy
2554,1,0,0.5558293,False,0,0.7068138,False,0,0.5898981,False,0.97096,0.524444,0.79182804,Hard
2555,1,0,0.51088196,False,1,0.7427065,True,0,0.5480382,False,0.9686631,0.50585943,0.9037666,Text_Only
2556,1,0,0.62370044,False,0,0.5298761,False,0,0.5827231,False,0.9720914,0.5194606,0.8387529,Hard
2557,1,0,0.50929976,False,1,0.7538377,True,1,0.76822245,True,0.9651708,0.5005649,0.8741236,Easy
2558,1,0,0.5141507,False,1,0.82185715,True,1,0.95888764,True,0.9648225,0.50900865,0.8715754,Easy
2559,1,0,0.63264257,False,0,0.5187011,False,0,0.5638806,False,0.96716195,0.51354015,0.8243777,Hard
2560,0,0,0.5102282,True,1,0.70615757,False,0,0.5813057,True,0.96676356,0.5128037,0.77050704,Graph_Only
2561,1,0,0.53106564,False,1,0.640028,True,1,0.8960695,True,0.96932167,0.50797486,0.7918031,Easy
2562,0,0,0.52949214,True,1,0.6740412,False,1,0.7478227,False,0.9654287,0.5101532,0.908153,Hard
2563,1,1,0.54441863,True,1,0.7077143,True,0,0.5848573,False,0.9701072,0.5120467,0.81210726,Text_Only
2564,0,0,0.62720215,True,0,0.7329906,True,0,0.9928651,True,0.963532,0.5179433,0.88517755,Easy
2565,0,0,0.656288,True,0,0.5746601,True,0,0.9909225,True,0.9642796,0.5095786,0.8282213,Easy
2566,0,0,0.59241086,True,0,0.9303165,True,0,0.99328583,True,0.963011,0.5235433,0.0,Easy
2567,0,0,0.61366045,True,0,0.7939596,True,0,0.9181032,True,0.96819067,0.522256,0.8498089,Easy
2568,1,1,0.5105705,True,1,0.6963767,True,1,0.9084862,True,0.9638266,0.5057688,0.9205612,Easy
2569,1,1,0.53585017,True,1,0.6451937,True,1,0.8023632,True,0.96712756,0.51203847,0.6852815,Easy
2570,1,1,0.5298184,True,1,0.7733247,True,1,0.9923225,True,0.9641174,0.5112191,0.8786482,Easy
2571,1,1,0.52346236,True,1,0.7862487,True,1,0.8235117,True,0.9659965,0.49681237,0.84096456,Easy
2572,0,0,0.5444579,True,1,0.7242196,False,0,0.6104902,True,0.97425044,0.50811875,0.0,Graph_Only
2573,0,1,0.5394636,False,1,0.7170603,False,1,0.5800685,False,0.9669836,0.5129673,0.87605596,Hard
2574,0,0,0.6061478,True,1,0.54163957,False,0,0.90697294,True,0.9683078,0.5162581,0.8096562,Graph_Only
2575,1,1,0.50138944,True,1,0.72715646,True,1,0.7696308,True,0.9670245,0.5019069,0.8611188,Easy
2576,0,1,0.52675974,False,1,0.6005551,False,0,0.7080323,True,0.9690962,0.5155902,0.77532953,Graph_Only
2577,1,0,0.5759252,False,1,0.6627855,True,1,0.7904686,True,0.9659437,0.5108747,0.86777985,Easy
2578,1,0,0.528863,False,0,0.96004564,False,1,0.68500805,True,0.96447146,0.5329955,0.68202835,Graph_Only
2579,1,1,0.5253299,True,1,0.759225,True,1,0.9903409,True,0.9632596,0.5139057,0.8803222,Easy
2580,0,0,0.6483534,True,0,0.52800965,True,0,0.9497917,True,0.96291196,0.5090063,0.86930215,Easy
2581,0,0,0.60153127,True,0,0.75752217,True,0,0.9953419,True,0.9684926,0.51616466,0.87551296,Easy
2582,1,1,0.542337,True,1,0.79265505,True,1,0.9582124,True,0.96761507,0.51341593,0.8097655,Easy
2583,1,1,0.5085478,True,1,0.5658847,True,1,0.98705286,True,0.9667167,0.5147863,0.8329517,Easy
2584,0,0,0.54201704,True,1,0.5893516,False,0,0.7221686,True,0.9664339,0.51534,0.89447826,Graph_Only
2585,1,0,0.5026411,False,1,0.649538,True,1,0.9082458,True,0.96293855,0.51451826,0.92331886,Easy
2586,1,0,0.5059469,False,1,0.75098795,True,1,0.80015695,True,0.9636922,0.50382006,0.0,Easy
2587,0,0,0.57426995,True,0,0.9178791,True,0,0.9972253,True,0.9655663,0.52339214,0.8612143,Easy
2588,0,0,0.521872,True,1,0.69245803,False,1,0.86111903,False,0.96369374,0.5104789,0.90694696,Hard
2589,1,1,0.55553293,True,1,0.7792225,True,1,0.96627665,True,0.9627761,0.5053318,0.93387735,Easy
2590,1,0,0.5100717,False,1,0.906592,True,1,0.77875304,True,0.96497405,0.5007777,0.8115858,Easy
2591,0,1,0.5049622,False,1,0.733924,False,1,0.79574734,False,0.96679246,0.50197995,0.76379836,Hard
2592,1,0,0.52393234,False,1,0.7850301,True,1,0.6614808,True,0.96606004,0.5037529,0.87644184,Easy
2593,0,0,0.6235872,True,0,0.60853493,True,0,0.7668526,True,0.96690345,0.51161265,0.87850106,Easy
2594,1,0,0.55600214,False,0,0.705691,False,0,0.6772934,False,0.9710283,0.5144209,0.0,Hard
2595,0,0,0.5979463,True,0,0.8075455,True,0,0.8764907,True,0.9666466,0.5234917,0.8795816,Easy
2596,0,0,0.63173497,True,0,0.75520664,True,0,0.9761204,True,0.96528333,0.515906,0.8632548,Easy
2597,1,1,0.502051,True,1,0.8285887,True,1,0.9352301,True,0.9644472,0.50829417,0.85856605,Easy
2598,1,0,0.5183821,False,1,0.76327145,True,1,0.7753189,True,0.9654243,0.5075068,0.84889,Easy
2599,1,0,0.62166524,False,0,0.59827775,False,0,0.5665295,False,0.9648386,0.5150899,0.0,Hard
2600,1,0,0.64397025,False,0,0.60834306,False,0,0.59427047,False,0.96904546,0.515827,0.91928726,Hard
2601,0,0,0.53543717,True,1,0.75324017,False,0,0.5679555,True,0.96447414,0.5075935,0.8464848,Graph_Only
2602,0,0,0.54871726,True,1,0.7465066,False,0,0.6009498,True,0.96463645,0.50427645,0.82380617,Graph_Only
2603,1,1,0.5070869,True,1,0.8833702,True,1,0.8754551,True,0.9645277,0.49583018,0.0,Easy
2604,1,0,0.5051174,False,1,0.69978076,True,1,0.97795576,True,0.9639084,0.5139797,0.87250924,Easy
2605,0,0,0.6163635,True,0,0.5611447,True,0,0.7887908,True,0.9654659,0.5108042,0.91657996,Easy
2606,0,0,0.6211336,True,0,0.8072083,True,0,0.968887,True,0.9671173,0.5170086,0.0,Easy
2607,0,0,0.6215059,True,0,0.7717759,True,0,0.9490044,True,0.9652159,0.516011,0.0,Easy
2608,1,0,0.51977694,False,1,0.71438265,True,1,0.6134628,True,0.96559656,0.5046315,0.82406753,Easy
2609,1,0,0.61273694,False,0,0.5780533,False,0,0.72150606,False,0.9668962,0.513628,0.85813063,Hard
2610,1,1,0.5546597,True,1,0.8711693,True,1,0.9435774,True,0.96523094,0.50963986,0.93245924,Easy
2611,1,1,0.50850683,True,1,0.87109226,True,1,0.98304635,True,0.96237516,0.5018633,0.82644284,Easy
2612,0,1,0.52568126,False,1,0.74143267,False,1,0.8796724,False,0.96753556,0.5102642,0.77738667,Hard
2613,1,0,0.52685255,False,1,0.6482348,True,0,0.60908675,False,0.97103584,0.51416856,0.9045202,Text_Only
2614,0,0,0.60045594,True,0,0.90440345,True,0,0.9809488,True,0.96385217,0.5208555,0.0,Easy
2615,0,0,0.53252643,True,0,0.5652448,True,0,0.81078863,True,0.9695311,0.52211314,0.7721069,Easy
2616,1,1,0.54568523,True,1,0.91145205,True,1,0.9959527,True,0.9627553,0.5032342,0.84488404,Easy
2617,1,1,0.53534347,True,1,0.6771158,True,1,0.9491493,True,0.965203,0.51251864,0.75664216,Easy
2618,0,0,0.6166421,True,0,0.7978074,True,0,0.99149996,True,0.9667014,0.51317775,0.8685584,Easy
2619,1,1,0.548265,True,1,0.91463554,True,1,0.9972498,True,0.9643086,0.5098686,0.734295,Easy
2620,0,0,0.6380808,True,0,0.7351902,True,0,0.9097258,True,0.9671405,0.51748407,0.90561515,Easy
2621,0,0,0.5931661,True,0,0.8867169,True,0,0.9808138,True,0.9664314,0.52330637,0.0,Easy
2622,0,0,0.643544,True,0,0.65681076,True,0,0.9417087,True,0.9652561,0.5129835,0.8981106,Easy
2623,1,0,0.526816,False,1,0.508319,True,1,0.5333117,True,0.9667665,0.511564,0.90541804,Easy
2624,1,1,0.5426346,True,1,0.8475362,True,1,0.9743971,True,0.96462095,0.5085886,0.8609125,Easy
2625,1,1,0.5293833,True,1,0.6419256,True,1,0.86777747,True,0.9646973,0.50710475,0.9192909,Easy
2626,1,1,0.5105999,True,1,0.9514122,True,1,0.98544866,True,0.9591818,0.5014272,0.77732635,Easy
2627,1,0,0.5437053,False,0,0.56451535,False,0,0.82884747,False,0.9675216,0.5202826,0.85011435,Hard
2628,1,1,0.50415003,True,1,0.76252705,True,1,0.9659108,True,0.96441746,0.51119757,0.8494921,Easy
2629,1,1,0.55577594,True,1,0.5811008,True,1,0.75014764,True,0.9661188,0.5085492,0.89104104,Easy
2630,1,0,0.5604929,False,1,0.7646413,True,1,0.79737407,True,0.9667263,0.4990611,0.0,Easy
2631,0,0,0.6397419,True,0,0.7151894,True,0,0.9238906,True,0.967137,0.51898867,0.87605596,Easy
2632,0,0,0.68877286,True,0,0.6020193,True,0,0.950558,True,0.9670545,0.51623917,0.9471773,Easy
2633,1,1,0.5146844,True,1,0.93739265,True,1,0.96808976,True,0.9647551,0.49670076,0.7641227,Easy
2634,0,0,0.5756067,True,0,0.9421441,True,0,0.9968002,True,0.9644685,0.522705,0.8185234,Easy
2635,0,0,0.641911,True,0,0.71665883,True,0,0.9940568,True,0.9670285,0.50968015,0.9007796,Easy
2636,0,0,0.5896961,True,0,0.7851075,True,0,0.9986155,True,0.96420014,0.5154113,0.8608518,Easy
2637,0,0,0.5648484,True,1,0.8261408,False,0,0.73396045,True,0.96552086,0.49939862,0.7581552,Graph_Only
2638,1,0,0.5092622,False,0,0.5025445,False,1,0.73796445,True,0.965399,0.51257396,0.9025401,Graph_Only
2639,1,0,0.6075906,False,1,0.59086347,True,0,0.51940733,False,0.9682162,0.5089903,0.9205395,Text_Only
2640,0,1,0.51762277,False,1,0.6387948,False,1,0.5206371,False,0.9684299,0.5067745,0.8217869,Hard
2641,0,0,0.5338171,True,1,0.88778204,False,1,0.7288189,False,0.9636196,0.49833328,0.8154593,Hard
2642,1,0,0.595024,False,1,0.5263177,True,0,0.85638154,False,0.96515024,0.5156929,0.8807069,Text_Only
2643,0,0,0.58167714,True,0,0.77340657,True,0,0.83468634,True,0.96828145,0.52484614,0.82514,Easy
2644,1,0,0.5457525,False,1,0.6217464,True,1,0.8231286,True,0.9633597,0.51765555,0.8462704,Easy
2645,0,0,0.5712616,True,0,0.8270627,True,0,0.99706393,True,0.96520364,0.5168481,0.74124473,Easy
2646,1,1,0.53458476,True,1,0.9189847,True,1,0.99701935,True,0.9668517,0.50951517,0.767261,Easy
2647,1,1,0.54338837,True,1,0.89503336,True,1,0.9453605,True,0.9639318,0.49821892,0.8928255,Easy
2648,0,0,0.71378136,True,0,0.5996614,True,0,0.81620586,True,0.96480083,0.51483953,0.0,Easy
2649,0,0,0.60218865,True,0,0.68421626,True,0,0.997615,True,0.9627396,0.5094904,0.8990518,Easy
2650,0,0,0.6454539,True,0,0.7128458,True,0,0.8897593,True,0.9639306,0.5164256,0.0,Easy
2651,1,1,0.50081146,True,1,0.5800177,True,1,0.5904933,True,0.9656055,0.51528865,0.8173297,Easy
2652,1,0,0.6417121,False,0,0.6253935,False,0,0.72105765,False,0.9661833,0.5171176,0.89141345,Hard
2653,0,0,0.5401129,True,1,0.82145387,False,1,0.72534686,False,0.9664048,0.5087648,0.89868915,Hard
2654,1,0,0.51011175,False,1,0.83509237,True,1,0.98338586,True,0.96344423,0.50085396,0.8828176,Easy
2655,0,0,0.65269864,True,0,0.6399536,True,0,0.88443905,True,0.96426713,0.5138269,0.8813557,Easy
2656,0,0,0.5795788,True,0,0.89864784,True,0,0.9974154,True,0.9640155,0.52241343,0.9083064,Easy
2657,0,1,0.50781316,False,1,0.8058334,False,1,0.95499206,False,0.9630537,0.5033924,0.0,Hard
2658,0,0,0.5433844,True,0,0.9590147,True,0,0.9939685,True,0.9631528,0.5226497,0.8801807,Easy
2659,1,1,0.5294823,True,1,0.71645164,True,1,0.9277894,True,0.9679437,0.50903755,0.0,Easy
2660,1,0,0.5437436,False,1,0.5812352,True,1,0.8536062,True,0.96495855,0.5149573,0.82302153,Easy
2661,1,1,0.51810694,True,0,0.53083605,False,0,0.5450957,False,0.96586764,0.5165426,0.9269432,Hard
2662,1,1,0.5182168,True,1,0.7051808,True,1,0.8489595,True,0.9670067,0.5064673,0.9216864,Easy
2663,0,0,0.63947934,True,0,0.7001608,True,0,0.99561465,True,0.9639536,0.5099028,0.8980518,Easy
2664,0,0,0.5674482,True,1,0.76580274,False,0,0.6195614,True,0.967198,0.5061335,0.8933299,Graph_Only
2665,0,0,0.5558079,True,1,0.5671571,False,1,0.6750247,False,0.9643844,0.5085435,0.87469375,Hard
2666,1,0,0.5822805,False,0,0.67391515,False,0,0.71472156,False,0.9672177,0.5268133,0.81557846,Hard
2667,1,1,0.5311568,True,1,0.9186633,True,1,0.9917846,True,0.96233493,0.49897057,0.7001794,Easy
2668,1,0,0.5137723,False,1,0.55821085,True,0,0.6432637,False,0.96699333,0.52102345,0.8062631,Text_Only
2669,0,0,0.616528,True,0,0.8728542,True,0,0.99654585,True,0.96423733,0.518733,0.9098085,Easy
2670,1,0,0.5249358,False,1,0.7300382,True,1,0.9050305,True,0.96565604,0.51036525,0.8647675,Easy
2671,1,1,0.509138,True,1,0.7435316,True,1,0.8734834,True,0.965487,0.51028645,0.8754002,Easy
2672,1,1,0.52272165,True,1,0.99099606,True,1,0.99926656,True,0.95456815,0.49360627,0.7904201,Easy
2673,0,0,0.53784055,True,1,0.8320471,False,0,0.5800979,True,0.9648237,0.49614462,0.8284296,Graph_Only
2674,1,1,0.52994865,True,1,0.93910635,True,1,0.9984327,True,0.96038777,0.5070642,0.87803185,Easy
2675,0,0,0.50784194,True,1,0.91844285,False,1,0.94003236,False,0.9638802,0.501425,0.898391,Hard
2676,0,0,0.5886564,True,0,0.7878833,True,0,0.9903792,True,0.9648262,0.51835537,0.92048824,Easy
2677,0,0,0.6107735,True,1,0.61205214,False,0,0.69225466,True,0.9675896,0.5071456,0.86746746,Graph_Only
2678,0,0,0.6567785,True,0,0.6979058,True,0,0.90215755,True,0.9644102,0.51689035,0.8649876,Easy
2679,1,1,0.5201294,True,1,0.81936854,True,1,0.9240111,True,0.9668323,0.50381684,0.8873316,Easy
2680,1,1,0.5390196,True,1,0.67922544,True,1,0.8341298,True,0.966689,0.51937366,0.7587152,Easy
2681,0,0,0.5322102,True,1,0.61502254,False,1,0.9018359,False,0.96895176,0.51259804,0.83998036,Hard
2682,0,0,0.60673493,True,0,0.72820944,True,0,0.859667,True,0.9659327,0.51691025,0.9076731,Easy
2683,1,1,0.53497255,True,1,0.86158663,True,1,0.933761,True,0.96333873,0.49746367,0.8730843,Easy
2684,1,0,0.53221846,False,0,0.5311942,False,1,0.54382074,True,0.965868,0.5235096,0.890988,Graph_Only
2685,0,1,0.5275148,False,1,0.76676965,False,1,0.8372159,False,0.96515656,0.50391537,0.7923361,Hard
2686,1,1,0.50377524,True,1,0.6812249,True,1,0.9302217,True,0.9653983,0.51064044,0.89477444,Easy
2687,0,0,0.5397164,True,0,0.9424035,True,0,0.99903214,True,0.9635537,0.52078295,0.832364,Easy
2688,1,1,0.51581794,True,1,0.9677582,True,1,0.98668253,True,0.9616813,0.50097436,0.8417443,Easy
2689,0,0,0.60926765,True,1,0.5580781,False,1,0.6957518,False,0.96307886,0.51345676,0.90085423,Hard
2690,0,0,0.54093003,True,0,0.92110753,True,0,0.9976661,True,0.9683449,0.5236061,0.81960326,Easy
2691,0,0,0.5586268,True,0,0.89304155,True,0,0.93992525,True,0.9672632,0.52599937,0.739701,Easy
2692,1,1,0.53062713,True,1,0.9408065,True,1,0.9953649,True,0.961782,0.50085604,0.8158779,Easy
2693,0,0,0.6889316,True,0,0.707138,True,0,0.94092596,True,0.9671592,0.51356894,0.88997585,Easy
2694,1,1,0.5183341,True,1,0.9580699,True,1,0.98994875,True,0.9585187,0.5048922,0.8215853,Easy
2695,0,0,0.6398306,True,0,0.7938251,True,0,0.97860366,True,0.9697257,0.5273906,0.9095878,Easy
2696,1,0,0.5605499,False,1,0.5286727,True,0,0.6637132,False,0.96612716,0.51890457,0.8607416,Text_Only
2697,0,0,0.6822135,True,1,0.5079225,False,0,0.7764862,True,0.9688132,0.5106285,0.0,Graph_Only
2698,1,0,0.52486783,False,1,0.6589747,True,1,0.7570843,True,0.96447027,0.52002287,0.821895,Easy
2699,0,0,0.54067683,True,1,0.5107168,False,0,0.6430288,True,0.967797,0.5164801,0.0,Graph_Only
2700,1,0,0.50049686,False,1,0.82574034,True,1,0.9811459,True,0.9654836,0.5074619,0.8292134,Easy
2701,0,0,0.5941773,True,0,0.93759215,True,0,0.98030144,True,0.96645486,0.5238518,0.9106332,Easy
2702,1,0,0.5111781,False,1,0.91456085,True,1,0.9888418,True,0.9615115,0.5072994,0.8404746,Easy
2703,1,1,0.5122497,True,1,0.7809437,True,1,0.93739897,True,0.96477205,0.5049407,0.78057104,Easy
2704,1,0,0.50803167,False,1,0.592827,True,1,0.8316022,True,0.96504545,0.51042765,0.9301861,Easy
2705,0,0,0.57351905,True,0,0.53429514,True,1,0.5904756,False,0.9699853,0.5105045,0.8978791,Text_Only
2706,0,0,0.6554311,True,1,0.60665673,False,0,0.8552736,True,0.9687021,0.5136698,0.88216007,Graph_Only
2707,0,0,0.6427652,True,0,0.7300194,True,0,0.99243826,True,0.96511054,0.5110411,0.88389355,Easy
2708,1,0,0.6162976,False,0,0.73563576,False,0,0.6293292,False,0.96657777,0.5200128,0.9321501,Hard
2709,1,1,0.5089369,True,1,0.92101246,True,1,0.97489107,True,0.96406806,0.49787927,0.7999011,Easy
2710,1,1,0.52546686,True,1,0.8879566,True,1,0.9587205,True,0.96685123,0.5003193,0.8118365,Easy
2711,1,1,0.5154143,True,1,0.96748024,True,1,0.9943111,True,0.9580611,0.5028536,0.8112773,Easy
2712,0,0,0.5876603,True,0,0.88431793,True,0,0.99060506,True,0.96852887,0.5158621,0.9037338,Easy
2713,1,1,0.50687087,True,1,0.9096148,True,1,0.9556881,True,0.96138656,0.50088274,0.815701,Easy
2714,1,1,0.5351873,True,1,0.9610214,True,1,0.994456,True,0.9620871,0.49697098,0.9026922,Easy
2715,0,0,0.6293265,True,0,0.62286437,True,0,0.95300245,True,0.968104,0.52453226,0.7916978,Easy
2716,1,0,0.5476084,False,0,0.77294385,False,0,0.830955,False,0.97069263,0.52794695,0.7731594,Hard
2717,1,0,0.5398645,False,1,0.5950617,True,1,0.8863617,True,0.9662137,0.5116822,0.8809403,Easy
2718,1,0,0.5260997,False,1,0.7470484,True,1,0.9323833,True,0.9702121,0.5106598,0.8453307,Easy
2719,1,0,0.5250175,False,0,0.67630494,False,0,0.7056359,False,0.96943367,0.51961786,0.8044162,Hard
2720,1,1,0.522126,True,1,0.957256,True,1,0.994859,True,0.95886177,0.5111207,0.81180143,Easy
2721,1,0,0.5513559,False,1,0.6351582,True,1,0.8552965,True,0.9675839,0.5095921,0.82200384,Easy
2722,1,0,0.5008585,False,1,0.83704966,True,1,0.9713597,True,0.9614933,0.51011646,0.815101,Easy
2723,1,0,0.6247638,False,1,0.5808575,True,1,0.5634371,True,0.96770227,0.5094359,0.8637215,Easy
2724,0,0,0.6872942,True,0,0.5959491,True,0,0.91081166,True,0.9680165,0.51234186,0.9150661,Easy
2725,0,0,0.5518474,True,0,0.8699459,True,0,0.9795529,True,0.97125494,0.5178835,0.856783,Easy
2726,0,0,0.5171016,True,0,0.50626487,True,1,0.76003665,False,0.9725789,0.51356745,0.8901715,Text_Only
2727,0,0,0.6644441,True,0,0.7674146,True,0,0.95523703,True,0.9674504,0.5212641,0.86885625,Easy
2728,0,0,0.5515037,True,0,0.8916546,True,0,0.9928254,True,0.9676118,0.5175727,0.85018015,Easy
2729,0,0,0.59264684,True,0,0.9278252,True,0,0.9984548,True,0.9642954,0.5201358,0.88966507,Easy
2730,0,1,0.544742,False,1,0.8099286,False,1,0.929348,False,0.96610993,0.5061032,0.80042446,Hard
2731,0,0,0.5971599,True,0,0.8530012,True,0,0.99846184,True,0.9651569,0.5177175,0.91221595,Easy
2732,1,0,0.50256324,False,0,0.6436902,False,1,0.74964714,True,0.96870786,0.5195179,0.76075363,Graph_Only
2733,0,0,0.60569334,True,0,0.8812447,True,0,0.9871884,True,0.96621037,0.5194901,0.8735757,Easy
2734,1,0,0.5609736,False,0,0.8593471,False,0,0.5361353,False,0.97086966,0.52984685,0.7766329,Hard
2735,0,0,0.60467863,True,0,0.88501656,True,0,0.9942316,True,0.96462405,0.5253796,0.7809396,Easy
2736,1,0,0.50938725,False,1,0.6369894,True,1,0.9070453,True,0.96602,0.5103564,0.8768548,Easy
2737,0,0,0.6678364,True,0,0.55882716,True,0,0.825075,True,0.96502185,0.51646,0.92477345,Easy
2738,1,0,0.5076068,False,1,0.7986566,True,1,0.9690508,True,0.9652005,0.49951228,0.87097347,Easy
2739,1,1,0.5116932,True,1,0.8572864,True,1,0.9899685,True,0.962422,0.5179958,0.7777673,Easy
2740,1,0,0.64119655,False,1,0.66981685,True,0,0.64700323,False,0.9668194,0.5098942,0.7906233,Text_Only
2741,1,0,0.5037339,False,0,0.6480814,False,1,0.8430995,True,0.9669744,0.5176896,0.85777813,Graph_Only
2742,1,1,0.52684414,True,1,0.86827266,True,1,0.98347545,True,0.9639575,0.5132073,0.83373046,Easy
2743,1,0,0.521206,False,1,0.8370429,True,1,0.9270385,True,0.96596575,0.50100684,0.8938719,Easy
2744,0,0,0.6645898,True,1,0.54110134,False,0,0.98508704,True,0.9647282,0.5120356,0.8765625,Graph_Only
2745,0,0,0.51920617,True,1,0.7621071,False,1,0.77254355,False,0.9666158,0.50659573,0.79365975,Hard
2746,0,0,0.6019278,True,0,0.83260727,True,0,0.97945213,True,0.9686297,0.5234457,0.76757824,Easy
2747,0,0,0.5403643,True,1,0.8942322,False,1,0.72397727,False,0.9658519,0.49284163,0.84719133,Hard
2748,0,0,0.58550423,True,0,0.66946745,True,0,0.59096944,True,0.9706095,0.5171831,0.89534307,Easy
2749,1,1,0.53880775,True,1,0.8924571,True,1,0.9918213,True,0.9636781,0.5110969,0.86363447,Easy
2750,0,0,0.5954478,True,0,0.85689133,True,0,0.9906178,True,0.9659499,0.5229733,0.87824965,Easy
2751,1,1,0.53910494,True,1,0.7139627,True,1,0.6966929,True,0.9702422,0.5067518,0.80376065,Easy
2752,1,1,0.52113926,True,1,0.8527172,True,1,0.98564583,True,0.9655745,0.51635486,0.8479563,Easy
2753,0,0,0.60481834,True,0,0.8654264,True,0,0.9298733,True,0.9708898,0.5257586,0.7561418,Easy
2754,0,0,0.5215807,True,1,0.8292249,False,1,0.52438664,False,0.96896607,0.50411296,0.78265584,Hard
2755,0,0,0.53721005,True,1,0.6871844,False,0,0.7589991,True,0.966783,0.5017054,0.9073403,Graph_Only
2756,1,0,0.5187816,False,1,0.7563519,True,1,0.9930447,True,0.96895385,0.5081989,0.79544955,Easy
2757,1,1,0.5076672,True,1,0.6448884,True,1,0.96721286,True,0.96458864,0.51511663,0.7678252,Easy
2758,1,1,0.51274246,True,1,0.8265074,True,1,0.95430344,True,0.9635724,0.5166546,0.88268185,Easy
2759,1,0,0.5825826,False,1,0.5191553,True,0,0.7076896,False,0.96939445,0.51465505,0.8002939,Text_Only
2760,1,0,0.57073563,False,1,0.5152824,True,0,0.5022189,False,0.96596766,0.51427287,0.86635673,Text_Only
2761,0,0,0.5953083,True,0,0.90877634,True,0,0.92419,True,0.96969295,0.52794486,0.74225414,Easy
2762,0,1,0.5118891,False,0,0.5509986,True,0,0.50550413,True,0.96824276,0.5201621,0.8207893,Easy
2763,1,0,0.5247571,False,1,0.70669717,True,1,0.9071987,True,0.9696853,0.5046332,0.8216977,Easy
2764,0,0,0.66663617,True,0,0.7060997,True,0,0.95746845,True,0.9664228,0.5173888,0.7943711,Easy
2765,0,0,0.63781995,True,0,0.76993287,True,0,0.9811096,True,0.96719104,0.5177272,0.90665764,Easy
2766,1,1,0.5544941,True,1,0.8949128,True,1,0.99087864,True,0.9644444,0.5094442,0.78743184,Easy
2767,1,1,0.5025339,True,1,0.5795441,True,0,0.5195406,False,0.96775544,0.512038,0.8362402,Text_Only
2768,0,0,0.5993752,True,0,0.8762634,True,0,0.99824893,True,0.96617323,0.5166218,0.89804506,Easy
2769,1,0,0.65464395,False,1,0.5255021,True,0,0.5097906,False,0.9674381,0.5136549,0.83925474,Text_Only
2770,0,0,0.51935524,True,1,0.8142247,False,1,0.53479064,False,0.9649987,0.5068229,0.80592054,Hard
2771,1,1,0.53752863,True,1,0.9287124,True,1,0.99232084,True,0.9653021,0.50265914,0.80519074,Easy
2772,1,1,0.5163098,True,1,0.8017341,True,1,0.98160535,True,0.96577156,0.5040128,0.8815208,Easy
2773,0,0,0.5807671,True,0,0.91798604,True,0,0.9985629,True,0.9646673,0.5201559,0.8955194,Easy
2774,1,1,0.57842684,True,1,0.7327692,True,1,0.9647785,True,0.96713096,0.5158576,0.76234806,Easy
2775,0,0,0.63780195,True,1,0.5270796,False,1,0.686828,False,0.968843,0.5104918,0.9094931,Hard
2776,1,1,0.54428077,True,1,0.956961,True,1,0.99669826,True,0.96026933,0.50454366,0.79780626,Easy
2777,1,1,0.5175777,True,1,0.7981081,True,1,0.97976124,True,0.9664352,0.5040126,0.8250493,Easy
2778,0,0,0.62383515,True,0,0.85687774,True,0,0.9569011,True,0.9684854,0.52978,0.7970344,Easy
2779,0,0,0.58233863,True,0,0.63350517,True,0,0.61271983,True,0.9724294,0.5194956,0.7108716,Easy
2780,1,0,0.5960836,False,0,0.68859786,False,1,0.8549881,True,0.9693919,0.51354796,0.7745161,Graph_Only
2781,0,0,0.6789814,True,0,0.7308833,True,0,0.94115216,True,0.96952397,0.5150961,0.8841678,Easy
2782,1,0,0.5448797,False,1,0.66839105,True,1,0.8367353,True,0.9702214,0.50182354,0.8761076,Easy
2783,1,0,0.51552606,False,1,0.8950923,True,1,0.97150886,True,0.9610198,0.50628936,0.875051,Easy
2784,1,1,0.5406522,True,0,0.50271803,False,1,0.7743343,True,0.9707838,0.5119368,0.83702946,Graph_Only
2785,0,0,0.57245266,True,0,0.95155776,True,0,0.9972742,True,0.9640147,0.528569,0.8921045,Easy
2786,0,0,0.5728737,True,0,0.9574618,True,0,0.999231,True,0.9634131,0.5230328,0.91782606,Easy
2787,1,0,0.511182,False,1,0.7218415,True,1,0.89272904,True,0.96593,0.5095446,0.8892634,Easy
2788,1,0,0.5146692,False,0,0.5476123,False,1,0.98372483,True,0.9702265,0.51219547,0.82140124,Graph_Only
2789,1,0,0.5078266,False,1,0.7053226,True,1,0.8764381,True,0.96964145,0.503391,0.8067969,Easy
2790,1,1,0.5046363,True,1,0.92467815,True,1,0.9923698,True,0.9600482,0.50664955,0.86587864,Easy
2791,1,0,0.5834653,False,1,0.64985937,True,1,0.78519285,True,0.9695375,0.5102887,0.80461574,Easy
2792,0,0,0.5449902,True,1,0.75983006,False,0,0.56317294,True,0.9648222,0.50214684,0.9231546,Graph_Only
2793,0,0,0.530961,True,1,0.7377322,False,1,0.8505816,False,0.9658804,0.50873995,0.8054242,Hard
2794,0,0,0.5815827,True,0,0.9427792,True,0,0.9984675,True,0.9654908,0.52451265,0.913411,Easy
2795,0,0,0.59213245,True,0,0.8617161,True,0,0.9832028,True,0.96459496,0.5186644,0.76705027,Easy
2796,0,1,0.5711483,False,1,0.552909,False,1,0.5098717,False,0.96551895,0.51699245,0.79698133,Hard
2797,1,1,0.50157964,True,1,0.84270436,True,1,0.9621923,True,0.9621221,0.51131237,0.87079966,Easy
2798,0,0,0.61675626,True,0,0.5112453,True,1,0.56523424,False,0.96584153,0.5182256,0.8871501,Text_Only
2799,1,0,0.5152021,False,1,0.79051095,True,1,0.9412293,True,0.96658534,0.5096048,0.765453,Easy
2800,1,1,0.53189903,True,1,0.87312263,True,1,0.9402949,True,0.96521765,0.49808675,0.82109225,Easy
2801,0,0,0.5369717,True,1,0.77777904,False,1,0.63941604,False,0.96537256,0.5048552,0.84738505,Hard
2802,0,0,0.65796226,True,1,0.5281512,False,0,0.99479264,True,0.96673846,0.5035195,0.8840595,Graph_Only
2803,0,0,0.50959235,True,1,0.89502966,False,1,0.747522,False,0.9618834,0.50157744,0.91609454,Hard
2804,1,0,0.5046769,False,1,0.84835654,True,1,0.96973026,True,0.9638076,0.50280654,0.8727103,Easy
2805,0,0,0.6127988,True,0,0.8573884,True,0,0.996781,True,0.9665333,0.5138256,0.8978969,Easy
2806,1,1,0.54221725,True,1,0.9208863,True,1,0.9940859,True,0.96081895,0.50902957,0.91139024,Easy
2807,1,0,0.50710785,False,1,0.7714475,True,1,0.7976939,True,0.96841586,0.5014432,0.8033509,Easy
2808,1,1,0.53209376,True,1,0.97854185,True,1,0.9988655,True,0.9577316,0.49797693,0.83705497,Easy
2809,1,1,0.5182204,True,0,0.58065426,False,1,0.93477374,True,0.96682346,0.5133934,0.93723875,Graph_Only
2810,1,1,0.5094216,True,1,0.75375944,True,1,0.94796646,True,0.96534777,0.51291585,0.7928785,Easy
2811,0,0,0.62356967,True,0,0.8848199,True,0,0.9918217,True,0.96760654,0.51745397,0.9251883,Easy
2812,0,0,0.60596204,True,0,0.86834985,True,0,0.9957236,True,0.9643414,0.5230015,0.8859544,Easy
2813,0,0,0.70914125,True,0,0.5211978,True,0,0.9607357,True,0.96566474,0.51509476,0.92140293,Easy
2814,1,1,0.52862394,True,1,0.8971,True,1,0.98587847,True,0.9658117,0.49885887,0.9143616,Easy
2815,1,0,0.5074879,False,1,0.7750178,True,1,0.85763663,True,0.9685673,0.5013583,0.8066162,Easy
2816,1,0,0.5042436,False,1,0.92697805,True,1,0.9854946,True,0.9655409,0.49806905,0.76533234,Easy
2817,1,1,0.51498985,True,1,0.6074185,True,1,0.97325677,True,0.967554,0.5123079,0.8664265,Easy
2818,0,0,0.53084224,True,0,0.62176716,True,0,0.59520704,True,0.9673567,0.52325714,0.77959526,Easy
2819,0,0,0.60669243,True,0,0.69308746,True,0,0.9625667,True,0.96733814,0.516059,0.8596959,Easy
2820,1,1,0.5223064,True,1,0.94277287,True,1,0.99774337,True,0.96051514,0.5071499,0.8867525,Easy
2821,1,1,0.51754314,True,1,0.8525088,True,1,0.98203397,True,0.96577835,0.50098145,0.8010987,Easy
2822,1,0,0.6430466,False,0,0.520154,False,0,0.67825663,False,0.96832633,0.5089114,0.8377378,Hard
2823,0,0,0.5405241,True,0,0.87985224,True,0,0.9971999,True,0.96902645,0.52191323,0.85427195,Easy
2824,0,0,0.6090162,True,0,0.8744424,True,0,0.9977431,True,0.96497464,0.52160466,0.928955,Easy
2825,1,0,0.5709345,False,1,0.66952646,True,0,0.7479128,False,0.96771705,0.5095274,0.78166497,Text_Only
2826,1,0,0.529965,False,1,0.8828796,True,1,0.89865947,True,0.9647852,0.5020848,0.7855828,Easy
2827,1,0,0.56035244,False,1,0.58377945,True,0,0.5233747,False,0.96738535,0.51036555,0.8395759,Text_Only
2828,1,1,0.5122707,True,1,0.6444879,True,1,0.96259993,True,0.9666977,0.51613677,0.8092202,Easy
2829,0,0,0.6326253,True,0,0.83235395,True,0,0.97105557,True,0.9672981,0.52218527,0.9064119,Easy
2830,0,0,0.6327798,True,0,0.8077331,True,0,0.9748078,True,0.9668633,0.51701796,0.8801844,Easy
2831,1,1,0.5449546,True,1,0.8554013,True,1,0.9813306,True,0.96572375,0.50154585,0.87192726,Easy
2832,0,0,0.5442768,True,0,0.9194703,True,0,0.9264391,True,0.9665884,0.52937335,0.76127774,Easy
2833,1,0,0.5663048,False,1,0.8745635,True,1,0.78986603,True,0.96407795,0.50025034,0.7886831,Easy
2834,1,0,0.548504,False,1,0.8089138,True,1,0.8088958,True,0.9648932,0.49883395,0.9095188,Easy
2835,0,0,0.59890366,True,0,0.85396314,True,0,0.9729783,True,0.9672181,0.5230643,0.7609372,Easy
2836,0,0,0.5692593,True,0,0.84628606,True,0,0.9196006,True,0.96908677,0.52764434,0.8069304,Easy
2837,0,1,0.56035686,False,1,0.545862,False,0,0.705842,True,0.9670575,0.5222155,0.8620435,Graph_Only
2838,1,0,0.5843222,False,0,0.67278576,False,1,0.794521,True,0.9678963,0.5132806,0.89113945,Graph_Only
2839,0,0,0.66583407,True,1,0.7959937,False,0,0.924859,True,0.9668273,0.50209475,0.8528137,Graph_Only
2840,0,0,0.6353032,True,0,0.61397016,True,0,0.74584615,True,0.9696819,0.5178078,0.8111553,Easy
2841,1,1,0.52355295,True,1,0.9427154,True,1,0.99368423,True,0.96279603,0.5011966,0.814608,Easy
2842,0,0,0.5699416,True,1,0.8475537,False,0,0.87503356,True,0.9627453,0.49629685,0.9124725,Graph_Only
2843,0,0,0.64488906,True,0,0.7804052,True,0,0.9854429,True,0.96583974,0.51603734,0.91003656,Easy
2844,0,0,0.5653088,True,0,0.8406431,True,0,0.99247414,True,0.9685581,0.5188943,0.77600944,Easy
2845,0,0,0.6149623,True,0,0.75980026,True,0,0.97447544,True,0.97174466,0.52965224,0.7075821,Easy
2846,1,0,0.53840196,False,0,0.6099214,False,1,0.95915157,True,0.96744287,0.5200132,0.79272884,Graph_Only
2847,1,1,0.50386703,True,1,0.7891034,True,1,0.8949663,True,0.96476763,0.5138296,0.77600104,Easy
2848,1,1,0.54963106,True,1,0.845847,True,1,0.9436148,True,0.96743,0.5037965,0.82153285,Easy
2849,0,0,0.62002385,True,0,0.6428055,True,0,0.99286085,True,0.9676926,0.51357675,0.7716572,Easy
2850,1,1,0.5050387,True,1,0.92043316,True,1,0.9909696,True,0.96000266,0.5028801,0.88400936,Easy
2851,0,0,0.6075386,True,0,0.7453062,True,0,0.9797506,True,0.9682405,0.5204609,0.6901076,Easy
2852,0,0,0.54719824,True,1,0.6183477,False,1,0.69830775,False,0.96511024,0.51207435,0.94553113,Hard
2853,1,0,0.5032572,False,1,0.9758118,True,1,0.9969035,True,0.9576913,0.5004447,0.8075369,Easy
2854,1,0,0.5929166,False,0,0.7914069,False,1,0.54655147,True,0.9704418,0.5127049,0.8874943,Graph_Only
2855,0,0,0.5239153,True,1,0.7663366,False,1,0.7997378,False,0.9649186,0.5046434,0.8237251,Hard
2856,1,1,0.5046894,True,1,0.6507331,True,1,0.55639726,True,0.96769625,0.5123053,0.8110458,Easy
2857,1,1,0.5030466,True,1,0.8539605,True,1,0.6219128,True,0.96929693,0.50119036,0.8523761,Easy
2858,1,1,0.5074139,True,1,0.8958174,True,1,0.9519044,True,0.9666207,0.5024104,0.8593888,Easy
2859,0,0,0.66717225,True,0,0.5601027,True,0,0.7693306,True,0.9688393,0.5121766,0.89640725,Easy
2860,1,0,0.51754934,False,1,0.8706121,True,1,0.95990765,True,0.96177363,0.5120732,0.82282174,Easy
2861,0,0,0.5986011,True,0,0.8756319,True,0,0.9918876,True,0.9657444,0.52646637,0.81432974,Easy
2862,1,0,0.5164313,False,0,0.60663885,False,1,0.9660729,True,0.9705896,0.5204622,0.77078354,Graph_Only
2863,1,1,0.53679544,True,1,0.8563689,True,1,0.94173867,True,0.97040915,0.50853586,0.70461094,Easy
2864,1,0,0.5000883,False,1,0.51930195,True,1,0.9787443,True,0.9667556,0.5242728,0.7227999,Easy
2865,1,1,0.5094797,True,0,0.50134397,False,1,0.65015197,True,0.96742123,0.5192435,0.8496171,Graph_Only
2866,1,1,0.52118343,True,1,0.7485373,True,1,0.9751601,True,0.9681696,0.5042379,0.9066667,Easy
2867,1,1,0.5339005,True,1,0.7196721,True,1,0.96582276,True,0.96382535,0.51345015,0.84076846,Easy
2868,1,0,0.58644646,False,1,0.55013466,True,1,0.64163023,True,0.96899116,0.51210105,0.829568,Easy
2869,1,0,0.60419035,False,0,0.6524699,False,1,0.51004523,True,0.96521705,0.5210185,0.86411405,Graph_Only
2870,1,1,0.56268406,True,0,0.5429128,False,1,0.97429895,True,0.9696661,0.5167781,0.8296636,Graph_Only
2871,0,0,0.5574412,True,0,0.56119734,True,0,0.5333844,True,0.9713243,0.51934534,0.84531796,Easy
2872,1,0,0.5048316,False,1,0.89126194,True,1,0.9858701,True,0.9658039,0.4988072,0.79657805,Easy
2873,1,0,0.5206388,False,1,0.82766014,True,1,0.9815559,True,0.9636393,0.50294363,0.8569049,Easy
2874,0,0,0.6576314,True,0,0.7109963,True,0,0.7441755,True,0.9680275,0.51667106,0.90300155,Easy
2875,0,0,0.6182374,True,0,0.7849744,True,0,0.8152821,True,0.96936655,0.52344775,0.91677296,Easy
2876,0,0,0.59812313,True,0,0.81896085,True,0,0.85542345,True,0.9705273,0.5260201,0.79470885,Easy
2877,1,1,0.56142926,True,1,0.8325825,True,1,0.99169004,True,0.9665799,0.51364315,0.8239703,Easy
2878,1,0,0.58961225,False,0,0.8518091,False,1,0.6787972,True,0.96999896,0.5252786,0.932508,Graph_Only
2879,0,0,0.5519595,True,0,0.7252053,True,0,0.7436264,True,0.97462034,0.5249184,0.80383587,Easy
2880,0,0,0.56862664,True,0,0.96663284,True,0,0.9916135,True,0.9659085,0.5265529,0.8919698,Easy
2881,1,0,0.51397353,False,0,0.8653697,False,1,0.88171035,True,0.97178566,0.5229559,0.9415985,Graph_Only
2882,1,0,0.6314521,False,0,0.61593544,False,0,0.639819,False,0.96955854,0.5229144,0.87992746,Hard
2883,0,0,0.6160532,True,0,0.6204598,True,0,0.82425743,True,0.971824,0.52181256,0.9265076,Easy
2884,1,1,0.50896645,True,1,0.8432912,True,1,0.96402943,True,0.96500957,0.5057664,0.8502449,Easy
2885,1,0,0.5240224,False,0,0.6701548,False,1,0.8096947,True,0.96652615,0.51695067,0.7176191,Graph_Only
2886,1,0,0.5354463,False,0,0.6860752,False,1,0.53501445,True,0.9742625,0.5128696,0.8333474,Graph_Only
2887,1,0,0.5775144,False,1,0.6497982,True,0,0.57359487,False,0.96921265,0.51180935,0.896875,Text_Only
2888,1,1,0.54694295,True,1,0.8666075,True,1,0.9721138,True,0.96632504,0.49919274,0.8710244,Easy
2889,1,1,0.53499615,True,1,0.7074827,True,1,0.9570431,True,0.9638252,0.5153663,0.8535367,Easy
2890,0,0,0.6407952,True,1,0.6286968,False,0,0.67659897,True,0.97136664,0.5059158,0.85176337,Graph_Only
2891,0,0,0.62795436,True,0,0.79997236,True,0,0.9137902,True,0.9700601,0.52717286,0.94037783,Easy
2892,1,0,0.5860656,False,0,0.8627385,False,0,0.7762272,False,0.97261596,0.521951,0.759663,Hard
2893,1,1,0.52064985,True,1,0.9116881,True,1,0.99210644,True,0.9653705,0.50002587,0.84628034,Easy
2894,0,0,0.60015965,True,0,0.8337034,True,0,0.95588666,True,0.9713031,0.52491784,0.77623045,Easy
2895,0,0,0.5957084,True,0,0.8760315,True,0,0.99637306,True,0.9665028,0.5173058,0.8782844,Easy
2896,1,1,0.5478896,True,1,0.60854423,True,1,0.9882995,True,0.9685743,0.52023757,0.8232535,Easy
2897,1,0,0.5146668,False,1,0.75251347,True,1,0.9560575,True,0.9719001,0.50489646,0.7154566,Easy
2898,0,0,0.57838196,True,0,0.78164893,True,0,0.8154484,True,0.97184724,0.52637446,0.9196502,Easy
2899,1,0,0.5969153,False,0,0.8774671,False,0,0.9306127,False,0.9702618,0.5282302,0.8314445,Hard
2900,0,0,0.5670739,True,0,0.9772465,True,0,0.99222213,True,0.9647666,0.52969813,0.9094511,Easy
2901,0,0,0.753855,True,1,0.52756417,False,0,0.8870945,True,0.9668378,0.5155735,0.8691421,Graph_Only
2902,1,1,0.50829196,True,1,0.8051987,True,1,0.9685593,True,0.96377504,0.50250757,0.902387,Easy
2903,1,1,0.54481477,True,1,0.9309217,True,1,0.9955193,True,0.96196383,0.5127298,0.8734646,Easy
2904,0,1,0.555328,False,1,0.8499129,False,1,0.82138187,False,0.96923023,0.50724316,0.70158255,Hard
2905,0,0,0.6032068,True,0,0.84996784,True,0,0.88730395,True,0.9733269,0.5283201,0.8335941,Easy
2906,0,0,0.6175756,True,1,0.52041733,False,0,0.83653414,True,0.9709244,0.5203414,0.87173593,Graph_Only
2907,0,0,0.5797072,True,0,0.87658876,True,0,0.7983528,True,0.9693965,0.5246164,0.0,Easy
2908,1,0,0.5095667,False,1,0.6469414,True,1,0.81136227,True,0.97055674,0.5033929,0.76207185,Easy
2909,1,0,0.5119049,False,1,0.71083087,True,1,0.8721966,True,0.9642829,0.5072207,0.0,Easy
2910,0,0,0.6413513,True,0,0.7476441,True,0,0.83541155,True,0.9719309,0.5209903,0.93229413,Easy
2911,0,0,0.605158,True,0,0.92666644,True,0,0.9449075,True,0.9683,0.52327776,0.8935015,Easy
2912,0,0,0.6250996,True,0,0.7923118,True,0,0.9006758,True,0.96888936,0.5197895,0.0,Easy
2913,1,0,0.5144345,False,1,0.7881178,True,1,0.8046757,True,0.96883094,0.49880216,0.8787038,Easy
2914,0,0,0.6006935,True,0,0.8748401,True,0,0.960496,True,0.96957195,0.5251171,0.0,Easy
2915,1,0,0.6142223,False,0,0.66006255,False,1,0.52180004,True,0.970959,0.5179009,0.84952897,Graph_Only
2916,0,0,0.5646888,True,0,0.9377549,True,0,0.93520766,True,0.97027373,0.53491986,0.7921286,Easy
2917,1,1,0.534984,True,1,0.8122611,True,1,0.904322,True,0.9668978,0.50566065,0.8107023,Easy
2918,1,1,0.5338032,True,1,0.95234704,True,1,0.99182546,True,0.9638494,0.5061475,0.8414129,Easy
2919,0,0,0.59458137,True,0,0.87006474,True,0,0.9855457,True,0.97159445,0.52489483,0.8330686,Easy
2920,1,1,0.53411305,True,1,0.69114035,True,1,0.89452255,True,0.968487,0.5048526,0.7789084,Easy
2921,0,0,0.566224,True,0,0.9360784,True,0,0.95839775,True,0.97007453,0.5282132,0.8200917,Easy
2922,1,1,0.5523562,True,1,0.74026084,True,1,0.9424164,True,0.96510583,0.50918835,0.81194973,Easy
2923,1,1,0.5121967,True,1,0.96115595,True,1,0.9955,True,0.95910597,0.51022565,0.8600681,Easy
2924,0,0,0.61020005,True,0,0.8370603,True,0,0.9400909,True,0.9653938,0.5226397,0.0,Easy
2925,1,1,0.56401193,True,1,0.8424872,True,1,0.9732857,True,0.96259314,0.514774,0.8655772,Easy
2926,0,0,0.7669637,True,0,0.54358065,True,0,0.9086094,True,0.96827924,0.51327837,0.0,Easy
2927,0,0,0.57141906,True,0,0.8463235,True,0,0.93849194,True,0.968029,0.52496797,0.7155479,Easy
2928,0,0,0.5728345,True,0,0.8805214,True,1,0.5377475,False,0.9694195,0.52083486,0.88712347,Text_Only
2929,0,0,0.5914325,True,0,0.8906563,True,0,0.8114137,True,0.9702794,0.52537006,0.8790268,Easy
2930,1,0,0.54665756,False,0,0.9112929,False,1,0.6114916,True,0.97120225,0.52473944,0.9226666,Graph_Only
2931,1,1,0.5564632,True,1,0.8193319,True,1,0.94385123,True,0.964942,0.50185025,0.0,Easy
2932,0,0,0.60475606,True,0,0.84065664,True,0,0.90596783,True,0.9711851,0.522194,0.89997655,Easy
2933,0,0,0.61354995,True,0,0.77144414,True,0,0.8250669,True,0.97110736,0.5226468,0.9263253,Easy
2934,0,0,0.6211312,True,0,0.6275631,True,0,0.7498729,True,0.97189665,0.5212292,0.92426074,Easy
2935,0,0,0.58286625,True,0,0.8537214,True,0,0.87749076,True,0.97265065,0.5264043,0.7757539,Easy
2936,1,0,0.6565646,False,0,0.6964955,False,0,0.865741,False,0.96696067,0.5147779,0.9045753,Hard
2937,0,0,0.61306155,True,0,0.8257233,True,0,0.78821486,True,0.96929395,0.52472925,0.9246723,Easy
2938,0,0,0.6139619,True,0,0.7454588,True,0,0.5487417,True,0.9706604,0.5255248,0.8191347,Easy
2939,0,0,0.57324934,True,0,0.5546897,True,0,0.767013,True,0.9716462,0.5129188,0.7853816,Easy
2940,1,1,0.5199958,True,0,0.5896176,False,1,0.6488037,True,0.970646,0.5228621,0.8455858,Graph_Only
2941,0,0,0.6003789,True,0,0.9250817,True,0,0.914764,True,0.96937615,0.5314343,0.7749181,Easy
2942,1,0,0.5047925,False,0,0.5045364,False,0,0.56024987,False,0.9712448,0.5152821,0.8464563,Hard
2943,0,1,0.524488,False,1,0.6103336,False,0,0.5993431,True,0.96853876,0.5136815,0.0,Graph_Only
2944,1,0,0.5081553,False,0,0.84479624,False,1,0.9267137,True,0.9740019,0.5218483,0.91275036,Graph_Only
2945,1,0,0.50163096,False,1,0.7939755,True,1,0.91259146,True,0.96686804,0.5077894,0.9153744,Easy
2946,1,0,0.58678925,False,1,0.60861504,True,1,0.7725324,True,0.9668695,0.5135517,0.8770577,Easy
2947,1,0,0.54999435,False,0,0.98127997,False,0,0.8521758,False,0.96477866,0.53595424,0.88643336,Hard
2948,0,0,0.54924905,True,0,0.9577024,True,0,0.9915882,True,0.9674442,0.5273232,0.0,Easy
2949,0,0,0.6938228,True,0,0.53513026,True,0,0.8356638,True,0.9662811,0.52253145,0.8092966,Easy
2950,1,0,0.64245826,False,0,0.7518115,False,0,0.8740393,False,0.9664962,0.52200013,0.8917943,Hard
2951,0,0,0.6083585,True,0,0.7109269,True,0,0.69643646,True,0.97016954,0.5224085,0.91828144,Easy
2952,1,1,0.5088209,True,1,0.8571583,True,1,0.97891873,True,0.962199,0.51027226,0.8476651,Easy
2953,0,0,0.688944,True,0,0.6213306,True,0,0.90667766,True,0.96910536,0.51940155,0.0,Easy
2954,1,0,0.62133527,False,1,0.5569634,True,1,0.68728125,True,0.9650137,0.5202282,0.90387726,Easy
2955,0,1,0.5440818,False,0,0.580806,True,0,0.5337073,True,0.9688823,0.52790254,0.8150487,Easy
2956,0,0,0.64136255,True,1,0.5722173,False,0,0.6441904,True,0.9668758,0.5111566,0.0,Graph_Only
2957,0,0,0.61012316,True,1,0.7663719,False,0,0.9281783,True,0.9677226,0.5052587,0.87057704,Graph_Only
2958,1,1,0.51584244,True,1,0.666457,True,1,0.9051596,True,0.96874046,0.5023242,0.83391917,Easy
2959,1,0,0.5247509,False,1,0.8140582,True,1,0.8991932,True,0.9675684,0.5027529,0.0,Easy
2960,1,0,0.5621036,False,0,0.58924794,False,1,0.80571187,True,0.9706366,0.5177612,0.91161835,Graph_Only
2961,1,1,0.52591074,True,1,0.8446467,True,1,0.98892725,True,0.96209013,0.512461,0.85092175,Easy
2962,0,0,0.5356467,True,0,0.53988695,True,1,0.57594496,False,0.9688711,0.51602465,0.8803337,Text_Only
2963,1,1,0.5544574,True,0,0.52065736,False,1,0.95012414,True,0.9689132,0.51527,0.8338318,Graph_Only
2964,1,0,0.5773958,False,1,0.53538334,True,1,0.8251246,True,0.96898115,0.518211,0.86920846,Easy
2965,1,0,0.5669072,False,0,0.5588003,False,1,0.7558907,True,0.9702524,0.5163968,0.9054838,Graph_Only
2966,0,0,0.6564685,True,0,0.67583287,True,0,0.5831312,True,0.967739,0.5199959,0.91583145,Easy
2967,1,1,0.5551206,True,1,0.9043859,True,1,0.99213576,True,0.962868,0.50794286,0.8734423,Easy
2968,0,0,0.5728424,True,0,0.9400498,True,0,0.9374894,True,0.96899724,0.5285022,0.8225403,Easy
2969,1,0,0.58062977,False,1,0.5710398,True,1,0.5671644,True,0.96758115,0.5111793,0.9200178,Easy
2970,1,0,0.51780987,False,1,0.7895311,True,1,0.8131479,True,0.9657767,0.49936026,0.0,Easy
2971,0,0,0.6266003,True,0,0.8165898,True,0,0.9339418,True,0.9690472,0.51947325,0.9211806,Easy
2972,1,0,0.6180376,False,0,0.8403402,False,0,0.7778021,False,0.9701908,0.52601486,0.9020885,Hard
2973,0,0,0.58993286,True,0,0.9347579,True,0,0.9770041,True,0.9702365,0.530599,0.7639638,Easy
2974,0,1,0.60422015,False,1,0.67591494,False,1,0.81411976,False,0.9668734,0.5061501,0.90894663,Hard
2975,1,0,0.578451,False,0,0.77226615,False,0,0.77342755,False,0.9707835,0.52322006,0.8714063,Hard
2976,1,1,0.5320401,True,1,0.8469432,True,1,0.976214,True,0.9623729,0.51805466,0.92348915,Easy
2977,0,0,0.5359585,True,1,0.5782946,False,0,0.6598967,True,0.9682243,0.51532274,0.8584864,Graph_Only
2978,0,0,0.6615484,True,0,0.5481591,True,0,0.9105537,True,0.9681071,0.5179524,0.0,Easy
2979,0,0,0.61597025,True,0,0.80866295,True,0,0.9523596,True,0.9725685,0.5248762,0.9151554,Easy
2980,0,0,0.6130764,True,1,0.5995402,False,0,0.56588185,True,0.9706642,0.5070918,0.81199795,Graph_Only
2981,0,0,0.5844731,True,0,0.95183754,True,0,0.9598198,True,0.97068477,0.52801543,0.6751739,Easy
2982,0,0,0.5310053,True,1,0.51866853,False,0,0.61381596,True,0.9701952,0.5182742,0.7551577,Graph_Only
2983,0,0,0.59502554,True,0,0.69179815,True,0,0.79903406,True,0.9727731,0.5221726,0.0,Easy
2984,0,0,0.6334309,True,0,0.7295877,True,0,0.8590127,True,0.96972936,0.5232757,0.81735563,Easy
2985,0,0,0.6456209,True,0,0.7095966,True,0,0.97216773,True,0.97539055,0.51577115,0.78890675,Easy
2986,1,0,0.580502,False,0,0.53909487,False,1,0.7498667,True,0.9709701,0.51628447,0.78662777,Graph_Only
2987,0,0,0.5820913,True,0,0.73566675,True,0,0.7902166,True,0.9732721,0.52582777,0.84469926,Easy
2988,0,0,0.54995596,True,1,0.61585826,False,0,0.57538325,True,0.968552,0.51108223,0.8359482,Graph_Only
2989,1,0,0.51322836,False,0,0.9519329,False,1,0.63911724,True,0.97019565,0.5295797,0.9447279,Graph_Only
2990,0,0,0.58261645,True,0,0.8664046,True,0,0.9575117,True,0.969983,0.52608746,0.0,Easy
2991,0,0,0.59857994,True,0,0.7274892,True,0,0.87275356,True,0.9724026,0.5240592,0.9097129,Easy
2992,1,0,0.5218986,False,0,0.8662336,False,1,0.7066615,True,0.97278184,0.52477235,0.8191347,Graph_Only
2993,1,1,0.52345484,True,1,0.95051223,True,1,0.98134047,True,0.96360886,0.5006716,0.8477613,Easy
2994,0,0,0.56205153,True,0,0.96448463,True,0,0.753771,True,0.96689945,0.5270946,0.9054246,Easy
2995,1,1,0.52388316,True,1,0.848088,True,1,0.9765916,True,0.9662975,0.50197256,0.8110543,Easy
2996,1,1,0.5317293,True,1,0.8640141,True,1,0.9888572,True,0.9626924,0.5134554,0.8666085,Easy
2997,0,0,0.55617595,True,0,0.84070086,True,0,0.87473154,True,0.97199106,0.5243963,0.78179777,Easy
2998,0,0,0.601476,True,0,0.8379862,True,0,0.91552883,True,0.96977687,0.52107507,0.0,Easy
2999,0,0,0.58260447,True,0,0.86305475,True,0,0.9152849,True,0.96969056,0.52622676,0.8097997,Easy
3000,1,0,0.6402548,False,1,0.5021397,True,0,0.56782347,False,0.97139704,0.51109016,0.0,Text_Only
3001,1,1,0.5084861,True,1,0.5847962,True,1,0.9730819,True,0.97116435,0.51492894,0.8414228,Easy
3002,0,0,0.5807471,True,0,0.73323905,True,0,0.7563523,True,0.97049093,0.51370394,0.7922324,Easy
3003,0,0,0.6207725,True,0,0.6631755,True,0,0.79174507,True,0.9718816,0.5207114,0.85767734,Easy
3004,1,1,0.52486724,True,1,0.8921878,True,1,0.98298556,True,0.9642631,0.4996802,0.7932342,Easy
3005,1,1,0.5414392,True,1,0.9170636,True,1,0.9904935,True,0.9646088,0.5091123,0.0,Easy
3006,0,0,0.5521993,True,1,0.86730814,False,1,0.6769022,False,0.96540964,0.49715877,0.0,Hard
3007,0,0,0.64000607,True,0,0.7683705,True,0,0.92331403,True,0.97264254,0.52078074,0.8374237,Easy
3008,0,0,0.6985847,True,0,0.5097784,True,0,0.76242834,True,0.9662127,0.51216125,0.0,Easy
3009,1,1,0.5215578,True,1,0.8904498,True,1,0.9875448,True,0.9612415,0.51693994,0.8049512,Easy
3010,0,0,0.6292316,True,0,0.7641231,True,0,0.8693443,True,0.96733725,0.51750803,0.0,Easy
3011,1,1,0.5004498,True,1,0.86653394,True,1,0.93664545,True,0.9637011,0.5059522,0.87076664,Easy
3012,1,1,0.5343747,True,1,0.9388356,True,1,0.99355125,True,0.96229017,0.49946338,0.8141033,Easy
3013,0,0,0.55904603,True,0,0.98331386,True,0,0.99415743,True,0.96281946,0.53398484,0.79147846,Easy
3014,0,0,0.6033313,True,0,0.85298765,True,0,0.91763973,True,0.9692308,0.528103,0.8816111,Easy
3015,1,0,0.52695507,False,1,0.59232277,True,1,0.9159977,True,0.96711016,0.51164854,0.8994999,Easy
3016,1,0,0.5008338,False,0,0.5482446,False,0,0.71261996,False,0.97415704,0.51786107,0.0,Hard
3017,0,0,0.5419246,True,0,0.98639363,True,0,0.9419063,True,0.9638326,0.53299123,0.85393465,Easy
3018,1,0,0.5611764,False,0,0.9613699,False,0,0.6264774,False,0.96738863,0.5250134,0.859007,Hard
3019,0,0,0.6408507,True,0,0.8409868,True,0,0.98881245,True,0.96647847,0.51719564,0.91689175,Easy
3020,0,1,0.5448623,False,1,0.69250125,False,0,0.5028772,True,0.9680803,0.5077317,0.0,Graph_Only
3021,1,0,0.5497456,False,1,0.80348504,True,1,0.6446559,True,0.9646027,0.5026777,0.84644556,Easy
3022,0,0,0.503543,True,1,0.512971,False,0,0.5225026,True,0.96925277,0.5125671,0.7849946,Graph_Only
3023,1,1,0.54545915,True,1,0.8173754,True,1,0.9806294,True,0.96369624,0.505726,0.8930959,Easy
3024,0,0,0.6373357,True,0,0.69863737,True,0,0.76724863,True,0.9680309,0.51960367,0.8738775,Easy
3025,1,1,0.5473568,True,1,0.90923536,True,1,0.99707866,True,0.9631094,0.50982845,0.8646678,Easy
3026,1,0,0.59172046,False,0,0.64396423,False,0,0.66038615,False,0.97448754,0.51345074,0.81015754,Hard
3027,0,0,0.5931766,True,0,0.80774915,True,0,0.9037556,True,0.97134936,0.5252991,0.86928076,Easy
3028,1,0,0.5406987,False,1,0.8731463,True,1,0.6537227,True,0.96811223,0.4970802,0.0,Easy
3029,0,0,0.60614294,True,0,0.84610736,True,0,0.9220973,True,0.97146976,0.5247742,0.0,Easy
3030,0,0,0.5983818,True,0,0.7705408,True,0,0.7953342,True,0.97381073,0.52963054,0.7443758,Easy
3031,1,1,0.5603496,True,1,0.84917814,True,1,0.99465793,True,0.96705484,0.5124121,0.7758002,Easy
3032,0,0,0.5904554,True,0,0.76154935,True,0,0.80181,True,0.97289157,0.5220263,0.82402754,Easy
3033,1,0,0.5054487,False,0,0.61745304,False,1,0.95835423,True,0.9683858,0.52045804,0.76522183,Graph_Only
3034,1,0,0.59061736,False,1,0.5607568,True,0,0.6336133,False,0.9707699,0.51309204,0.81726205,Text_Only
3035,1,1,0.51176715,True,1,0.94776434,True,1,0.9894048,True,0.96212995,0.4937855,0.87846804,Easy
3036,0,0,0.6646203,True,0,0.7979899,True,0,0.9881962,True,0.966148,0.52308214,0.0,Easy
3037,0,0,0.59696835,True,0,0.9179655,True,0,0.8857956,True,0.9691168,0.5307249,0.86170894,Easy
3038,0,0,0.57757336,True,0,0.95874804,True,0,0.7716082,True,0.9687203,0.52853644,0.8892919,Easy
3039,1,1,0.5136096,True,1,0.9285973,True,1,0.9851344,True,0.96009666,0.502184,0.87834334,Easy
3040,1,1,0.5264551,True,1,0.9674768,True,1,0.97842103,True,0.9612099,0.50233996,0.8264137,Easy
3041,1,0,0.52105755,False,1,0.7394221,True,1,0.5746915,True,0.96624863,0.5035622,0.0,Easy
3042,1,1,0.5089708,True,1,0.6968526,True,1,0.98112774,True,0.9694607,0.5124733,0.7822336,Easy
3043,1,0,0.6237718,False,0,0.61958265,False,0,0.5295527,False,0.97224176,0.51173747,0.0,Hard
3044,1,0,0.5845735,False,0,0.8955266,False,0,0.8784503,False,0.9674209,0.5267341,0.858641,Hard
3045,1,1,0.51527166,True,1,0.5017761,True,1,0.971632,True,0.9671011,0.51932496,0.83411187,Easy
3046,0,0,0.59597176,True,0,0.77935344,True,1,0.66817623,False,0.96731776,0.52549934,0.8983429,Text_Only
3047,0,0,0.6112473,True,0,0.77819914,True,0,0.8804316,True,0.9683291,0.5213369,0.0,Easy
3048,0,0,0.62084085,True,0,0.8287196,True,0,0.9013297,True,0.9693271,0.52579993,0.89969075,Easy
3049,1,1,0.5395386,True,1,0.57094795,True,1,0.9075935,True,0.97403294,0.5076894,0.77682275,Easy
3050,0,0,0.50585824,True,0,0.6733668,True,1,0.5908875,False,0.96903384,0.5245454,0.74421746,Text_Only
3051,0,0,0.548126,True,0,0.99112904,True,0,0.998374,True,0.9603169,0.53204703,0.8512769,Easy
3052,1,0,0.59517556,False,0,0.70713097,False,0,0.7092057,False,0.97276354,0.52444595,0.7451674,Hard
3053,0,0,0.6292307,True,0,0.77144855,True,0,0.94161046,True,0.9680286,0.5181839,0.0,Easy
3054,1,1,0.5766161,True,1,0.8568975,True,1,0.9796281,True,0.9663252,0.5095414,0.7170264,Easy
3055,0,0,0.5397972,True,0,0.96652615,True,0,0.99197984,True,0.9673131,0.53203785,0.853495,Easy
3056,1,1,0.51186293,True,1,0.85358226,True,1,0.98273474,True,0.96498036,0.5078132,0.8425083,Easy
3057,0,0,0.6164633,True,1,0.54082984,False,0,0.6151351,True,0.9675136,0.5167959,0.9420649,Graph_Only
3058,1,0,0.5178454,False,1,0.8640376,True,1,0.94404304,True,0.96419513,0.5073311,0.8839471,Easy
3059,0,0,0.6184237,True,1,0.52693397,False,0,0.7346839,True,0.97317487,0.5131708,0.0,Graph_Only
3060,1,0,0.57136995,False,0,0.942069,False,0,0.7078517,False,0.9698175,0.5321564,0.8816687,Hard
3061,0,0,0.6188983,True,0,0.88509476,True,0,0.95915496,True,0.9687113,0.525695,0.8754407,Easy
3062,1,0,0.60304105,False,0,0.6622597,False,0,0.72403216,False,0.973169,0.52105314,0.9006472,Hard
3063,1,0,0.5499581,False,1,0.769468,True,1,0.72830445,True,0.96696687,0.50419784,0.87636864,Easy
3064,0,0,0.55253035,True,0,0.5544247,True,1,0.75573075,False,0.9711893,0.50983757,0.74768126,Text_Only
3065,1,0,0.6101321,False,0,0.8547529,False,0,0.6547257,False,0.97145224,0.5253627,0.0,Hard
3066,0,0,0.50909966,True,0,0.59106773,True,0,0.7454001,True,0.9691119,0.5252765,0.75733507,Easy
3067,1,1,0.53607863,True,1,0.8147318,True,1,0.98486614,True,0.9631642,0.5095359,0.8243017,Easy
3068,0,0,0.64085865,True,0,0.5131287,True,0,0.9153107,True,0.9701668,0.52117825,0.78969276,Easy
3069,0,1,0.56178963,False,1,0.63513696,False,0,0.61164665,True,0.9682107,0.5144799,0.7856519,Graph_Only
3070,1,1,0.53598434,True,1,0.8543605,True,1,0.9601415,True,0.9670776,0.5071747,0.0,Easy
3071,1,1,0.51687795,True,1,0.97090864,True,1,0.99628407,True,0.96009713,0.49238852,0.8436826,Easy
3072,0,0,0.6648382,True,1,0.5553289,False,0,0.7750699,True,0.96869063,0.5077203,0.9126371,Graph_Only
3073,0,0,0.5991791,True,0,0.94355553,True,0,0.945717,True,0.96772707,0.5230892,0.9324903,Easy
3074,0,1,0.51464164,False,1,0.69405943,False,0,0.5021654,True,0.96722585,0.5062785,0.0,Graph_Only
3075,1,0,0.6426293,False,0,0.8030817,False,0,0.8492428,False,0.9699556,0.5266281,0.9410607,Hard
3076,0,0,0.5416193,True,0,0.82045424,True,0,0.84862345,True,0.9713794,0.5272433,0.777034,Easy
3077,0,0,0.59935343,True,0,0.7766422,True,1,0.5859035,False,0.97295773,0.5133747,0.88261706,Text_Only
3078,0,0,0.54135776,True,0,0.5684891,True,0,0.8891098,True,0.97119,0.5189226,0.78662825,Easy
3079,1,0,0.57527655,False,0,0.87069166,False,0,0.7189613,False,0.9747597,0.51924616,0.7130334,Hard
3080,1,1,0.5147768,True,1,0.87986976,True,1,0.83861166,True,0.965299,0.5010739,0.8640181,Easy
3081,0,0,0.6501093,True,0,0.63789123,True,1,0.57539815,False,0.9707917,0.5221011,0.919685,Text_Only
3082,0,0,0.56785965,True,0,0.9460739,True,0,0.8582229,True,0.967914,0.527068,0.0,Easy
3083,0,0,0.5412805,True,0,0.93408,True,0,0.9984037,True,0.9634311,0.52333575,0.85525286,Easy
3084,1,1,0.52006286,True,1,0.77387804,True,1,0.91815996,True,0.9641147,0.51288444,0.8555579,Easy
3085,1,0,0.5449704,False,0,0.758117,False,0,0.67088634,False,0.9736563,0.5189267,0.8193373,Hard
3086,1,0,0.6605193,False,0,0.73683727,False,0,0.7628036,False,0.9668814,0.5207988,0.9143379,Hard
3087,0,0,0.5714292,True,0,0.9806676,True,0,0.9564899,True,0.964929,0.53088707,0.88371795,Easy
3088,1,1,0.5099478,True,1,0.82998735,True,1,0.9936906,True,0.96821165,0.5086672,0.7548856,Easy
3089,1,1,0.5188789,True,1,0.9325862,True,1,0.9869868,True,0.96038115,0.51083124,0.8648811,Easy
3090,1,0,0.52912384,False,0,0.73300046,False,1,0.9134195,True,0.9725752,0.51562643,0.80313075,Graph_Only
3091,1,1,0.5476527,True,1,0.7995452,True,1,0.7925371,True,0.9666399,0.51289576,0.85792625,Easy
3092,0,0,0.6082073,True,0,0.8010504,True,0,0.8044574,True,0.97350574,0.52559954,0.889321,Easy
3093,1,1,0.517244,True,1,0.9020705,True,1,0.97789294,True,0.9665032,0.4984807,0.7878078,Easy
3094,0,0,0.5683888,True,1,0.53921777,False,0,0.778333,True,0.968759,0.5154332,0.0,Graph_Only
3095,0,0,0.55063605,True,0,0.9611583,True,0,0.5185201,True,0.9675795,0.5274758,0.8818936,Easy
3096,1,1,0.5699865,True,1,0.8300066,True,1,0.98145837,True,0.9645334,0.5128331,0.9162477,Easy
3097,0,0,0.6209864,True,0,0.7460738,True,0,0.8434695,True,0.9689531,0.5237272,0.8122281,Easy
3098,1,1,0.5090537,True,1,0.90104026,True,1,0.98425055,True,0.96319723,0.5026673,0.8600681,Easy
3099,1,1,0.5087876,True,1,0.85282063,True,1,0.9362856,True,0.96565735,0.4958333,0.8462488,Easy
3100,0,0,0.6969424,True,0,0.60208327,True,0,0.9352565,True,0.9700989,0.51406807,0.8518739,Easy
3101,0,0,0.5693432,True,0,0.8654638,True,0,0.892989,True,0.97731125,0.5263039,0.58258736,Easy
3102,0,0,0.59143203,True,0,0.9522423,True,0,0.9661344,True,0.9673283,0.5291726,0.926074,Easy
3103,0,0,0.61147237,True,0,0.8840074,True,0,0.9467946,True,0.9674648,0.52432674,0.908315,Easy
3104,0,0,0.6138081,True,0,0.8433615,True,0,0.97983503,True,0.9693448,0.5202616,0.80958617,Easy
3105,0,0,0.6260247,True,0,0.74836546,True,0,0.97475815,True,0.96746427,0.51540107,0.0,Easy
3106,1,1,0.5409212,True,1,0.9230908,True,1,0.9922816,True,0.9627526,0.49765775,0.84283024,Easy
3107,0,0,0.5493042,True,0,0.88116,True,0,0.9964748,True,0.9653213,0.51840335,0.8831085,Easy
3108,0,0,0.589872,True,0,0.87725455,True,0,0.9112799,True,0.96839887,0.5251399,0.0,Easy
3109,0,0,0.6252536,True,0,0.75610286,True,0,0.98684,True,0.9656956,0.5172015,0.8302223,Easy
3110,0,0,0.58831227,True,0,0.8687731,True,0,0.9731703,True,0.9672141,0.5236015,0.0,Easy
3111,0,0,0.632579,True,0,0.79607743,True,0,0.94804657,True,0.9666549,0.5203961,0.0,Easy
3112,0,0,0.53175145,True,0,0.9231552,True,0,0.8039542,True,0.9692834,0.5309009,0.7245792,Easy
3113,1,0,0.5926301,False,0,0.63781226,False,1,0.57868695,True,0.9684497,0.5248942,0.8363831,Graph_Only
3114,1,1,0.5068208,True,0,0.8440487,False,1,0.92070603,True,0.97099817,0.5197263,0.788892,Graph_Only
3115,0,0,0.55307096,True,0,0.9766343,True,0,0.9996043,True,0.96219885,0.53088063,0.8988753,Easy
3116,0,1,0.5168506,False,1,0.61041045,False,1,0.6012344,False,0.966766,0.5119801,0.0,Hard
3117,0,0,0.6084179,True,0,0.6035661,True,0,0.5525295,True,0.97005373,0.52128816,0.8091441,Easy
3118,0,0,0.5834291,True,1,0.5579579,False,0,0.72566,True,0.96648777,0.5049829,0.89197946,Graph_Only
3119,1,1,0.56886065,True,1,0.6978063,True,1,0.5927375,True,0.9716365,0.5051051,0.0,Easy
3120,0,0,0.56847525,True,0,0.606553,True,0,0.9366468,True,0.96913564,0.51676244,0.0,Easy
3121,1,1,0.5745342,True,1,0.77210987,True,1,0.9729124,True,0.9665313,0.5065032,0.92083997,Easy
3122,1,0,0.51852095,False,1,0.5887517,True,1,0.8597389,True,0.9689861,0.5148364,0.82829154,Easy
3123,0,0,0.57572836,True,0,0.9720277,True,0,0.9349892,True,0.96592945,0.5249489,0.7201241,Easy
3124,1,0,0.5427948,False,1,0.7873216,True,1,0.7235764,True,0.96580887,0.5082049,0.8580736,Easy
3125,1,1,0.5791066,True,1,0.8603929,True,1,0.9948484,True,0.9653772,0.5102636,0.88582206,Easy
3126,1,0,0.66739976,False,1,0.5188334,True,0,0.92483175,False,0.969265,0.5103404,0.89930093,Text_Only
3127,0,0,0.5686415,True,1,0.6954846,False,1,0.7096137,False,0.96856576,0.50298494,0.0,Hard
3128,1,0,0.5486973,False,0,0.58796215,False,0,0.7541775,False,0.969244,0.51863927,0.7911175,Hard
3129,0,0,0.6686392,True,0,0.6506034,True,0,0.83426386,True,0.97071016,0.5166793,0.0,Easy
3130,1,1,0.51702607,True,1,0.85685354,True,1,0.9594991,True,0.9669957,0.50873446,0.75875914,Easy
3131,0,0,0.5784458,True,0,0.9145228,True,0,0.9987459,True,0.96581376,0.5186591,0.91686755,Easy
3132,0,0,0.6022913,True,0,0.8348939,True,0,0.99313605,True,0.9652604,0.5168798,0.8506974,Easy
3133,0,0,0.59595704,True,1,0.5882679,False,0,0.77039754,True,0.96551704,0.509999,0.0,Graph_Only
3134,0,0,0.51227874,True,0,0.7001248,True,1,0.7925514,False,0.9690573,0.52777576,0.85993505,Text_Only
3135,0,0,0.54692525,True,0,0.954211,True,0,0.9817976,True,0.9676105,0.528657,0.7733078,Easy
3136,0,0,0.6174993,True,0,0.5751091,True,0,0.92265177,True,0.9690504,0.5195758,0.807611,Easy
3137,1,1,0.5596466,True,1,0.8245157,True,1,0.9971993,True,0.96719325,0.51168555,0.7995465,Easy
3138,1,1,0.54753274,True,1,0.94645494,True,1,0.98613375,True,0.9623651,0.5042867,0.88527405,Easy
3139,0,0,0.57952434,True,0,0.8233041,True,0,0.8893732,True,0.96835804,0.525429,0.8287947,Easy
3140,1,1,0.5272304,True,1,0.9472595,True,1,0.9973871,True,0.95968294,0.5087002,0.76712537,Easy
3141,1,0,0.5755387,False,0,0.6940398,False,0,0.6903554,False,0.96958876,0.52067363,0.0,Hard
3142,0,0,0.61529386,True,0,0.81358105,True,0,0.9832624,True,0.9657193,0.5153057,0.88081414,Easy
3143,0,0,0.61997765,True,1,0.55189633,False,0,0.7550039,True,0.96600497,0.50979227,0.84571534,Graph_Only
3144,1,1,0.5108451,True,1,0.752176,True,1,0.8613786,True,0.9661088,0.5124522,0.8359482,Easy
3145,1,0,0.5499863,False,0,0.95314497,False,0,0.9742485,False,0.9653817,0.5263228,0.0,Hard
3146,1,0,0.58813703,False,0,0.8647346,False,0,0.81519616,False,0.96906734,0.5293614,0.9268819,Hard
3147,1,1,0.5371458,True,1,0.91801107,True,1,0.9862687,True,0.9623424,0.5046522,0.8700946,Easy
3148,0,0,0.536009,True,1,0.75508857,False,1,0.73266274,False,0.96607137,0.50283945,0.9000392,Hard
3149,0,0,0.67306596,True,1,0.66450936,False,0,0.84467626,True,0.96730167,0.5050664,0.0,Graph_Only
3150,1,1,0.54111177,True,1,0.8152366,True,1,0.95922077,True,0.9665069,0.5099279,0.89378,Easy
3151,0,0,0.57442594,True,0,0.8316191,True,0,0.99545246,True,0.9666577,0.51280606,0.80570555,Easy
3152,0,0,0.5568084,True,0,0.85327303,True,0,0.8562171,True,0.9671654,0.52413076,0.0,Easy
3153,0,0,0.54824567,True,0,0.9825096,True,0,0.9980069,True,0.96050566,0.52918655,0.7993914,Easy
3154,0,0,0.56411237,True,1,0.82843465,False,0,0.5217921,True,0.9642432,0.4983261,0.8457406,Graph_Only
3155,1,1,0.52307636,True,1,0.7465935,True,1,0.9035978,True,0.9673393,0.5119059,0.8950521,Easy
3156,0,0,0.69749385,True,1,0.61346287,False,0,0.7644528,True,0.9682926,0.50888824,0.91839504,Graph_Only
3157,0,0,0.60379523,True,0,0.50839305,True,0,0.56602836,True,0.96801215,0.5159132,0.0,Easy
3158,1,1,0.5499841,True,1,0.8623657,True,1,0.9782628,True,0.96352327,0.5075418,0.852707,Easy
3159,0,0,0.5900549,True,0,0.8627057,True,0,0.83701384,True,0.9686536,0.52645093,0.0,Easy
3160,0,0,0.5942619,True,0,0.8817543,True,0,0.9892246,True,0.96600825,0.5254012,0.83954614,Easy
3161,1,0,0.5151527,False,1,0.7829865,True,1,0.7579039,True,0.9676511,0.4999087,0.8513657,Easy
3162,0,0,0.5804403,True,1,0.5160609,False,1,0.5920518,False,0.96873057,0.51992816,0.84648263,Hard
3163,0,0,0.5941014,True,1,0.5539008,False,0,0.50067186,True,0.9660586,0.51697236,0.91926134,Graph_Only
3164,0,0,0.61118287,True,0,0.73387635,True,0,0.9922828,True,0.9643661,0.5158874,0.88307524,Easy
3165,0,0,0.6466493,True,0,0.64111847,True,0,0.7179334,True,0.9665702,0.51755387,0.0,Easy
3166,1,0,0.5702599,False,0,0.52362233,False,0,0.62441546,False,0.96800745,0.5166087,0.0,Hard
3167,1,1,0.5091324,True,1,0.6671441,True,1,0.68120086,True,0.9698922,0.5033076,0.0,Easy
3168,0,0,0.5640547,True,0,0.94287544,True,0,0.9956077,True,0.9645598,0.5227987,0.92620504,Easy
3169,0,0,0.58934045,True,0,0.73515594,True,0,0.73138285,True,0.9703047,0.5186691,0.0,Easy
3170,1,0,0.5049668,False,1,0.71714723,True,1,0.5583683,True,0.9666981,0.5052499,0.8404218,Easy
3171,1,1,0.53383774,True,1,0.9354938,True,1,0.99629056,True,0.96305037,0.5058263,0.879598,Easy
3172,1,1,0.5670903,True,1,0.79257196,True,1,0.92141074,True,0.9661357,0.5021067,0.8270049,Easy
3173,1,0,0.5033359,False,1,0.72244287,True,1,0.8154245,True,0.9644172,0.5027129,0.85413885,Easy
3174,0,0,0.5598733,True,0,0.986471,True,0,0.99916804,True,0.9599645,0.53043795,0.0,Easy
3175,0,0,0.5725878,True,0,0.5260154,True,0,0.7376691,True,0.9684122,0.5209681,0.87390333,Easy
3176,0,0,0.53196007,True,0,0.977706,True,0,0.9994642,True,0.9638989,0.526907,0.79752666,Easy
3177,1,1,0.5622322,True,1,0.8883179,True,1,0.98211217,True,0.96437746,0.50040627,0.96311927,Easy
3178,1,1,0.5626264,True,1,0.8466211,True,1,0.9466769,True,0.9643958,0.50264364,0.8623192,Easy
3179,0,0,0.6344789,True,0,0.65435547,True,0,0.9908646,True,0.96736616,0.5128497,0.8696581,Easy
3180,0,0,0.54040945,True,0,0.97060657,True,0,0.9993481,True,0.96373695,0.5294619,0.8606883,Easy
3181,1,1,0.55897677,True,1,0.72049606,True,1,0.86377305,True,0.9663773,0.5052298,0.88269293,Easy
3182,1,0,0.6009809,False,0,0.72281575,False,0,0.8562322,False,0.96917653,0.5257696,0.0,Hard
3183,1,0,0.55181515,False,1,0.54493725,True,1,0.79479724,True,0.96418345,0.51287615,0.0,Easy
3184,1,1,0.51072896,True,1,0.93873185,True,1,0.9934047,True,0.96166587,0.50393957,0.83609325,Easy
3185,1,0,0.52666146,False,1,0.68137455,True,1,0.9186674,True,0.96892774,0.5107731,0.8019649,Easy
3186,0,0,0.5624796,True,0,0.9651208,True,0,0.9988223,True,0.96283394,0.52759236,0.8731917,Easy
3187,1,1,0.54450554,True,1,0.8844827,True,1,0.9955219,True,0.9682177,0.50727344,0.7122787,Easy
3188,1,0,0.500197,False,1,0.5836606,True,1,0.94746983,True,0.96663594,0.51694465,0.892601,Easy
3189,1,1,0.501334,True,0,0.63199157,False,1,0.5222174,True,0.9703157,0.5152156,0.0,Graph_Only
3190,0,0,0.6210878,True,0,0.8308878,True,0,0.9047671,True,0.96926624,0.530284,0.8908614,Easy
3191,1,1,0.5250929,True,1,0.79668045,True,1,0.85917115,True,0.96633387,0.5057709,0.83230263,Easy
3192,0,0,0.51149404,True,1,0.6710868,False,0,0.62042284,True,0.9659765,0.51523954,0.93521506,Graph_Only
3193,1,1,0.5371016,True,1,0.84123164,True,1,0.96078986,True,0.964178,0.5085249,0.8424004,Easy
3194,1,0,0.5123036,False,1,0.84187245,True,1,0.7696888,True,0.9657471,0.50716096,0.0,Easy
3195,0,0,0.5579794,True,0,0.9452627,True,0,0.99841356,True,0.9637352,0.52593416,0.8952112,Easy
3196,1,1,0.5338888,True,1,0.7249046,True,1,0.94005245,True,0.96749413,0.50740486,0.8080278,Easy
3197,0,0,0.5441515,True,0,0.81744266,True,0,0.9737906,True,0.9674685,0.52503264,0.85014045,Easy
3198,1,1,0.52817076,True,1,0.8413046,True,1,0.9507402,True,0.9651134,0.5119837,0.80738246,Easy
3199,1,1,0.5465073,True,1,0.86981785,True,1,0.9818522,True,0.96422666,0.4992056,0.88653016,Easy
3200,0,0,0.5573805,True,0,0.94702613,True,0,0.9180121,True,0.9686901,0.527396,0.78223276,Easy
3201,0,0,0.5834124,True,0,0.6738188,True,0,0.78498995,True,0.96788394,0.5235777,0.8853538,Easy
3202,1,0,0.54714376,False,0,0.6922937,False,1,0.7137481,True,0.9701605,0.5214967,0.89074165,Graph_Only
3203,1,0,0.62978834,False,0,0.6501958,False,0,0.75533205,False,0.9679374,0.51767236,0.88741547,Hard
3204,0,0,0.5979369,True,0,0.86450523,True,0,0.9930166,True,0.9650786,0.5242136,0.0,Easy
3205,0,0,0.570651,True,0,0.7787057,True,0,0.99653196,True,0.9686338,0.5185927,0.8401705,Easy
3206,0,0,0.62626994,True,0,0.7113401,True,0,0.72610766,True,0.9694061,0.51487136,0.79005563,Easy
3207,1,1,0.5452962,True,1,0.891316,True,1,0.9625273,True,0.9639646,0.5078071,0.89581764,Easy
3208,1,1,0.5249048,True,1,0.7058894,True,0,0.5149545,False,0.9683096,0.5038234,0.0,Text_Only
3209,0,1,0.51801616,False,1,0.7128773,False,1,0.80252427,False,0.9672921,0.506745,0.0,Hard
3210,0,0,0.528244,True,1,0.8083287,False,1,0.62172824,False,0.9660753,0.50027746,0.88868266,Hard
3211,0,0,0.6387477,True,0,0.74271643,True,0,0.97829366,True,0.96664655,0.5172471,0.8841287,Easy
3212,1,1,0.5378348,True,1,0.9163378,True,1,0.97398067,True,0.9633086,0.503085,0.8875002,Easy
3213,1,1,0.51240456,True,1,0.5141101,True,1,0.7653854,True,0.9689959,0.5160465,0.0,Easy
3214,1,1,0.5473649,True,1,0.8399886,True,1,0.97619754,True,0.9642619,0.4994743,0.8845423,Easy
3215,0,0,0.55398154,True,1,0.70195174,False,1,0.77729404,False,0.96444607,0.5027411,0.0,Hard
3216,1,1,0.5115094,True,1,0.8503639,True,1,0.96117336,True,0.9623624,0.50295204,0.0,Easy
3217,1,0,0.5599718,False,0,0.5640134,False,0,0.5733952,False,0.97000086,0.5153275,0.0,Hard
3218,1,1,0.5181382,True,1,0.94110966,True,1,0.9780082,True,0.965072,0.5008583,0.69606984,Easy
3219,1,1,0.51921225,True,1,0.8580357,True,1,0.895474,True,0.96530867,0.49788374,0.0,Easy
3220,0,1,0.5290223,False,0,0.7283546,True,1,0.69711196,False,0.9700954,0.5279212,0.8823401,Text_Only
3221,1,1,0.54688996,True,1,0.8051775,True,1,0.94640964,True,0.9640815,0.511538,0.8253753,Easy
3222,1,1,0.5247792,True,1,0.7822824,True,1,0.9558856,True,0.96389395,0.5114665,0.9118012,Easy
3223,0,0,0.56354356,True,1,0.5750232,False,1,0.67673016,False,0.96956414,0.5045946,0.7059989,Hard
3224,1,0,0.5180087,False,1,0.92974496,True,1,0.9579458,True,0.96393013,0.5002237,0.7954183,Easy
3225,0,0,0.5673652,True,1,0.5339416,False,0,0.6784439,True,0.97115946,0.51448596,0.0,Graph_Only
3226,0,0,0.6668909,True,0,0.6904112,True,0,0.9847302,True,0.96734726,0.5157794,0.8468261,Easy
3227,1,1,0.5161984,True,1,0.8234603,True,1,0.9637925,True,0.9639674,0.5081009,0.8908614,Easy
3228,1,1,0.5374976,True,1,0.52593136,True,0,0.5947876,False,0.9684044,0.52286804,0.87855685,Text_Only
3229,0,0,0.53940576,True,1,0.7009317,False,0,0.6843807,True,0.96752745,0.5057398,0.0,Graph_Only
3230,0,0,0.61081624,True,0,0.83042544,True,0,0.9366216,True,0.96552247,0.5230532,0.91827804,Easy
3231,0,0,0.5848789,True,0,0.91108763,True,0,0.9977976,True,0.9647931,0.5222623,0.91195095,Easy
3232,1,1,0.5193746,True,1,0.83008343,True,1,0.79585004,True,0.96639,0.5000184,0.0,Easy
3233,1,0,0.5800618,False,1,0.50420964,True,1,0.83496445,True,0.96548027,0.52363914,0.81128705,Easy
3234,0,0,0.58451223,True,0,0.64181656,True,0,0.6381431,True,0.97004664,0.5195138,0.0,Easy
3235,1,1,0.5383366,True,1,0.9031502,True,1,0.98757696,True,0.9657959,0.50492305,0.7620055,Easy
3236,0,0,0.53222275,True,0,0.96846014,True,0,0.9994492,True,0.96348137,0.5284526,0.8234102,Easy
3237,1,1,0.5361669,True,1,0.65337855,True,1,0.8958972,True,0.96797764,0.5070459,0.864852,Easy
3238,0,0,0.5789907,True,0,0.7966478,True,0,0.99824226,True,0.96689236,0.5146469,0.8463044,Easy
3239,0,0,0.5291197,True,1,0.9430517,False,1,0.82969916,False,0.96427,0.48774633,0.66831404,Hard
3240,0,0,0.561085,True,1,0.744964,False,0,0.5624552,True,0.96417356,0.50590616,0.8959229,Graph_Only
3241,1,1,0.57447076,True,1,0.8219203,True,1,0.9724239,True,0.9667276,0.5106604,0.79177725,Easy
3242,0,1,0.5145324,False,1,0.9157465,False,1,0.9559359,False,0.9662228,0.50191796,0.76987773,Hard
3243,0,0,0.6126905,True,0,0.7815526,True,0,0.97972393,True,0.96341777,0.511433,0.89160156,Easy
3244,1,1,0.53088,True,1,0.7918704,True,1,0.97878385,True,0.96918726,0.5115284,0.760115,Easy
3245,0,0,0.5168141,True,0,0.53544605,True,0,0.65000963,True,0.9663356,0.51828724,0.93028057,Easy
3246,0,0,0.5436514,True,0,0.79555136,True,0,0.8590553,True,0.9649415,0.5181529,0.0,Easy
3247,1,1,0.5055103,True,1,0.6035245,True,1,0.9631313,True,0.9660083,0.51079667,0.8557854,Easy
3248,1,1,0.5175035,True,1,0.8709611,True,1,0.99199885,True,0.9612366,0.5051418,0.89388347,Easy
3249,0,0,0.53057784,True,1,0.64284664,False,0,0.5471953,True,0.9662939,0.5102355,0.9221871,Graph_Only
3250,0,0,0.6731176,True,0,0.64695925,True,0,0.9284236,True,0.96446306,0.51381135,0.9116764,Easy
3251,0,0,0.5479304,True,0,0.870946,True,0,0.9825598,True,0.96646667,0.51831055,0.7679337,Easy
3252,1,1,0.5259324,True,1,0.70896447,True,1,0.85623634,True,0.965256,0.5119319,0.9158432,Easy
3253,0,0,0.59397966,True,0,0.8228485,True,0,0.96410197,True,0.9664328,0.51792926,0.95466495,Easy
3254,1,1,0.52490234,True,1,0.9549835,True,1,0.9910486,True,0.9637486,0.4995759,0.82051337,Easy
3255,0,0,0.61190724,True,0,0.86384875,True,0,0.98611695,True,0.9645399,0.5216496,0.0,Easy
3256,0,0,0.6261491,True,0,0.7897755,True,0,0.98231816,True,0.96601486,0.51985055,0.9339502,Easy
3257,1,0,0.5471624,False,0,0.6944386,False,1,0.5365913,True,0.9708292,0.5199305,0.7831274,Graph_Only
3258,1,1,0.56780416,True,1,0.6851583,True,1,0.7111007,True,0.96848524,0.5143224,0.8073092,Easy
3259,1,1,0.54301846,True,1,0.9151634,True,1,0.97938114,True,0.9622489,0.50416327,0.8734982,Easy
3260,0,0,0.6270862,True,0,0.7731439,True,0,0.9902623,True,0.9645823,0.51308423,0.89651024,Easy
3261,0,0,0.5658183,True,0,0.98363274,True,0,0.9976998,True,0.9601214,0.5328819,0.0,Easy
3262,1,1,0.5836426,True,1,0.651948,True,1,0.96775717,True,0.9635281,0.51335806,0.8714096,Easy
3263,0,0,0.5957425,True,0,0.8264528,True,0,0.9941398,True,0.96404755,0.5156988,0.9154099,Easy
3264,0,0,0.5995984,True,0,0.86268497,True,0,0.9872636,True,0.9664296,0.51769406,0.8715923,Easy
3265,1,1,0.5195289,True,1,0.8170092,True,1,0.9894945,True,0.96553254,0.5044932,0.8353015,Easy
3266,1,1,0.5430813,True,1,0.93875736,True,1,0.98104054,True,0.9623736,0.50448567,0.94187903,Easy
3267,1,1,0.5026277,True,0,0.54264027,False,1,0.5914686,True,0.96942747,0.5183944,0.8593632,Graph_Only
3268,0,0,0.6003625,True,0,0.80473644,True,0,0.9637379,True,0.96729106,0.5214807,0.87368226,Easy
3269,0,0,0.56773514,True,0,0.7775904,True,0,0.5916693,True,0.96402776,0.52368504,0.91045547,Easy
3270,1,0,0.52061445,False,1,0.74013716,True,1,0.9286417,True,0.96575004,0.5063914,0.8294932,Easy
3271,1,0,0.54286855,False,1,0.6094756,True,1,0.81468457,True,0.96426183,0.51412106,0.8457524,Easy
3272,1,0,0.5396183,False,1,0.50334615,True,0,0.6057319,False,0.9689729,0.51870555,0.8532206,Text_Only
3273,1,0,0.5777089,False,0,0.79900545,False,0,0.6407195,False,0.9671719,0.52465546,0.79836774,Hard
3274,0,0,0.5026773,True,1,0.63328546,False,1,0.6523125,False,0.96646476,0.51601297,0.9174796,Hard
3275,0,0,0.6577761,True,0,0.7115996,True,0,0.9666676,True,0.9663168,0.51763904,0.91344935,Easy
3276,1,1,0.52362067,True,1,0.8222295,True,1,0.8257138,True,0.9658375,0.5035428,0.7959465,Easy
3277,0,0,0.59629714,True,0,0.84296614,True,0,0.9546992,True,0.9713439,0.5276023,0.896561,Easy
3278,1,0,0.55376965,False,0,0.90928805,False,0,0.767044,False,0.9674095,0.52867,0.8564647,Hard
3279,0,0,0.5878378,True,0,0.86902833,True,0,0.99625325,True,0.9638041,0.5186768,0.85209274,Easy
3280,1,1,0.53928214,True,1,0.7928251,True,1,0.9594467,True,0.9645945,0.51399535,0.917274,Easy
3281,0,0,0.65816325,True,1,0.62592137,False,0,0.8759908,True,0.9673391,0.51004624,0.76930285,Graph_Only
3282,1,1,0.5215847,True,1,0.91458607,True,1,0.98623693,True,0.9637923,0.50077105,0.0,Easy
3283,0,0,0.6056745,True,0,0.8306482,True,0,0.9853516,True,0.9641294,0.5139123,0.9140154,Easy
3284,1,0,0.52030087,False,0,0.5091031,False,1,0.5871378,True,0.9659951,0.5180863,0.89986014,Graph_Only
3285,1,1,0.5194473,True,1,0.693079,True,1,0.9504253,True,0.96602416,0.5146229,0.8849641,Easy
3286,0,0,0.51415515,True,0,0.57127774,True,0,0.66107434,True,0.96642643,0.51966876,0.8624285,Easy
3287,0,0,0.5915638,True,0,0.730373,True,0,0.78332245,True,0.9661695,0.5177056,0.88932717,Easy
3288,0,0,0.5674327,True,0,0.96678334,True,0,0.99835217,True,0.9626157,0.528621,0.85569453,Easy
3289,1,0,0.6188109,False,0,0.7892467,False,0,0.82163227,False,0.9646707,0.5189272,0.89457434,Hard
3290,1,1,0.52761894,True,1,0.74577016,True,1,0.90226233,True,0.96345305,0.5051931,0.88360476,Easy
3291,0,0,0.65886414,True,0,0.71674097,True,0,0.9467553,True,0.96733457,0.52063954,0.0,Easy
3292,0,0,0.5778537,True,0,0.8510203,True,0,0.9965113,True,0.96738976,0.5194741,0.8616065,Easy
3293,1,0,0.55237097,False,1,0.6234258,True,1,0.7079602,True,0.96410614,0.51459044,0.8785693,Easy
3294,0,1,0.53300834,False,1,0.8477341,False,1,0.9800703,False,0.9625889,0.4993178,0.0,Hard
3295,0,0,0.6248301,True,0,0.85428524,True,0,0.9635632,True,0.9664609,0.525558,0.8759282,Easy
3296,1,1,0.5677032,True,1,0.5746333,True,1,0.8790144,True,0.9655253,0.5186372,0.86433,Easy
3297,1,1,0.5540614,True,1,0.64893025,True,1,0.7535947,True,0.96501,0.50893074,0.9263096,Easy
3298,0,0,0.594877,True,0,0.5331396,True,0,0.7720782,True,0.96429384,0.505535,0.85686624,Easy
3299,0,0,0.5669902,True,0,0.9594303,True,0,0.99871266,True,0.96410227,0.5224607,0.8968008,Easy
3300,1,0,0.6013885,False,0,0.7747147,False,0,0.7370277,False,0.9659611,0.52161133,0.82695925,Hard
3301,0,0,0.61780125,True,0,0.6509196,True,0,0.84873307,True,0.9667016,0.5129063,0.0,Easy
3302,1,1,0.5078165,True,1,0.7262604,True,1,0.9891761,True,0.96955943,0.5048361,0.8146364,Easy
3303,1,1,0.50639945,True,1,0.7920512,True,1,0.8260549,True,0.96230984,0.501268,0.91936487,Easy
3304,0,0,0.51384354,True,0,0.6802758,True,0,0.59135914,True,0.96954554,0.52592695,0.812462,Easy
3305,0,0,0.5945247,True,0,0.8161554,True,0,0.99697244,True,0.9638717,0.51560456,0.84908366,Easy
3306,1,1,0.52724457,True,1,0.8206339,True,1,0.84874105,True,0.96449226,0.5011337,0.9235451,Easy
3307,1,0,0.505164,False,1,0.8597386,True,1,0.78632325,True,0.9643297,0.49603733,0.8518427,Easy
3308,1,1,0.543614,True,1,0.93355095,True,1,0.9965905,True,0.9633765,0.5104767,0.8460474,Easy
3309,1,0,0.5057302,False,1,0.5916552,True,1,0.79286766,True,0.96502405,0.51248544,0.8567639,Easy
3310,1,1,0.5220319,True,1,0.7859563,True,1,0.9431523,True,0.96636117,0.50575966,0.79213893,Easy
3311,1,1,0.5230083,True,1,0.8463738,True,1,0.9629897,True,0.96443045,0.50069106,0.91977555,Easy
3312,0,0,0.53228647,True,1,0.51426774,False,0,0.6017041,True,0.9672183,0.5168056,0.8881163,Graph_Only
3313,1,1,0.5108225,True,1,0.96675384,True,1,0.98092914,True,0.9624968,0.4961689,0.7560432,Easy
3314,1,1,0.5548466,True,1,0.7984196,True,1,0.93774045,True,0.96414256,0.5065574,0.9274202,Easy
3315,0,0,0.66656786,True,0,0.67377067,True,0,0.9894533,True,0.96568656,0.51376116,0.9162681,Easy
3316,1,1,0.5629139,True,1,0.7231536,True,1,0.9115364,True,0.9660826,0.51722515,0.85386544,Easy
3317,1,0,0.5520702,False,1,0.630808,True,1,0.7767431,True,0.96868014,0.51298904,0.81235063,Easy
3318,0,0,0.607354,True,0,0.9126276,True,0,0.9937046,True,0.96393186,0.5253541,0.80407137,Easy
3319,0,1,0.5190996,False,1,0.71925515,False,0,0.5541862,True,0.9671793,0.51391524,0.85057807,Graph_Only
3320,0,0,0.50117356,True,1,0.80156875,False,1,0.86241555,False,0.9630732,0.5130663,0.9287946,Hard
3321,1,1,0.5299233,True,1,0.84927815,True,1,0.9728123,True,0.96341443,0.5118902,0.9214005,Easy
3322,0,0,0.62908584,True,0,0.6536713,True,0,0.9790629,True,0.96737766,0.51434606,0.94231546,Easy
3323,0,1,0.5062935,False,0,0.52573615,True,1,0.52633065,False,0.96641076,0.52081794,0.9113528,Text_Only
3324,0,1,0.5291854,False,1,0.6728534,False,1,0.7459706,False,0.96562076,0.51602924,0.8601793,Hard
3325,0,0,0.6463515,True,0,0.71099454,True,0,0.8331011,True,0.96463335,0.5183325,0.8838981,Easy
3326,0,0,0.5682117,True,0,0.54955006,True,0,0.84354126,True,0.96850103,0.52280533,0.8689655,Easy
3327,0,0,0.7059813,True,0,0.5647174,True,0,0.8706261,True,0.96546674,0.51799273,0.93513453,Easy
3328,1,0,0.55784285,False,0,0.63002825,False,1,0.8086348,True,0.9683906,0.52595145,0.87346554,Graph_Only
3329,0,0,0.72037286,True,0,0.55132765,True,0,0.78071314,True,0.9643883,0.5136903,0.0,Easy
3330,1,1,0.57382274,True,1,0.75160235,True,1,0.63895005,True,0.96806705,0.51105005,0.8126839,Easy
3331,1,0,0.5074927,False,1,0.62528336,True,1,0.9169244,True,0.973385,0.5118995,0.7912257,Easy
3332,0,0,0.5972292,True,0,0.8671277,True,0,0.9485869,True,0.9657117,0.52011687,0.83970475,Easy
3333,1,0,0.5275618,False,1,0.7817279,True,1,0.90852535,True,0.9634799,0.5084307,0.867771,Easy
3334,0,1,0.5937943,False,1,0.72394985,False,1,0.8766572,False,0.9672941,0.5155054,0.8098799,Hard
3335,1,1,0.51644444,True,1,0.69026494,True,1,0.95297605,True,0.96396697,0.5112657,0.87857985,Easy
3336,1,1,0.52899307,True,1,0.7861397,True,1,0.7423313,True,0.9670558,0.50300467,0.8099141,Easy
3337,0,0,0.63577896,True,0,0.6165618,True,0,0.94780535,True,0.96427023,0.5138458,0.86927366,Easy
3338,0,0,0.6188418,True,0,0.66947556,True,0,0.9126381,True,0.96865034,0.5177331,0.76752585,Easy
3339,1,1,0.54161304,True,1,0.80165243,True,1,0.94784003,True,0.96734357,0.5089638,0.8112554,Easy
3340,1,1,0.5639908,True,1,0.87634504,True,1,0.9671234,True,0.96385205,0.5041029,0.85489774,Easy
3341,1,1,0.57835656,True,1,0.56859297,True,1,0.6641589,True,0.9669163,0.5161776,0.83731085,Easy
3342,1,0,0.56667536,False,1,0.7556909,True,0,0.6749289,False,0.9659486,0.5096406,0.8789708,Text_Only
3343,1,1,0.5152378,True,1,0.82990354,True,1,0.9591576,True,0.9682739,0.5043681,0.77062464,Easy
3344,0,0,0.5958547,True,0,0.8668207,True,0,0.9862111,True,0.96494484,0.52044046,0.0,Easy
3345,1,1,0.5168846,True,1,0.8274394,True,1,0.96202445,True,0.9702939,0.50948864,0.7120475,Easy
3346,0,0,0.59519434,True,0,0.7369474,True,0,0.99389476,True,0.96638536,0.50997686,0.82310164,Easy
3347,1,0,0.64160085,False,0,0.64598924,False,0,0.7936341,False,0.96462727,0.5205083,0.8952755,Hard
3348,1,0,0.52901673,False,1,0.8229688,True,0,0.8065873,False,0.9668423,0.50080484,0.94140875,Text_Only
3349,1,1,0.5251437,True,1,0.89099383,True,1,0.9700168,True,0.96480954,0.4974378,0.78262603,Easy
3350,1,1,0.5441293,True,1,0.8360399,True,1,0.97359294,True,0.9661106,0.506325,0.80166423,Easy
3351,0,0,0.6084687,True,0,0.6953492,True,0,0.91045564,True,0.9693059,0.521515,0.94113183,Easy
3352,1,1,0.575436,True,1,0.5638777,True,1,0.9508028,True,0.9666517,0.52003974,0.8370006,Easy
3353,1,1,0.52099526,True,1,0.92952806,True,1,0.9913489,True,0.959968,0.49863446,0.0,Easy
3354,1,1,0.5267805,True,1,0.8261669,True,1,0.9353811,True,0.9625994,0.49674985,0.90805185,Easy
3355,0,0,0.5963856,True,0,0.86873335,True,0,0.9077568,True,0.96881145,0.518254,0.0,Easy
3356,1,0,0.5508561,False,1,0.596982,True,0,0.6846968,False,0.9671533,0.5149122,0.0,Text_Only
3357,1,1,0.51013786,True,1,0.89667636,True,1,0.96310127,True,0.9618898,0.5003959,0.8908751,Easy
3358,1,0,0.56626403,False,1,0.61711013,True,0,0.6533809,False,0.9690409,0.51072264,0.0,Text_Only
3359,0,0,0.5712004,True,0,0.91629297,True,0,0.98518515,True,0.9710306,0.5238314,0.0,Easy
3360,1,1,0.536737,True,1,0.8004919,True,1,0.9975236,True,0.9666891,0.5150399,0.80735517,Easy
3361,1,0,0.5512439,False,1,0.61368495,True,1,0.55982745,True,0.96518844,0.51695615,0.93124545,Easy
3362,1,0,0.50870264,False,1,0.831809,True,1,0.8532164,True,0.96139216,0.50731343,0.91703194,Easy
3363,1,1,0.5403657,True,1,0.94784087,True,1,0.99649066,True,0.9634868,0.49945018,0.8465265,Easy
3364,1,1,0.52303934,True,1,0.6163392,True,1,0.54325163,True,0.96781045,0.5164771,0.8998556,Easy
3365,0,0,0.65210855,True,0,0.6843865,True,0,0.9506206,True,0.9664163,0.51679975,0.0,Easy
3366,0,0,0.6516424,True,0,0.6382635,True,0,0.98588353,True,0.9653139,0.51258206,0.8677136,Easy
3367,1,1,0.5789237,True,1,0.61935526,True,1,0.95816433,True,0.96397,0.51892704,0.900993,Easy
3368,0,0,0.5618899,True,1,0.6413017,False,0,0.6339348,True,0.9674392,0.5076538,0.848251,Graph_Only
3369,0,0,0.6097619,True,0,0.6169535,True,0,0.971649,True,0.96993756,0.51832324,0.8965826,Easy
3370,1,1,0.52218884,True,1,0.71710706,True,1,0.97978896,True,0.96282923,0.5166501,0.87999916,Easy
3371,1,0,0.6226747,False,1,0.51017725,True,0,0.74059975,False,0.9650626,0.51094216,0.8933017,Text_Only
3372,1,0,0.6378141,False,1,0.5264773,True,0,0.7961266,False,0.96620715,0.5122789,0.95134974,Text_Only
3373,0,0,0.5641941,True,0,0.9381543,True,0,0.94959915,True,0.9681255,0.5259926,0.86692524,Easy
3374,0,0,0.61390966,True,0,0.75380236,True,0,0.88690853,True,0.9652269,0.52154696,0.9419973,Easy
3375,0,0,0.550418,True,0,0.9233616,True,0,0.9944137,True,0.96594405,0.52515864,0.83912754,Easy
3376,1,0,0.65173316,False,0,0.72874075,False,0,0.9547912,False,0.9641504,0.51302135,0.9059448,Hard
3377,0,0,0.61156917,True,0,0.72938526,True,0,0.95633006,True,0.96567285,0.51609164,0.87740636,Easy
3378,1,1,0.5447293,True,1,0.9324028,True,1,0.98415035,True,0.9646562,0.4971516,0.8787266,Easy
3379,1,1,0.5629219,True,1,0.6947844,True,1,0.96106005,True,0.96814245,0.51628214,0.7918167,Easy
3380,0,0,0.6031221,True,0,0.7298068,True,0,0.9984251,True,0.96352375,0.5151698,0.89736223,Easy
3381,0,1,0.53095883,False,1,0.66498107,False,0,0.6427158,True,0.96632814,0.5167915,0.92751044,Graph_Only
3382,1,1,0.54594356,True,1,0.7601334,True,1,0.93950015,True,0.96470463,0.51542294,0.90187347,Easy
3383,0,1,0.52087533,False,1,0.7756692,False,1,0.9370641,False,0.96487427,0.5068694,0.86685884,Hard
3384,0,0,0.59491205,True,0,0.90669864,True,0,0.99555236,True,0.9644924,0.5240187,0.8926846,Easy
3385,1,0,0.51698464,False,1,0.89018863,True,1,0.6720664,True,0.9647677,0.5013222,0.9406292,Easy
3386,0,0,0.5702202,True,0,0.79588056,True,0,0.99118644,True,0.9687251,0.5133323,0.7939609,Easy
3387,0,0,0.5739833,True,0,0.85474175,True,0,0.94512266,True,0.96859753,0.5235282,0.8770397,Easy
3388,1,1,0.5083516,True,1,0.9473474,True,1,0.9763005,True,0.9600345,0.5009758,0.7334533,Easy
3389,1,1,0.5159476,True,1,0.8344806,True,1,0.9653628,True,0.9639405,0.5104604,0.89741004,Easy
3390,0,0,0.6262766,True,0,0.8088907,True,0,0.9835242,True,0.96531224,0.5199275,0.0,Easy
3391,0,1,0.5093569,False,1,0.7166544,False,1,0.6137885,False,0.96453106,0.50654846,0.8910963,Hard
3392,1,1,0.5398093,True,1,0.5567875,True,1,0.965984,True,0.96501863,0.5198897,0.9065236,Easy
3393,0,0,0.5645413,True,0,0.9798496,True,0,0.9982679,True,0.9599402,0.52836186,0.0,Easy
3394,0,0,0.5487119,True,0,0.86607075,True,0,0.99446577,True,0.96604383,0.51851195,0.7491152,Easy
3395,1,1,0.5012774,True,1,0.56814617,True,1,0.9128476,True,0.9648659,0.51558053,0.89410055,Easy
3396,0,0,0.62417525,True,1,0.66395175,False,0,0.98175013,True,0.9673963,0.49980575,0.8193946,Graph_Only
3397,1,0,0.6797689,False,1,0.50964254,True,0,0.64507437,False,0.9649457,0.51291627,0.0,Text_Only
3398,0,0,0.67438185,True,0,0.64831185,True,0,0.9657561,True,0.96546406,0.5126727,0.92039716,Easy
3399,1,1,0.52646375,True,1,0.71874225,True,1,0.78509843,True,0.96764326,0.51071984,0.85639286,Easy
3400,1,1,0.5379089,True,1,0.8149994,True,1,0.91551584,True,0.96401286,0.49848005,0.8752694,Easy
3401,0,1,0.5101625,False,1,0.7051573,False,1,0.77827054,False,0.96463466,0.51667464,0.8679441,Hard
3402,0,0,0.5370548,True,1,0.74210316,False,0,0.7607203,True,0.9656081,0.5113889,0.92862993,Graph_Only
3403,1,0,0.5777785,False,0,0.592528,False,1,0.61655533,True,0.9646201,0.52054226,0.92608076,Graph_Only
3404,1,1,0.52348953,True,1,0.9133814,True,1,0.84938383,True,0.96425617,0.49286965,0.8277489,Easy
3405,1,1,0.5157177,True,1,0.81955266,True,1,0.9485018,True,0.9690358,0.5038897,0.0,Easy
3406,0,0,0.56622815,True,0,0.9808264,True,0,0.9981164,True,0.9635408,0.52752274,0.8267044,Easy
3407,0,0,0.5857623,True,0,0.87819725,True,0,0.984221,True,0.9628859,0.51649934,0.87162244,Easy
3408,0,0,0.5919499,True,0,0.7352196,True,0,0.9861519,True,0.9660727,0.5170401,0.91777587,Easy
3409,0,1,0.5807167,False,1,0.5823975,False,1,0.5553488,False,0.96630776,0.518854,0.89778715,Hard
3410,0,0,0.5887927,True,0,0.7671633,True,0,0.88217443,True,0.9633127,0.51755166,0.8469842,Easy
3411,1,1,0.5056692,True,1,0.87189573,True,1,0.97005725,True,0.9639853,0.5090043,0.9014623,Easy
3412,1,1,0.5328819,True,1,0.84376436,True,1,0.8916237,True,0.96337223,0.5047901,0.8994,Easy
3413,1,1,0.51180303,True,1,0.808676,True,1,0.9784862,True,0.9636084,0.5209775,0.864787,Easy
3414,1,1,0.5135948,True,1,0.7727655,True,1,0.9596409,True,0.96417284,0.51002437,0.8901254,Easy
3415,0,0,0.6192691,True,0,0.8515691,True,0,0.9880034,True,0.96521926,0.52208835,0.930093,Easy
3416,1,1,0.50677836,True,1,0.89995575,True,1,0.9746071,True,0.9613689,0.5011602,0.8932872,Easy
3417,1,0,0.6154367,False,0,0.5833731,False,0,0.51625085,False,0.96953154,0.51816297,0.8786465,Hard
3418,1,1,0.5115379,True,1,0.82145363,True,1,0.955728,True,0.96401715,0.49840328,0.9180323,Easy
3419,1,0,0.6027386,False,0,0.5540621,False,1,0.69237834,True,0.9634548,0.5140936,0.0,Graph_Only
3420,0,0,0.6827141,True,0,0.55731225,True,0,0.83890307,True,0.96406543,0.51193565,0.87160945,Easy
3421,0,0,0.5081655,True,1,0.6474664,False,1,0.78089094,False,0.96560735,0.50700843,0.85922086,Hard
3422,1,0,0.55246395,False,1,0.5410667,True,1,0.5602251,True,0.9677228,0.5101206,0.9257231,Easy
3423,1,1,0.529752,True,1,0.65290886,True,1,0.8432783,True,0.9680731,0.51574904,0.8191366,Easy
3424,0,0,0.65287656,True,0,0.5436763,True,0,0.97959685,True,0.96502316,0.51092535,0.85729736,Easy
3425,0,0,0.5766945,True,0,0.7086194,True,0,0.590917,True,0.9689781,0.52816075,0.8120701,Easy
3426,1,1,0.5009579,True,1,0.7304715,True,1,0.94922084,True,0.96860564,0.5033889,0.82338876,Easy
3427,1,0,0.5542898,False,1,0.6790661,True,1,0.8699148,True,0.96315706,0.5049522,0.0,Easy
3428,0,0,0.56507766,True,0,0.9417396,True,0,0.99928206,True,0.9626382,0.52427155,0.86144805,Easy
3429,1,1,0.5390822,True,1,0.63900673,True,1,0.8794322,True,0.9648496,0.51085377,0.8716352,Easy
3430,0,1,0.5050636,False,1,0.7166731,False,1,0.79954344,False,0.9636816,0.5070204,0.92217124,Hard
3431,0,1,0.56678,False,1,0.51897764,False,1,0.6416759,False,0.9676906,0.52325976,0.8642529,Hard
3432,1,0,0.61473966,False,0,0.65639883,False,0,0.8928982,False,0.96990836,0.516629,0.8595321,Hard
3433,0,1,0.56976616,False,1,0.6817576,False,1,0.580156,False,0.96497804,0.51737845,0.8611412,Hard
3434,0,0,0.58504784,True,0,0.9266438,True,0,0.99535817,True,0.9650121,0.523956,0.7632883,Easy
3435,0,1,0.5623625,False,1,0.8096294,False,1,0.9704597,False,0.9650072,0.51183146,0.75922096,Hard
3436,0,0,0.50852066,True,0,0.57205,True,0,0.620196,True,0.9693377,0.5191752,0.7741321,Easy
3437,1,1,0.5421878,True,1,0.87213373,True,1,0.9299858,True,0.9640641,0.50851405,0.9454598,Easy
3438,1,0,0.5117594,False,1,0.74966586,True,1,0.903778,True,0.96607447,0.5092252,0.8669315,Easy
3439,1,1,0.51921976,True,1,0.81934714,True,1,0.94096255,True,0.9640794,0.50657034,0.8737559,Easy
3440,0,0,0.58281904,True,1,0.5409318,False,1,0.6243035,False,0.96787286,0.5150489,0.8644521,Hard
3441,0,0,0.6901469,True,0,0.54573536,True,0,0.77048296,True,0.9696335,0.5150945,0.9002229,Easy
3442,0,0,0.7205428,True,0,0.57832,True,0,0.87596756,True,0.96521354,0.5163678,0.0,Easy
3443,1,0,0.5584181,False,1,0.82584566,True,1,0.60722315,True,0.9665357,0.5027128,0.83546674,Easy
3444,1,1,0.5359888,True,1,0.6695488,True,1,0.9005141,True,0.96767914,0.51131016,0.8545666,Easy
3445,0,1,0.5630795,False,1,0.87134296,False,1,0.9644907,False,0.9660964,0.5035801,0.8887664,Hard
3446,0,1,0.5095403,False,1,0.93404233,False,1,0.8203437,False,0.9644581,0.4924828,0.84038293,Hard
3447,1,1,0.56439364,True,1,0.7782024,True,1,0.96168643,True,0.96920204,0.509416,0.81264627,Easy
3448,1,1,0.5246167,True,1,0.95882714,True,1,0.9873575,True,0.9612967,0.4947143,0.83615744,Easy
3449,1,1,0.5038475,True,1,0.96162426,True,1,0.98449856,True,0.95808464,0.497572,0.7633994,Easy
3450,1,0,0.5512571,False,1,0.7358147,True,1,0.75025576,True,0.96787715,0.5066734,0.9098427,Easy
3451,0,0,0.6030825,True,0,0.9106233,True,0,0.99621624,True,0.9646503,0.5247173,0.77529454,Easy
3452,1,0,0.5426266,False,1,0.57140595,True,1,0.51356465,True,0.96689427,0.51441646,0.8232261,Easy
3453,0,0,0.57244086,True,0,0.83108467,True,0,0.99421656,True,0.9689798,0.5206786,0.77208865,Easy
3454,1,1,0.52695155,True,1,0.91038346,True,1,0.905762,True,0.96476364,0.50201315,0.87882674,Easy
3455,1,1,0.5333571,True,1,0.74037725,True,1,0.68649983,True,0.96762747,0.5017031,0.8705976,Easy
3456,0,1,0.5277335,False,1,0.7912336,False,1,0.8980594,False,0.96612024,0.5021857,0.9079884,Hard
3457,1,0,0.52879477,False,1,0.65995455,True,1,0.6343456,True,0.9670659,0.5091842,0.0,Easy
3458,1,1,0.5480833,True,1,0.881512,True,1,0.97448575,True,0.96387184,0.49809065,0.89984924,Easy
3459,1,1,0.5298572,True,1,0.6960931,True,1,0.97804683,True,0.96808934,0.5100663,0.7493954,Easy
3460,1,1,0.5169022,True,1,0.90670353,True,1,0.9871314,True,0.96403694,0.50199103,0.7912419,Easy
3461,1,1,0.538482,True,1,0.5422739,True,0,0.5206685,False,0.96892196,0.5127208,0.0,Text_Only
3462,0,0,0.61447835,True,1,0.8631629,False,0,0.81721747,True,0.96744645,0.49740523,0.7808411,Graph_Only
3463,1,0,0.56273854,False,1,0.6164969,True,0,0.70590335,False,0.9701773,0.5084978,0.93396246,Text_Only
3464,1,1,0.5426924,True,1,0.94175357,True,1,0.970595,True,0.96437496,0.49644086,0.7714195,Easy
3465,1,1,0.51141155,True,1,0.92514867,True,1,0.97876084,True,0.9654112,0.49939913,0.8426434,Easy
3466,1,1,0.5223629,True,1,0.8656237,True,1,0.9373402,True,0.96863747,0.5040166,0.7810011,Easy
3467,1,1,0.53624713,True,1,0.7135549,True,1,0.9107365,True,0.9684175,0.50727737,0.7998872,Easy
3468,0,0,0.5707973,True,0,0.6815403,True,0,0.7970477,True,0.9689378,0.5205626,0.8794678,Easy
3469,1,1,0.54444796,True,1,0.95337224,True,1,0.997678,True,0.9622333,0.5018947,0.8305706,Easy
3470,1,1,0.52566266,True,1,0.9240382,True,1,0.98360634,True,0.96663404,0.5023994,0.73603326,Easy
3471,0,0,0.6733711,True,0,0.7069239,True,0,0.97209316,True,0.9673539,0.5156469,0.89914334,Easy
3472,1,1,0.53095084,True,1,0.94401807,True,1,0.9896125,True,0.9598898,0.50697666,0.8510679,Easy
3473,1,0,0.5848371,False,1,0.7788527,True,1,0.51375324,True,0.9693608,0.5031748,0.8332842,Easy
3474,1,1,0.5271263,True,1,0.69755465,True,1,0.9101908,True,0.9664696,0.52288264,0.90198773,Easy
3475,1,1,0.52448654,True,1,0.7897649,True,1,0.9742881,True,0.9682772,0.51082456,0.8237373,Easy
3476,1,1,0.59507143,True,1,0.7161988,True,1,0.93303317,True,0.968366,0.50879776,0.7621753,Easy
3477,1,1,0.567457,True,1,0.8369366,True,1,0.98560244,True,0.9654226,0.50668305,0.9201806,Easy
3478,0,0,0.5517131,True,0,0.6577424,True,0,0.9540378,True,0.97150695,0.5160717,0.8201264,Easy
3479,1,1,0.53407055,True,1,0.93392193,True,1,0.9927776,True,0.965093,0.5042938,0.0,Easy
3480,0,0,0.57181287,True,1,0.60397947,False,0,0.5287607,True,0.96600306,0.5127035,0.921803,Graph_Only
3481,1,0,0.57318217,False,1,0.54072654,True,0,0.60665274,False,0.9682605,0.5203091,0.9385003,Text_Only
3482,1,1,0.53940773,True,1,0.8736919,True,1,0.9899351,True,0.96748877,0.5082618,0.883941,Easy
3483,0,0,0.6068131,True,0,0.5669645,True,0,0.7195302,True,0.96788776,0.52131164,0.7660506,Easy
3484,1,1,0.5404696,True,1,0.52662367,True,1,0.6974626,True,0.96772456,0.5176056,0.90509075,Easy
3485,1,0,0.5040077,False,1,0.7045649,True,1,0.9324189,True,0.9694989,0.5075454,0.92268807,Easy
3486,1,0,0.5196478,False,1,0.60329986,True,1,0.8749891,True,0.96723485,0.5150532,0.91491807,Easy
3487,1,1,0.5414248,True,1,0.9596441,True,1,0.99808085,True,0.963268,0.50586474,0.79131126,Easy
3488,1,1,0.525612,True,1,0.7556216,True,1,0.9479869,True,0.9652431,0.50619245,0.0,Easy
3489,1,1,0.5429301,True,0,0.52716875,False,1,0.93914235,True,0.97069526,0.5156033,0.8100617,Graph_Only
3490,1,1,0.53668845,True,1,0.9511594,True,1,0.9975298,True,0.9610456,0.50415105,0.8265605,Easy
3491,0,1,0.5443828,False,1,0.64224327,False,1,0.7642414,False,0.968735,0.5058018,0.87720597,Hard
3492,0,0,0.56565344,True,1,0.72446716,False,1,0.69375056,False,0.96452105,0.50959337,0.89659584,Hard
3493,1,1,0.5322267,True,1,0.77937174,True,1,0.97736424,True,0.9645729,0.5125934,0.0,Easy
3494,1,1,0.5327227,True,1,0.8111574,True,1,0.94935244,True,0.96557057,0.5094551,0.8549588,Easy
3495,1,0,0.50953144,False,1,0.8549822,True,1,0.77454334,True,0.9678532,0.4974029,0.7737794,Easy
3496,0,0,0.52728325,True,1,0.7162583,False,0,0.750136,True,0.9679187,0.5098852,0.86372894,Graph_Only
3497,0,0,0.5755662,True,0,0.9120028,True,0,0.99250984,True,0.96821773,0.52176166,0.8624313,Easy
3498,1,0,0.5067005,False,1,0.7862422,True,1,0.9591299,True,0.96323717,0.51046675,0.0,Easy
3499,1,1,0.5263042,True,1,0.9665619,True,1,0.99418443,True,0.96067536,0.4964573,0.8757963,Easy
3500,0,0,0.55694246,True,1,0.7372989,False,0,0.63918567,True,0.96591437,0.5076126,0.89413655,Graph_Only
3501,1,1,0.51539147,True,1,0.71805334,True,1,0.8971782,True,0.9757142,0.5115416,0.6468097,Easy
3502,1,1,0.54312027,True,1,0.87572587,True,1,0.9930593,True,0.96588534,0.50508446,0.83988076,Easy
3503,1,1,0.5179974,True,1,0.8695964,True,1,0.90087545,True,0.9646782,0.49680334,0.80142474,Easy
3504,1,0,0.69154686,False,0,0.53531843,False,0,0.66377133,False,0.9682107,0.5132853,0.0,Hard
3505,1,0,0.54567206,False,1,0.68927896,True,1,0.7698403,True,0.9674762,0.51598006,0.8822415,Easy
3506,1,1,0.5425939,True,1,0.8867379,True,1,0.9748716,True,0.9653703,0.5043319,0.8190166,Easy
3507,0,0,0.572832,True,1,0.5994076,False,0,0.69378966,True,0.9677456,0.5124841,0.8503009,Graph_Only
3508,1,1,0.5568893,True,1,0.74619216,True,1,0.99419034,True,0.9655804,0.51315975,0.83033085,Easy
3509,1,1,0.59076333,True,1,0.5376867,True,1,0.62367034,True,0.96962374,0.5250372,0.767501,Easy
3510,1,1,0.5335139,True,1,0.9193873,True,1,0.9631946,True,0.96267307,0.50195175,0.77774096,Easy
3511,1,1,0.53337973,True,1,0.8352282,True,1,0.77998483,True,0.96770966,0.502019,0.84035695,Easy
3512,1,0,0.52567506,False,1,0.96763813,True,1,0.96824676,True,0.9613569,0.49267375,0.6994722,Easy
3513,1,1,0.53841364,True,1,0.8639974,True,1,0.96097034,True,0.96523416,0.5056751,0.89050245,Easy
3514,0,0,0.65589416,True,0,0.69074875,True,0,0.98435587,True,0.96649826,0.5147029,0.88808894,Easy
3515,1,1,0.52327657,True,1,0.9787871,True,1,0.9976017,True,0.95951974,0.5017547,0.7698735,Easy
3516,1,1,0.53183895,True,1,0.93754804,True,1,0.9880684,True,0.96463144,0.5004637,0.8116348,Easy
3517,0,0,0.5135034,True,1,0.7849589,False,1,0.78272426,False,0.96483874,0.5061159,0.84706223,Hard
3518,0,0,0.54537237,True,0,0.7928828,True,0,0.5400445,True,0.9686155,0.52582,0.7477823,Easy
3519,0,0,0.69250566,True,1,0.619242,False,0,0.9442762,True,0.96800023,0.5070224,0.8496065,Graph_Only
3520,1,1,0.54453576,True,1,0.9391927,True,1,0.98732144,True,0.9636943,0.5043566,0.82286125,Easy
3521,0,0,0.5341217,True,1,0.8208547,False,1,0.76814944,False,0.9639858,0.5030684,0.8861172,Hard
3522,1,1,0.5077049,True,1,0.79527277,True,1,0.9675918,True,0.9663323,0.5038017,0.873399,Easy
3523,0,0,0.6573524,True,0,0.6902713,True,0,0.84755397,True,0.9683981,0.51393837,0.88280344,Easy
3524,0,0,0.60900784,True,0,0.67859334,True,0,0.9228106,True,0.9673852,0.52283823,0.8650939,Easy
3525,1,0,0.53265584,False,0,0.5506343,False,1,0.91092163,True,0.9667711,0.5187513,0.8833916,Graph_Only
3526,1,1,0.5519923,True,1,0.8948179,True,1,0.991281,True,0.9664527,0.50306284,0.83139205,Easy
3527,1,1,0.5500181,True,1,0.53327966,True,1,0.95520496,True,0.9691399,0.5170372,0.7774724,Easy
3528,1,1,0.55315405,True,1,0.8682858,True,1,0.984271,True,0.9674676,0.5052279,0.79918,Easy
3529,1,0,0.529052,False,1,0.920378,True,1,0.5880105,True,0.96534336,0.49191517,0.0,Easy
3530,1,1,0.538228,True,1,0.85788816,True,1,0.98054767,True,0.96715903,0.5019741,0.7158249,Easy
3531,1,0,0.55825776,False,0,0.658336,False,0,0.5228911,False,0.96754193,0.52286464,0.7919526,Hard
3532,1,1,0.53368074,True,1,0.8128069,True,1,0.9218301,True,0.9640586,0.50565237,0.8972719,Easy
3533,1,1,0.5302744,True,1,0.83621794,True,1,0.9904062,True,0.96643543,0.5049699,0.8157362,Easy
3534,1,0,0.5019726,False,1,0.69151324,True,1,0.78458655,True,0.96720433,0.51582223,0.8902832,Easy
3535,0,0,0.54957557,True,1,0.5379621,False,0,0.65230536,True,0.96835816,0.5129646,0.8347621,Graph_Only
3536,1,1,0.5392791,True,1,0.89161915,True,1,0.97195834,True,0.96298575,0.5044388,0.8189346,Easy
3537,1,0,0.55030066,False,0,0.6252457,False,0,0.62977964,False,0.9682601,0.5211398,0.7914076,Hard
3538,1,1,0.5150016,True,1,0.9619937,True,1,0.9722702,True,0.96269023,0.4940152,0.0,Easy
3539,1,1,0.52073884,True,1,0.8920661,True,1,0.97038347,True,0.96506935,0.5055924,0.8103467,Easy
3540,0,0,0.51843077,True,1,0.5400711,False,0,0.56982696,True,0.96785754,0.5213493,0.82524955,Graph_Only
3541,1,1,0.54249424,True,1,0.7735499,True,1,0.96955216,True,0.96856153,0.5045435,0.82298076,Easy
3542,0,0,0.52999985,True,1,0.5335662,False,0,0.53714186,True,0.9682306,0.51776826,0.85218406,Graph_Only
3543,1,1,0.5001187,True,1,0.72528917,True,1,0.87212586,True,0.9663052,0.5071257,0.0,Easy
3544,0,0,0.66273415,True,0,0.563753,True,0,0.9438421,True,0.97226816,0.5088233,0.8823697,Easy
3545,1,0,0.5196764,False,0,0.53069127,False,1,0.7837752,True,0.9698795,0.51091945,0.0,Graph_Only
3546,1,0,0.5091852,False,1,0.7281253,True,1,0.6517686,True,0.96552384,0.51230717,0.81941247,Easy
3547,1,1,0.54759765,True,1,0.9300875,True,1,0.97356343,True,0.9642387,0.50192153,0.814152,Easy
3548,0,1,0.52485377,False,1,0.8708144,False,1,0.6116195,False,0.9661267,0.5054974,0.905049,Hard
3549,1,1,0.55835164,True,1,0.800136,True,1,0.6539483,True,0.9663509,0.5100759,0.7860271,Easy
3550,1,1,0.5306078,True,1,0.9622412,True,1,0.9963728,True,0.96105915,0.4996942,0.8910356,Easy
3551,1,1,0.5362754,True,1,0.86446935,True,1,0.98183423,True,0.9655061,0.5079008,0.80339885,Easy
3552,1,1,0.5688142,True,1,0.6264117,True,1,0.912784,True,0.96785223,0.51569563,0.8466008,Easy
3553,1,0,0.5428163,False,1,0.80334926,True,1,0.62729645,True,0.9658843,0.50315946,0.8860244,Easy
3554,0,0,0.61773884,True,1,0.5708681,False,0,0.5885891,True,0.9675537,0.5143505,0.90320885,Graph_Only
3555,0,0,0.6293339,True,0,0.7512935,True,0,0.9293523,True,0.96560264,0.52198553,0.0,Easy
3556,0,0,0.60024685,True,0,0.86466473,True,0,0.98704565,True,0.96675074,0.5262993,0.86921585,Easy
3557,1,1,0.5200021,True,1,0.97456735,True,1,0.9915672,True,0.96031654,0.49101084,0.86423445,Easy
3558,1,1,0.5012342,True,1,0.8959301,True,1,0.9531699,True,0.9646213,0.50148,0.86634594,Easy
3559,1,1,0.53088206,True,1,0.92753756,True,1,0.9644168,True,0.9632209,0.50411385,0.811147,Easy
3560,1,0,0.5232365,False,0,0.58228123,False,0,0.66489005,False,0.9682957,0.52016073,0.86312914,Hard
3561,1,1,0.5422084,True,1,0.8487495,True,1,0.86448765,True,0.96635866,0.5115211,0.8602393,Easy
3562,0,0,0.6383419,True,1,0.6519823,False,0,0.89449793,True,0.96893597,0.5114983,0.937968,Graph_Only
3563,1,0,0.52390075,False,1,0.6322194,True,1,0.6042107,True,0.9674317,0.5098601,0.91596067,Easy
3564,1,1,0.5029408,True,1,0.70457715,True,1,0.6688666,True,0.9687338,0.5071402,0.78284353,Easy
3565,1,1,0.51751584,True,1,0.9361214,True,1,0.9929041,True,0.9642898,0.5031123,0.7766615,Easy
3566,1,1,0.5545015,True,1,0.61636347,True,1,0.8999542,True,0.96815836,0.5231166,0.79070854,Easy
3567,1,1,0.53618044,True,1,0.96378165,True,1,0.9974825,True,0.9610913,0.50629604,0.83547556,Easy
3568,1,0,0.5343067,False,1,0.6737002,True,1,0.71694547,True,0.96707904,0.5131868,0.92698616,Easy
3569,1,1,0.5016554,True,1,0.9352423,True,1,0.95809716,True,0.9623043,0.49935135,0.0,Easy
3570,1,1,0.5236441,True,1,0.9472655,True,1,0.98500973,True,0.9638777,0.5002901,0.72373533,Easy
3571,1,1,0.5331832,True,1,0.94361204,True,1,0.98170954,True,0.9634994,0.49993005,0.7709621,Easy
3572,1,1,0.5112086,True,1,0.6667442,True,1,0.59909934,True,0.96675134,0.5141601,0.8888204,Easy
3573,1,0,0.6393743,False,1,0.55577826,True,0,0.55029935,False,0.9678365,0.51441914,0.8590815,Text_Only
3574,1,1,0.5449454,True,1,0.8456339,True,1,0.9821576,True,0.9661046,0.51114213,0.85554093,Easy
3575,1,1,0.51175684,True,1,0.92798585,True,1,0.9189292,True,0.966048,0.50426745,0.7975618,Easy
3576,1,1,0.5057495,True,1,0.8828321,True,1,0.7801576,True,0.9640233,0.5056232,0.8076319,Easy
3577,0,0,0.54923844,True,0,0.8980033,True,0,0.9984862,True,0.9686,0.5221698,0.9048381,Easy
3578,1,1,0.54417306,True,1,0.9215631,True,1,0.99540824,True,0.96334684,0.50046575,0.8161464,Easy
3579,1,1,0.5229617,True,1,0.98124146,True,1,0.9953798,True,0.95855045,0.49754435,0.86782146,Easy
3580,1,1,0.5280359,True,1,0.93044215,True,1,0.9539124,True,0.96260345,0.49422663,0.8286186,Easy
3581,1,1,0.5366494,True,1,0.9649348,True,1,0.9947408,True,0.9609638,0.50072664,0.80302393,Easy
3582,1,1,0.5053106,True,1,0.6802998,True,1,0.913422,True,0.96525455,0.5132133,0.90765566,Easy
3583,0,0,0.5228826,True,1,0.8065947,False,1,0.5499611,False,0.965573,0.50438035,0.83829015,Hard
3584,1,1,0.5500443,True,0,0.5112956,False,1,0.7413411,True,0.97112125,0.52465343,0.87917995,Graph_Only
3585,1,1,0.5469308,True,1,0.8497309,True,1,0.9525011,True,0.9660368,0.51041734,0.9046359,Easy
3586,1,1,0.58480823,True,0,0.5621549,False,1,0.9189611,True,0.97011864,0.52362853,0.88232505,Graph_Only
3587,1,1,0.59031755,True,1,0.55422443,True,1,0.93032795,True,0.96950316,0.5165009,0.86354816,Easy
3588,1,0,0.6120241,False,1,0.6002795,True,1,0.551294,True,0.9673132,0.50993145,0.0,Easy
3589,1,0,0.59856695,False,0,0.67786247,False,0,0.58848685,False,0.96839184,0.52315503,0.8125483,Hard
3590,1,1,0.5465119,True,1,0.8624998,True,1,0.9933175,True,0.9669796,0.5074727,0.0,Easy
3591,1,1,0.5387519,True,1,0.9580339,True,1,0.99734205,True,0.9621699,0.5039467,0.79545164,Easy
3592,1,1,0.53087693,True,1,0.8772054,True,1,0.9813674,True,0.96388745,0.5090241,0.8686037,Easy
3593,1,1,0.5133364,True,1,0.8032829,True,1,0.9472347,True,0.96927035,0.5002523,0.8041482,Easy
3594,1,1,0.55813646,True,1,0.8101364,True,1,0.9779173,True,0.96345985,0.5147613,0.8964565,Easy
3595,1,0,0.51419353,False,1,0.7647343,True,1,0.61798775,True,0.96799505,0.5071051,0.8101413,Easy
3596,0,0,0.68019724,True,1,0.5230639,False,0,0.99757963,True,0.9688512,0.5101087,0.79675627,Graph_Only
3597,0,1,0.51600605,False,1,0.7749389,False,1,0.7990058,False,0.96549726,0.50758725,0.8854327,Hard
3598,0,0,0.5554448,True,1,0.7326443,False,0,0.7460016,True,0.96489424,0.5091147,0.83596236,Graph_Only
3599,1,0,0.51361614,False,1,0.6935587,True,1,0.9580164,True,0.9686909,0.51068383,0.0,Easy
3600,1,0,0.5407286,False,0,0.5001177,False,1,0.53091574,True,0.9651464,0.5193649,0.81786084,Graph_Only
3601,1,1,0.51143324,True,1,0.87517184,True,1,0.9666567,True,0.96731,0.5023231,0.80449104,Easy
3602,0,0,0.704048,True,0,0.61227596,True,0,0.9361713,True,0.9679334,0.5180871,0.9074397,Easy
3603,1,0,0.5651611,False,1,0.521332,True,0,0.5329638,False,0.96748775,0.5181339,0.9466847,Text_Only
3604,0,0,0.5911357,True,0,0.8887639,True,0,0.9408405,True,0.97085273,0.5261457,0.7494209,Easy
3605,1,0,0.5247501,False,0,0.6118138,False,1,0.7737502,True,0.9677317,0.52107674,0.88048565,Graph_Only
3606,1,1,0.51908773,True,0,0.52455425,False,1,0.7841697,True,0.96919346,0.51650494,0.86989033,Graph_Only
3607,1,1,0.5285486,True,1,0.6259637,True,1,0.96800965,True,0.9665897,0.5160128,0.91383594,Easy
3608,1,1,0.5306825,True,1,0.72744656,True,1,0.97958046,True,0.96775365,0.50776494,0.8738942,Easy
3609,0,0,0.59612423,True,0,0.58816,True,0,0.6386783,True,0.96798766,0.52181154,0.83881664,Easy
3610,0,0,0.5948659,True,0,0.9173796,True,0,0.9677752,True,0.96757555,0.530999,0.86542284,Easy
3611,1,1,0.52515197,True,1,0.96968734,True,1,0.996476,True,0.96114635,0.5009211,0.82247794,Easy
3612,1,1,0.5041521,True,1,0.65309876,True,1,0.91882586,True,0.9644722,0.51836586,0.839234,Easy
3613,1,0,0.61441827,False,1,0.60110575,True,1,0.53985167,True,0.96894145,0.5117779,0.8543265,Easy
3614,0,0,0.6028409,True,1,0.79203236,False,0,0.7422358,True,0.96629834,0.5008869,0.90023273,Graph_Only
3615,1,1,0.5402994,True,1,0.9458017,True,1,0.98767054,True,0.9645951,0.4960609,0.7565831,Easy
3616,1,1,0.50928545,True,1,0.7522708,True,1,0.69339776,True,0.9683795,0.5079241,0.76844215,Easy
3617,0,0,0.55233485,True,1,0.89248866,False,1,0.51726663,False,0.96558607,0.49467555,0.90787286,Hard
3618,1,1,0.5035848,True,1,0.9716439,True,1,0.890531,True,0.9605813,0.49244812,0.70904934,Easy
3619,1,1,0.5260033,True,1,0.73197323,True,1,0.61170954,True,0.96825075,0.5161363,0.83568835,Easy
3620,0,0,0.62473327,True,0,0.7468776,True,0,0.8878947,True,0.9676533,0.5165599,0.8088796,Easy
3621,1,1,0.5319869,True,1,0.807154,True,1,0.9714145,True,0.9701261,0.5064777,0.8033987,Easy
3622,1,1,0.5407826,True,1,0.91595566,True,1,0.9833145,True,0.96470755,0.5030588,0.84570396,Easy
3623,0,0,0.63503057,True,0,0.5020631,True,1,0.5385233,False,0.9683318,0.5119547,0.0,Text_Only
3624,1,1,0.5457901,True,1,0.8279566,True,1,0.89256257,True,0.9653085,0.5082397,0.81597024,Easy
3625,1,1,0.50922805,True,1,0.7846902,True,1,0.8758739,True,0.96454406,0.514673,0.8228372,Easy
3626,1,1,0.5597499,True,1,0.8893761,True,1,0.99012977,True,0.96344995,0.5072055,0.81674385,Easy
3627,0,0,0.5122741,True,1,0.82724845,False,1,0.7389667,False,0.9665934,0.49782237,0.8908731,Hard
3628,1,1,0.53645855,True,1,0.96066,True,1,0.9941636,True,0.9634321,0.49744874,0.6794479,Easy
3629,1,1,0.53521425,True,1,0.7406789,True,1,0.9617697,True,0.967813,0.5025565,0.9275311,Easy
3630,1,1,0.54276514,True,1,0.85696244,True,1,0.97815657,True,0.9643737,0.5036629,0.80993223,Easy
3631,1,1,0.51567423,True,1,0.92481667,True,1,0.9838135,True,0.9661315,0.49938163,0.7646749,Easy
3632,1,1,0.5183641,True,1,0.8426346,True,1,0.9572534,True,0.9649864,0.5045049,0.0,Easy
3633,0,0,0.6569466,True,0,0.5077818,True,0,0.52791303,True,0.967129,0.51302487,0.0,Easy
3634,1,0,0.53779215,False,1,0.75759894,True,1,0.62823975,True,0.9661619,0.5111097,0.94968617,Easy
3635,1,1,0.5578512,True,1,0.914886,True,1,0.9948013,True,0.9639266,0.5042671,0.9144994,Easy
3636,1,1,0.53782773,True,1,0.8611773,True,1,0.9803514,True,0.9674568,0.5071198,0.77403444,Easy
3637,0,0,0.592314,True,0,0.7702249,True,0,0.9106285,True,0.9719043,0.52106315,0.80751646,Easy
3638,1,1,0.52792627,True,1,0.9697168,True,1,0.99756694,True,0.9604069,0.5053541,0.83790094,Easy
3639,1,1,0.5078278,True,1,0.7811687,True,1,0.62556905,True,0.9661735,0.50433815,0.8868655,Easy
3640,1,1,0.5422577,True,1,0.8239799,True,1,0.9789105,True,0.96709764,0.5052393,0.7930944,Easy
3641,1,0,0.5126374,False,1,0.910117,True,1,0.96091884,True,0.9635578,0.4971475,0.8806275,Easy
3642,1,1,0.5356566,True,1,0.57676744,True,1,0.8778305,True,0.96840835,0.5152907,0.8848654,Easy
3643,1,1,0.5483609,True,1,0.92796284,True,1,0.98503935,True,0.96262497,0.5025436,0.8624555,Easy
3644,1,0,0.5042388,False,1,0.8425705,True,1,0.9522649,True,0.9665788,0.50328517,0.0,Easy
3645,0,0,0.64865726,True,0,0.7341135,True,0,0.9531317,True,0.96928525,0.5230599,0.83751976,Easy
3646,1,0,0.5514902,False,1,0.54110616,True,1,0.7508588,True,0.96916,0.5146004,0.8217149,Easy
3647,1,1,0.53420836,True,1,0.9597885,True,1,0.9991227,True,0.9622179,0.50584626,0.8568096,Easy
3648,1,1,0.5016715,True,1,0.78161186,True,1,0.59375745,True,0.96634567,0.5006228,0.8362356,Easy
3649,1,1,0.50820065,True,1,0.79527706,True,1,0.979285,True,0.963487,0.5094524,0.8341433,Easy
3650,1,1,0.5091998,True,1,0.79980963,True,1,0.94445676,True,0.9636439,0.509051,0.79593754,Easy
3651,1,1,0.5213341,True,1,0.98415655,True,1,0.998628,True,0.95777005,0.5013683,0.791129,Easy
3652,1,1,0.51809144,True,1,0.8528129,True,1,0.9229164,True,0.96851254,0.50635064,0.8173991,Easy
3653,1,1,0.5448335,True,1,0.57881296,True,1,0.88209957,True,0.9687062,0.52235806,0.7738876,Easy
3654,0,1,0.5314554,False,0,0.5331709,True,0,0.6286701,True,0.96675694,0.5225036,0.884139,Easy
3655,1,0,0.53684825,False,1,0.64975625,True,1,0.8893422,True,0.96676683,0.51048785,0.0,Easy
3656,1,0,0.7237443,False,0,0.52733904,False,0,0.8082904,False,0.9661868,0.5100293,0.93379104,Hard
3657,0,1,0.5057057,False,1,0.7928059,False,0,0.6041404,True,0.9680147,0.51269853,0.6829304,Graph_Only
3658,1,1,0.5009283,True,1,0.6164135,True,1,0.8714622,True,0.9707183,0.5089834,0.81730783,Easy
3659,1,1,0.5328963,True,1,0.9414137,True,1,0.9855919,True,0.96403897,0.5048521,0.90719306,Easy
3660,1,1,0.5240126,True,1,0.8993044,True,1,0.9956801,True,0.96245,0.51431537,0.7762851,Easy
3661,0,0,0.5034778,True,1,0.879881,False,1,0.9294151,False,0.96404016,0.50300986,0.83493245,Hard
3662,1,0,0.54840964,False,0,0.60389566,False,1,0.85425884,True,0.96535915,0.5270094,0.8603678,Graph_Only
3663,1,1,0.52937114,True,1,0.81319577,True,1,0.94327873,True,0.967477,0.50465125,0.8193922,Easy
3664,0,0,0.6076769,True,0,0.8349986,True,0,0.7628872,True,0.9677042,0.51624376,0.9239949,Easy
3665,1,1,0.5284046,True,1,0.93938494,True,1,0.9967259,True,0.96325016,0.50538045,0.8087313,Easy
3666,1,1,0.54202783,True,1,0.9179041,True,1,0.9718555,True,0.9627137,0.5106577,0.86415255,Easy
3667,1,0,0.5369557,False,1,0.5368448,True,1,0.7176125,True,0.96926314,0.51185715,0.8958489,Easy
3668,0,0,0.58111525,True,0,0.92851764,True,0,0.9977049,True,0.96683145,0.5224319,0.8474901,Easy
3669,1,1,0.54715425,True,1,0.5985622,True,1,0.9425277,True,0.97008854,0.52035224,0.8089414,Easy
3670,0,0,0.56301755,True,1,0.86398035,False,0,0.81111556,True,0.96377087,0.49830112,0.91852266,Graph_Only
3671,0,0,0.59119,True,0,0.89544034,True,0,0.96250165,True,0.9703721,0.52807397,0.73679394,Easy
3672,1,0,0.50996953,False,1,0.7011204,True,1,0.7652,True,0.96602553,0.51191646,0.92341685,Easy
3673,1,0,0.5355221,False,1,0.83525026,True,1,0.69375694,True,0.96525186,0.50074285,0.79313946,Easy
3674,0,1,0.522251,False,1,0.7292486,False,0,0.5667414,True,0.96849144,0.50697994,0.0,Graph_Only
3675,1,1,0.5336489,True,1,0.96270967,True,1,0.9918172,True,0.96311444,0.50037134,0.82013625,Easy
3676,1,0,0.5519885,False,1,0.7857395,True,1,0.7857884,True,0.9664085,0.5021398,0.7499126,Easy
3677,1,1,0.5035015,True,1,0.8059543,True,1,0.976835,True,0.96713585,0.5045631,0.0,Easy
3678,1,0,0.59972703,False,0,0.82415724,False,0,0.90990084,False,0.97268295,0.52240103,0.0,Hard
3679,1,0,0.50453115,False,1,0.76108354,True,1,0.9104612,True,0.96392334,0.5183996,0.9035541,Easy
3680,0,0,0.629323,True,0,0.66921824,True,0,0.7981504,True,0.966606,0.51971877,0.7995556,Easy
3681,1,1,0.5044009,True,1,0.67417985,True,1,0.8744155,True,0.9679668,0.5033478,0.9150554,Easy
3682,0,0,0.57373005,True,0,0.76899403,True,0,0.84124607,True,0.9682769,0.5176744,0.0,Easy
3683,1,0,0.5330304,False,1,0.74483097,True,1,0.6355217,True,0.9636959,0.509621,0.83899426,Easy
3684,1,1,0.5513729,True,1,0.6383053,True,1,0.7652728,True,0.9656946,0.5167732,0.9365059,Easy
3685,1,1,0.5118617,True,1,0.94691026,True,1,0.99163944,True,0.9629611,0.49994704,0.8473891,Easy
3686,1,1,0.5231466,True,1,0.72512174,True,1,0.95710367,True,0.9697667,0.5091856,0.0,Easy
3687,0,0,0.5428657,True,0,0.5395615,True,0,0.6550563,True,0.9695051,0.5266521,0.86762774,Easy
3688,1,1,0.50606674,True,1,0.97454095,True,1,0.993472,True,0.95707726,0.50009876,0.0,Easy
3689,1,0,0.55094504,False,1,0.5681336,True,1,0.6997414,True,0.9660779,0.5146363,0.7620437,Easy
3690,0,0,0.5772933,True,0,0.6875292,True,0,0.978127,True,0.9710491,0.5167774,0.86408794,Easy
3691,1,1,0.5108846,True,1,0.8832149,True,1,0.90259296,True,0.9648285,0.49936503,0.0,Easy
3692,1,0,0.5007764,False,1,0.7323991,True,1,0.60447073,True,0.96601325,0.5131783,0.88271415,Easy
3693,1,1,0.55463606,True,1,0.88126886,True,1,0.99655735,True,0.9623934,0.5148822,0.8915601,Easy
3694,1,1,0.530097,True,1,0.8822878,True,1,0.98571825,True,0.9639996,0.5150841,0.89045477,Easy
3695,1,1,0.5208156,True,1,0.9593413,True,1,0.995285,True,0.9612692,0.50282097,0.8329207,Easy
3696,1,1,0.5088213,True,1,0.96785945,True,1,0.99416465,True,0.9581416,0.5007224,0.9189358,Easy
3697,1,1,0.51969916,True,1,0.8493672,True,1,0.9616065,True,0.96488214,0.50499487,0.917245,Easy
3698,1,0,0.5058305,False,1,0.5542667,True,1,0.5354878,True,0.96767724,0.5189026,0.7997781,Easy
3699,1,0,0.5507089,False,1,0.63187987,True,0,0.5977871,False,0.96774256,0.511576,0.0,Text_Only
3700,0,0,0.63269883,True,0,0.70287406,True,0,0.7558149,True,0.967137,0.5168922,0.0,Easy
3701,1,1,0.5070579,True,1,0.8529375,True,1,0.92970777,True,0.9645654,0.50333244,0.0,Easy
3702,1,1,0.5057085,True,1,0.69182694,True,1,0.75691056,True,0.9661991,0.51016176,0.8548533,Easy
3703,0,0,0.70048547,True,0,0.5381592,True,0,0.9567165,True,0.96921605,0.5149655,0.8732175,Easy
3704,1,1,0.54215246,True,1,0.9343748,True,1,0.99810237,True,0.9629444,0.50666755,0.83875567,Easy
3705,1,1,0.5379528,True,1,0.87734044,True,1,0.98906714,True,0.96606606,0.50271857,0.0,Easy
3706,1,0,0.51146644,False,1,0.69062537,True,1,0.6329844,True,0.96768445,0.50188214,0.0,Easy
3707,1,1,0.5276613,True,1,0.9054765,True,1,0.9949686,True,0.9634836,0.5046792,0.87416923,Easy
3708,1,1,0.5237016,True,1,0.85367763,True,1,0.9563241,True,0.9652552,0.51043415,0.79526806,Easy
3709,1,1,0.5348877,True,1,0.7956402,True,1,0.9369812,True,0.96559525,0.49743232,0.8825519,Easy
3710,0,0,0.6301525,True,0,0.67939794,True,0,0.7216367,True,0.9695503,0.5174167,0.0,Easy
3711,1,1,0.5341528,True,1,0.67397356,True,1,0.93581516,True,0.9680792,0.5082462,0.0,Easy
3712,0,0,0.59412676,True,0,0.88053095,True,0,0.95417225,True,0.9699747,0.5233019,0.0,Easy
3713,0,0,0.6255975,True,0,0.84298503,True,0,0.9095445,True,0.97128236,0.52487206,0.0,Easy
3714,1,0,0.5638612,False,1,0.57241565,True,1,0.6955828,True,0.96576464,0.51359844,0.0,Easy
3715,1,1,0.5144972,True,1,0.9828027,True,1,0.9956994,True,0.9583292,0.49408403,0.0,Easy
3716,0,0,0.6201088,True,0,0.8243443,True,0,0.9892042,True,0.9681651,0.52222633,0.8844752,Easy
3717,1,1,0.51365757,True,1,0.9477929,True,1,0.9926554,True,0.95965654,0.50991905,0.93615264,Easy
3718,1,1,0.5530568,True,1,0.8668363,True,1,0.9939964,True,0.9619792,0.5156878,0.87843657,Easy
3719,1,1,0.5667097,True,1,0.83527213,True,1,0.96762955,True,0.96664906,0.5065001,0.9099795,Easy
3720,0,0,0.58413154,True,0,0.8995396,True,0,0.99123013,True,0.9650085,0.525723,0.844473,Easy
3721,0,0,0.65636355,True,1,0.65899575,False,0,0.93413013,True,0.96840644,0.50871426,0.8398069,Graph_Only
3722,1,1,0.5491529,True,1,0.8794198,True,1,0.99271435,True,0.9660038,0.50601864,0.8189393,Easy
3723,1,0,0.5222439,False,1,0.66045034,True,0,0.68586904,False,0.96856385,0.5129155,0.8247,Text_Only
3724,0,0,0.63425523,True,1,0.5125166,False,0,0.70018774,True,0.9684931,0.5155919,0.0,Graph_Only
3725,0,0,0.54400504,True,0,0.86356294,True,0,0.9897265,True,0.9685217,0.5171761,0.75733185,Easy
3726,0,0,0.5639214,True,0,0.97600955,True,0,0.9730555,True,0.9655725,0.53497654,0.0,Easy
3727,1,1,0.523805,True,1,0.9643938,True,1,0.99601126,True,0.95746,0.50789505,0.927129,Easy
3728,0,0,0.59048975,True,0,0.7637337,True,0,0.9956655,True,0.9690114,0.5108884,0.8599864,Easy
3729,1,1,0.539293,True,1,0.89145815,True,1,0.994408,True,0.96490014,0.5069752,0.843215,Easy
3730,1,1,0.611836,True,1,0.62376946,True,1,0.90741247,True,0.97021306,0.50863564,0.0,Easy
3731,1,0,0.5102564,False,1,0.5007254,True,1,0.6522502,True,0.9680524,0.5219513,0.8636467,Easy
3732,1,1,0.57059866,True,1,0.8895604,True,1,0.98188305,True,0.96438146,0.5072594,0.9197855,Easy
3733,1,0,0.57262903,False,1,0.76735365,True,1,0.57044256,True,0.9675463,0.49900752,0.82765746,Easy
3734,1,1,0.5442029,True,1,0.7689413,True,1,0.9919978,True,0.9662404,0.5257389,0.8511818,Easy
3735,0,0,0.5464253,True,1,0.7493612,False,0,0.84127086,True,0.96624243,0.4967773,0.90987825,Graph_Only
3736,1,1,0.5380195,True,1,0.89180136,True,1,0.9973513,True,0.96436447,0.50641924,0.0,Easy
3737,0,0,0.7277737,True,0,0.5486328,True,0,0.9296144,True,0.9673866,0.5151728,0.88512325,Easy
3738,1,0,0.6048064,False,1,0.69579345,True,0,0.7023394,False,0.9704977,0.5070617,0.0,Text_Only
3739,1,1,0.5078717,True,1,0.7969757,True,1,0.9718266,True,0.9644848,0.50655055,0.90317047,Easy
3740,0,0,0.7051671,True,0,0.5121043,True,0,0.92572814,True,0.9685874,0.5128434,0.0,Easy
3741,1,0,0.55245864,False,1,0.779116,True,1,0.76876146,True,0.96389467,0.5055474,0.0,Easy
3742,1,0,0.53125554,False,1,0.6472902,True,1,0.72171265,True,0.9678746,0.50836366,0.0,Easy
3743,1,1,0.5334376,True,1,0.7304387,True,1,0.99227107,True,0.9654523,0.5171678,0.89405704,Easy
3744,1,1,0.5213677,True,1,0.9359801,True,1,0.99186873,True,0.95983887,0.5103005,0.8422363,Easy
3745,1,0,0.6027143,False,0,0.6151421,False,1,0.50300497,True,0.9690381,0.5193946,0.0,Graph_Only
3746,0,0,0.5531901,True,1,0.7814446,False,1,0.557846,False,0.9639189,0.50944066,0.86471885,Hard
3747,1,1,0.536012,True,1,0.6600953,True,1,0.88260317,True,0.96877134,0.5139869,0.91008997,Easy
3748,1,1,0.52385443,True,1,0.93277055,True,1,0.99423176,True,0.959562,0.51099855,0.94507647,Easy
3749,1,1,0.5568032,True,1,0.9025657,True,1,0.9905862,True,0.9648143,0.50757074,0.91265494,Easy
3750,1,0,0.62243885,False,0,0.627603,False,0,0.6051919,False,0.9710178,0.52624536,0.78096193,Hard
3751,0,0,0.5648292,True,0,0.68624973,True,0,0.6853007,True,0.96876955,0.52324194,0.7983352,Easy
3752,0,0,0.5470261,True,1,0.6445839,False,0,0.67084616,True,0.9701404,0.5089543,0.716045,Graph_Only
3753,1,1,0.51735556,True,1,0.9443603,True,1,0.998638,True,0.96262646,0.5009848,0.8337286,Easy
3754,1,1,0.5257592,True,1,0.92177,True,1,0.9920476,True,0.96132207,0.5124354,0.8954011,Easy
3755,1,0,0.62722117,False,0,0.83077735,False,0,0.9512228,False,0.9664516,0.5214557,0.0,Hard
3756,0,0,0.53303504,True,0,0.61334777,True,1,0.621534,False,0.9726002,0.5151532,0.7682376,Text_Only
3757,0,0,0.60454226,True,1,0.74741715,False,0,0.6326764,True,0.9683262,0.5011052,0.8556402,Graph_Only
3758,0,0,0.5916262,True,0,0.57527286,True,0,0.852984,True,0.96979254,0.5169935,0.0,Easy
3759,0,0,0.6410603,True,1,0.5657032,False,1,0.5349348,False,0.9666786,0.51230377,0.0,Hard
3760,1,0,0.55441505,False,1,0.7534473,True,1,0.5579877,True,0.9646267,0.5109015,0.0,Easy
3761,1,1,0.5143491,True,1,0.59690475,True,1,0.830408,True,0.9662174,0.5188883,0.9045683,Easy
3762,0,0,0.53031605,True,1,0.8489321,False,1,0.6050215,False,0.96834034,0.5000339,0.0,Hard
3763,1,1,0.5389304,True,0,0.55857456,False,1,0.93130493,True,0.9694827,0.51195645,0.0,Graph_Only
3764,1,1,0.52886945,True,1,0.8171795,True,1,0.9846133,True,0.9634429,0.51995116,0.9283102,Easy
3765,1,0,0.5306022,False,1,0.7849579,True,1,0.8931859,True,0.9637778,0.4997933,0.0,Easy
3766,0,0,0.54291075,True,1,0.5191473,False,0,0.74614173,True,0.968189,0.5130858,0.86313766,Graph_Only
3767,1,0,0.52232367,False,1,0.7513812,True,1,0.57222784,True,0.96541315,0.4998783,0.85299456,Easy
3768,0,0,0.55865663,True,0,0.98830587,True,0,0.9903475,True,0.96216655,0.5379225,0.0,Easy
3769,1,1,0.5170423,True,1,0.91268593,True,1,0.9926803,True,0.9647999,0.5011063,0.8020784,Easy
3770,0,0,0.623193,True,0,0.5729944,True,0,0.9823401,True,0.9708596,0.5166042,0.8591715,Easy
3771,1,1,0.52857554,True,1,0.92241216,True,1,0.9955314,True,0.9643687,0.5054361,0.0,Easy
3772,1,1,0.53048176,True,1,0.86248195,True,1,0.97982794,True,0.9669649,0.5031283,0.7602004,Easy
3773,0,1,0.52758676,False,1,0.677334,False,0,0.64103633,True,0.9683988,0.50788957,0.75555813,Graph_Only
3774,0,0,0.62697226,True,0,0.54502904,True,0,0.9140075,True,0.9687942,0.506376,0.79677004,Easy
3775,0,0,0.55474466,True,0,0.87052256,True,0,0.9729277,True,0.9676647,0.5246968,0.7098249,Easy
3776,1,0,0.5493744,False,1,0.80752766,True,1,0.7971866,True,0.9663048,0.5048891,0.801424,Easy
3777,1,1,0.50660765,True,1,0.8188244,True,1,0.92121506,True,0.9639382,0.505584,0.8841792,Easy
3778,1,1,0.546931,True,1,0.8793695,True,1,0.9965333,True,0.9634018,0.5150813,0.8054962,Easy
3779,1,1,0.566511,True,1,0.79001015,True,1,0.7718832,True,0.9689902,0.50412416,0.7556536,Easy
3780,1,1,0.53438115,True,1,0.9115675,True,1,0.995548,True,0.965084,0.5066486,0.8760747,Easy
3781,0,0,0.6586148,True,1,0.644793,False,0,0.79316705,True,0.9681556,0.5045063,0.8889388,Graph_Only
3782,1,1,0.52012336,True,1,0.94063634,True,1,0.9983134,True,0.9601224,0.50436616,0.8500046,Easy
3783,1,1,0.54702914,True,1,0.8918346,True,1,0.9959733,True,0.9681704,0.50991243,0.7133316,Easy
3784,1,0,0.72681636,False,0,0.53749394,False,0,0.9336157,False,0.96527195,0.51441675,0.8549628,Hard
3785,0,0,0.57607347,True,0,0.6503698,True,0,0.739233,True,0.9729328,0.5219496,0.0,Easy
3786,1,1,0.5470552,True,1,0.80110955,True,1,0.9815444,True,0.9671192,0.5128787,0.77962387,Easy
3787,1,1,0.5480366,True,1,0.7089215,True,1,0.9202411,True,0.9684962,0.5156107,0.76332384,Easy
3788,1,1,0.54186285,True,1,0.9601409,True,1,0.9990752,True,0.96154547,0.5074811,0.0,Easy
3789,0,0,0.62363243,True,0,0.6167352,True,0,0.63790685,True,0.96822417,0.51972306,0.0,Easy
3790,1,0,0.5398913,False,1,0.67892176,True,1,0.7465737,True,0.9665823,0.5083797,0.0,Easy
3791,1,1,0.51401186,True,1,0.66954535,True,1,0.50306803,True,0.96852547,0.5116934,0.9166871,Easy
3792,1,1,0.5167989,True,1,0.9120338,True,1,0.9812825,True,0.96177715,0.5107491,0.90723884,Easy
3793,0,0,0.5698139,True,0,0.9559513,True,0,0.9981488,True,0.96435857,0.52831817,0.86655533,Easy
3794,0,0,0.59018564,True,0,0.8974999,True,0,0.9982327,True,0.96710217,0.5148893,0.8138183,Easy
3795,0,0,0.640426,True,1,0.6253544,False,0,0.8033467,True,0.9686096,0.5124438,0.8199049,Graph_Only
3796,0,0,0.58633816,True,0,0.9369386,True,0,0.9472109,True,0.9676255,0.5301206,0.0,Easy
3797,1,1,0.5577793,True,1,0.69140095,True,1,0.75674456,True,0.96623206,0.5046333,0.0,Easy
3798,0,1,0.5251003,False,1,0.7677161,False,0,0.52293855,True,0.96812105,0.49909717,0.8894998,Graph_Only
3799,0,0,0.5685623,True,0,0.86013883,True,0,0.9964644,True,0.96782374,0.52018595,0.8536238,Easy
3800,1,1,0.52015567,True,1,0.8799016,True,1,0.6518365,True,0.9684135,0.49404794,0.0,Easy
3801,0,0,0.6197298,True,0,0.83591104,True,0,0.9857767,True,0.9679944,0.5154987,0.8191196,Easy
3802,1,1,0.54832476,True,1,0.76883966,True,1,0.9713272,True,0.9666645,0.511037,0.0,Easy
3803,1,0,0.57491416,False,0,0.8348287,False,0,0.58079505,False,0.9679417,0.5193973,0.0,Hard
3804,1,1,0.52130824,True,1,0.9471969,True,1,0.9942755,True,0.95945597,0.5105149,0.9199357,Easy
3805,0,1,0.54984725,False,0,0.5224108,True,0,0.60583943,True,0.96740377,0.5271161,0.81692874,Easy
3806,1,1,0.54599,True,1,0.83223724,True,1,0.99722123,True,0.9650857,0.51228845,0.0,Easy
3807,1,1,0.5389471,True,1,0.9130514,True,1,0.99351114,True,0.9636855,0.5063199,0.88792175,Easy
3808,0,0,0.5160053,True,1,0.8425781,False,0,0.5690287,True,0.96491414,0.50306284,0.9061226,Graph_Only
3809,1,0,0.51373076,False,1,0.88947994,True,1,0.8740989,True,0.96467316,0.49380398,0.9108699,Easy
3810,0,0,0.5127181,True,0,0.91532385,True,0,0.5126345,True,0.9706756,0.53462374,0.84710765,Easy
3811,1,1,0.5310573,True,1,0.9786654,True,1,0.99805105,True,0.95923275,0.50141597,0.8164723,Easy
3812,0,0,0.6683065,True,1,0.6666374,False,0,0.9081841,True,0.964684,0.5076817,0.8233882,Graph_Only
3813,0,0,0.5302967,True,1,0.76180154,False,1,0.5886945,False,0.9684272,0.5061822,0.0,Hard
3814,1,1,0.5328152,True,1,0.9399567,True,1,0.99812895,True,0.96393514,0.5064741,0.0,Easy
3815,0,1,0.5132069,False,1,0.73892736,False,1,0.60697544,False,0.967551,0.5021176,0.0,Hard
3816,1,1,0.52887934,True,1,0.80665,True,1,0.9500978,True,0.9649098,0.5043559,0.0,Easy
3817,1,1,0.51954854,True,1,0.90460634,True,1,0.9721168,True,0.9681313,0.50500965,0.6919441,Easy
3818,1,1,0.55012727,True,1,0.8734447,True,1,0.99336797,True,0.96230173,0.5072412,0.8765527,Easy
3819,0,0,0.5173151,True,0,0.5083752,True,0,0.66953295,True,0.96885127,0.5163054,0.782876,Easy
3820,1,0,0.5899341,False,0,0.5752936,False,1,0.55409074,True,0.9696095,0.51607525,0.86407447,Graph_Only
3821,1,1,0.5086086,True,1,0.83239865,True,1,0.96773124,True,0.96618056,0.5078516,0.0,Easy
3822,0,0,0.58503926,True,1,0.8114058,False,0,0.836457,True,0.9642335,0.4992501,0.0,Graph_Only
3823,0,1,0.5173437,False,1,0.8243889,False,1,0.9153585,False,0.9655584,0.5086756,0.8548533,Hard
3824,1,0,0.51015633,False,1,0.69047123,True,1,0.91867924,True,0.96828663,0.5038311,0.8552926,Easy
3825,1,0,0.5214307,False,1,0.82484144,True,1,0.95230985,True,0.96574515,0.5029388,0.866588,Easy
3826,0,0,0.5042642,True,1,0.77490705,False,1,0.6427269,False,0.9671579,0.50133497,0.0,Hard
3827,1,1,0.52908576,True,1,0.9596195,True,1,0.9976146,True,0.96023923,0.5064675,0.8150703,Easy
3828,1,0,0.50672066,False,1,0.81171083,True,1,0.8922945,True,0.96219695,0.50270015,0.86040723,Easy
3829,1,1,0.5127573,True,1,0.8509749,True,1,0.98496974,True,0.9645356,0.50320286,0.0,Easy
3830,1,1,0.50901765,True,1,0.7725456,True,1,0.94327545,True,0.9677534,0.50417453,0.0,Easy
3831,1,1,0.537775,True,1,0.9562276,True,1,0.99386287,True,0.96151394,0.4985312,0.8390554,Easy
3832,1,1,0.5422339,True,1,0.9559185,True,1,0.99412423,True,0.9613483,0.49936992,0.9310474,Easy
3833,0,0,0.65156424,True,0,0.77472496,True,0,0.97059107,True,0.96866846,0.5188913,0.9173561,Easy
3834,1,1,0.50309575,True,1,0.9365588,True,1,0.9889981,True,0.9632451,0.49647725,0.7863779,Easy
3835,0,0,0.5455566,True,0,0.98615533,True,0,0.9994843,True,0.96218973,0.53052676,0.8628503,Easy
3836,0,0,0.7104236,True,0,0.5202998,True,0,0.8607603,True,0.9668312,0.5167845,0.0,Easy
3837,1,0,0.5173839,False,1,0.83608544,True,1,0.9834176,True,0.970894,0.49791217,0.67068005,Easy
3838,1,1,0.5405001,True,1,0.8483581,True,1,0.99279153,True,0.9680157,0.50880754,0.7983775,Easy
3839,0,0,0.6155419,True,0,0.6596838,True,0,0.97647357,True,0.9688963,0.5189267,0.8819177,Easy
3840,1,1,0.5521539,True,1,0.73814386,True,1,0.97886604,True,0.9652409,0.5117378,0.8703381,Easy
3841,1,0,0.66331017,False,0,0.6132574,False,0,0.5050306,False,0.9673993,0.5175592,0.0,Hard
3842,1,1,0.5438134,True,1,0.78376347,True,1,0.9445775,True,0.96739227,0.50576496,0.0,Easy
3843,0,0,0.53882307,True,0,0.8486921,True,0,0.9954248,True,0.9720654,0.5193884,0.84121,Easy
3844,0,0,0.5255739,True,0,0.58740115,True,0,0.65173465,True,0.9679283,0.52614903,0.7953441,Easy
3845,1,1,0.51394373,True,1,0.9510368,True,1,0.990343,True,0.9596931,0.5041136,0.9239504,Easy
3846,1,1,0.5075647,True,1,0.8585982,True,1,0.9895467,True,0.96348596,0.5003677,0.0,Easy
3847,1,0,0.5069978,False,1,0.6799125,True,1,0.82380825,True,0.96712935,0.5045069,0.81292224,Easy
3848,1,0,0.50235724,False,1,0.67430186,True,1,0.7451338,True,0.9653224,0.5169938,0.87805027,Easy
3849,0,0,0.6500475,True,0,0.54450965,True,0,0.8964929,True,0.9695742,0.5089228,0.81664026,Easy
3850,0,0,0.52182484,True,1,0.58710474,False,0,0.5378071,True,0.9686128,0.5155481,0.9310462,Graph_Only
3851,1,1,0.5216943,True,1,0.96056587,True,1,0.99060494,True,0.96075433,0.50009376,0.0,Easy
3852,1,0,0.71656996,False,1,0.50659513,True,0,0.67104304,False,0.9683202,0.5102578,0.0,Text_Only
3853,1,1,0.5246331,True,1,0.9525485,True,1,0.988122,True,0.9597967,0.4972584,0.0,Easy
3854,1,1,0.545322,True,1,0.90857345,True,1,0.99510515,True,0.96526915,0.5057046,0.7921797,Easy
3855,0,0,0.61657715,True,0,0.78892946,True,0,0.8893138,True,0.9705382,0.52718335,0.78672427,Easy
3856,0,0,0.52527523,True,1,0.82222736,False,1,0.8044431,False,0.96632195,0.4966972,0.79135966,Hard
3857,0,0,0.5614851,True,0,0.9739851,True,0,0.9966786,True,0.9636166,0.53261614,0.8238125,Easy
3858,1,1,0.52427506,True,1,0.76203996,True,1,0.8263614,True,0.96653765,0.5124669,0.7473141,Easy
3859,1,0,0.50908405,False,1,0.87027836,True,1,0.98020315,True,0.9658618,0.50153095,0.75368446,Easy
3860,0,0,0.6114543,True,1,0.5329395,False,0,0.5982516,True,0.9689349,0.5146664,0.9140482,Graph_Only
3861,1,1,0.523143,True,1,0.96694493,True,1,0.9953029,True,0.9587534,0.50877523,0.89538664,Easy
3862,1,0,0.5210796,False,1,0.77437097,True,1,0.59496677,True,0.9677569,0.4975902,0.84617186,Easy
3863,1,0,0.5257422,False,1,0.7515117,True,1,0.9087089,True,0.970412,0.5021701,0.0,Easy
3864,0,0,0.5270343,True,1,0.6101223,False,0,0.5051373,True,0.9688183,0.51703554,0.78284675,Graph_Only
3865,0,0,0.528251,True,0,0.9656931,True,0,0.99382037,True,0.967234,0.52921176,0.0,Easy
3866,1,1,0.53459805,True,1,0.92136276,True,1,0.99609345,True,0.96292675,0.50135136,0.8721053,Easy
3867,0,0,0.6354423,True,0,0.56088984,True,0,0.86751825,True,0.97045636,0.51963305,0.80906945,Easy
3868,1,0,0.5008528,False,1,0.6493191,True,1,0.902851,True,0.96738183,0.50819224,0.0,Easy
3869,1,1,0.52941364,True,1,0.8279883,True,1,0.9884057,True,0.9633981,0.51330554,0.9041433,Easy
3870,0,0,0.52594376,True,1,0.749937,False,1,0.8033289,False,0.9654141,0.5122179,0.0,Hard
3871,1,1,0.5438537,True,1,0.8433527,True,1,0.9889903,True,0.9663027,0.5021338,0.86613345,Easy
3872,1,1,0.5115032,True,1,0.9483992,True,1,0.9895098,True,0.95941144,0.5059565,0.938674,Easy
3873,0,0,0.5473175,True,0,0.99112785,True,0,0.999519,True,0.9589788,0.53240705,0.8820697,Easy
3874,1,1,0.5026593,True,1,0.7860205,True,1,0.95990855,True,0.96434724,0.5061474,0.0,Easy
3875,1,0,0.6025026,False,1,0.62950134,True,1,0.51305014,True,0.96738976,0.50468355,0.8948345,Easy
3876,1,0,0.52049685,False,1,0.57784194,True,1,0.85206264,True,0.9650173,0.5190914,0.94374347,Easy
3877,1,1,0.5264247,True,1,0.663182,True,1,0.76266533,True,0.9662545,0.5156669,0.87286496,Easy
3878,0,0,0.6237474,True,1,0.5211963,False,1,0.5767881,False,0.96656203,0.51354396,0.0,Hard
3879,1,1,0.5361791,True,1,0.8590233,True,1,0.9620108,True,0.96489406,0.50417906,0.0,Easy
3880,0,0,0.59008914,True,0,0.5255519,True,0,0.7778387,True,0.9683008,0.5184364,0.0,Easy
3881,1,0,0.5188243,False,1,0.78261477,True,1,0.74838954,True,0.96674705,0.50338584,0.8222535,Easy
3882,0,0,0.58988315,True,0,0.879188,True,0,0.99833965,True,0.965077,0.51672155,0.81410205,Easy
3883,0,0,0.6640553,True,1,0.58530986,False,0,0.9707234,True,0.96813434,0.50356245,0.8081564,Graph_Only
3884,1,1,0.5225116,True,1,0.96764666,True,1,0.9974865,True,0.9571322,0.5066588,0.8224784,Easy
3885,0,0,0.5583636,True,1,0.7852262,False,1,0.59079367,False,0.96336806,0.50692475,0.80709517,Hard
3886,0,0,0.6427083,True,0,0.7383635,True,0,0.98490566,True,0.9679773,0.5100607,0.87041306,Easy
3887,1,1,0.55135304,True,1,0.5766362,True,1,0.7163901,True,0.9665415,0.52229434,0.9083438,Easy
3888,0,0,0.553882,True,1,0.7633049,False,0,0.6265147,True,0.9676215,0.49963945,0.85296744,Graph_Only
3889,0,0,0.5820474,True,1,0.5115728,False,0,0.71936506,True,0.96843714,0.5177061,0.0,Graph_Only
3890,1,1,0.52007115,True,1,0.77376175,True,1,0.9887068,True,0.963463,0.51008266,0.7809669,Easy
3891,1,0,0.5796348,False,0,0.9394592,False,0,0.9806805,False,0.96676093,0.5259184,0.0,Hard
3892,0,0,0.6520124,True,0,0.66649663,True,0,0.8093406,True,0.9673611,0.5228065,0.888052,Easy
3893,0,0,0.6036526,True,0,0.7481899,True,0,0.9429727,True,0.9671054,0.51709735,0.8265486,Easy
3894,0,0,0.5906464,True,0,0.8149782,True,0,0.9865573,True,0.968359,0.5215507,0.79822403,Easy
3895,0,0,0.55040634,True,0,0.916325,True,0,0.9917706,True,0.96826106,0.51949054,0.7605697,Easy
3896,1,1,0.5665927,True,1,0.54101694,True,1,0.96237797,True,0.9650666,0.51424354,0.84042436,Easy
3897,1,0,0.65765905,False,0,0.5395947,False,0,0.78665096,False,0.96781516,0.5153839,0.87870204,Hard
3898,1,0,0.5415339,False,0,0.6062414,False,0,0.7607703,False,0.97039336,0.5249894,0.8341565,Hard
3899,0,0,0.68230367,True,0,0.63669944,True,0,0.87799764,True,0.9664156,0.51986504,0.85943824,Easy
3900,1,0,0.5765167,False,0,0.87358564,False,0,0.7805027,False,0.97225976,0.5286198,0.74711627,Hard
3901,1,0,0.56391704,False,0,0.8695984,False,0,0.6101727,False,0.96849084,0.5252049,0.0,Hard
3902,1,1,0.5641148,True,1,0.8347051,True,1,0.9435269,True,0.96474653,0.5099774,0.85194224,Easy
3903,1,0,0.58384866,False,0,0.63131887,False,1,0.501382,True,0.96808153,0.5185381,0.0,Graph_Only
3904,1,1,0.54587466,True,1,0.762192,True,1,0.9495354,True,0.9660974,0.5162851,0.80145955,Easy
3905,1,1,0.53546286,True,1,0.8378725,True,1,0.9584851,True,0.9662895,0.5050003,0.75034857,Easy
3906,1,1,0.514884,True,1,0.9286341,True,1,0.83808434,True,0.9660573,0.49846384,0.7414007,Easy
3907,1,1,0.5207327,True,0,0.69231933,False,1,0.95515764,True,0.9689364,0.523961,0.84964436,Graph_Only
3908,1,1,0.52035356,True,1,0.82639563,True,1,0.94622606,True,0.96450937,0.50915676,0.92313284,Easy
3909,1,1,0.51712537,True,0,0.57272524,False,1,0.60322493,True,0.9687091,0.5150668,0.7790991,Graph_Only
3910,0,0,0.5734756,True,0,0.9440478,True,0,0.9718223,True,0.9687029,0.53009534,0.0,Easy
3911,0,1,0.5299623,False,1,0.8509629,False,1,0.9288949,False,0.96414727,0.509033,0.8269018,Hard
3912,1,0,0.58498037,False,0,0.7511435,False,0,0.7446344,False,0.96992993,0.5232609,0.0,Hard
3913,1,0,0.5185697,False,1,0.7617337,True,1,0.8832373,True,0.96480745,0.50619465,0.0,Easy
3914,0,0,0.51087457,True,0,0.5578923,True,1,0.6155879,False,0.9724046,0.522685,0.81298864,Text_Only
3915,1,0,0.5483941,False,0,0.74777216,False,0,0.5120599,False,0.9720839,0.5146484,0.73784256,Hard
3916,1,0,0.52452666,False,1,0.8613229,True,1,0.9082092,True,0.96193165,0.50123084,0.0,Easy
3917,1,1,0.50452965,True,1,0.86105233,True,1,0.9250593,True,0.964237,0.50590533,0.90903926,Easy
3918,0,0,0.5395388,True,0,0.9157467,True,0,0.99651814,True,0.9660246,0.5196109,0.7528827,Easy
3919,0,0,0.5858338,True,0,0.78293276,True,0,0.8582247,True,0.9701298,0.5233354,0.81115395,Easy
3920,0,0,0.6042813,True,0,0.7977923,True,0,0.9193799,True,0.9712355,0.52466804,0.75780475,Easy
3921,0,0,0.58743805,True,0,0.8021813,True,0,0.66275656,True,0.9687737,0.5283013,0.8040157,Easy
3922,0,0,0.58924735,True,0,0.661522,True,0,0.7936699,True,0.9706109,0.5216332,0.7903302,Easy
3923,1,1,0.54291826,True,1,0.6492969,True,0,0.6460771,False,0.9685832,0.50969416,0.0,Text_Only
3924,1,0,0.60093594,False,1,0.51135135,True,0,0.61399543,False,0.96730334,0.5176474,0.8820895,Text_Only
3925,0,0,0.5738749,True,0,0.9674519,True,0,0.9913003,True,0.9646541,0.53046715,0.0,Easy
3926,0,1,0.522317,False,1,0.6445085,False,1,0.902605,False,0.9701764,0.50548774,0.0,Hard
3927,0,0,0.55356365,True,0,0.7227611,True,0,0.6425619,True,0.968271,0.52754885,0.8879349,Easy
3928,1,1,0.56758696,True,1,0.8114556,True,1,0.9714916,True,0.96521926,0.5083823,0.8269018,Easy
3929,0,0,0.5813735,True,0,0.9538072,True,0,0.992924,True,0.9661917,0.5243583,0.91180944,Easy
3930,0,0,0.66439366,True,0,0.5427736,True,0,0.82328445,True,0.96868646,0.5178547,0.0,Easy
3931,0,0,0.539811,True,0,0.87711936,True,0,0.9742132,True,0.96922547,0.5200972,0.7250884,Easy
3932,0,0,0.5639883,True,0,0.9606635,True,0,0.99549544,True,0.96626306,0.52518934,0.9031249,Easy
3933,1,0,0.5685927,False,0,0.5011112,False,0,0.55065125,False,0.9681554,0.5143931,0.8293194,Hard
3934,1,0,0.6340686,False,0,0.6127306,False,0,0.5683883,False,0.9667461,0.5183874,0.8794479,Hard
3935,1,1,0.5419879,True,1,0.78290546,True,1,0.96612096,True,0.965346,0.5141538,0.87336993,Easy
3936,1,1,0.51562816,True,1,0.61949056,True,1,0.7746275,True,0.9671643,0.5144032,0.8416461,Easy
3937,1,0,0.52046376,False,0,0.7449078,False,1,0.7113386,True,0.9675685,0.5230467,0.92957795,Graph_Only
3938,1,1,0.52810174,True,1,0.8777677,True,1,0.98989373,True,0.96494186,0.50330687,0.8312675,Easy
3939,0,0,0.60373116,True,0,0.7202628,True,0,0.9492475,True,0.9672435,0.5176581,0.82468057,Easy
3940,0,0,0.5565806,True,0,0.85621935,True,0,0.73955506,True,0.9685019,0.52697426,0.8598322,Easy
3941,0,0,0.57528234,True,0,0.817238,True,0,0.90348655,True,0.970634,0.52632475,0.0,Easy
3942,0,0,0.55687493,True,0,0.8363806,True,0,0.93925166,True,0.97161645,0.52337205,0.7222315,Easy
3943,0,0,0.5699361,True,0,0.9440164,True,0,0.9959715,True,0.9678193,0.52184683,0.8553338,Easy
3944,0,0,0.53119546,True,1,0.55542225,False,0,0.63125354,True,0.9687332,0.51167315,0.0,Graph_Only
3945,1,1,0.5687362,True,1,0.6632076,True,1,0.6379024,True,0.96572673,0.5144841,0.87754387,Easy
3946,0,0,0.61405313,True,0,0.81761897,True,0,0.91505337,True,0.97095966,0.52099174,0.8770906,Easy
3947,1,0,0.5219736,False,1,0.8455176,True,1,0.9736414,True,0.9641198,0.5149179,0.82113075,Easy
3948,0,0,0.54661804,True,0,0.898977,True,0,0.9735913,True,0.9685664,0.51515865,0.8008307,Easy
3949,0,0,0.5678106,True,0,0.8971558,True,0,0.98323303,True,0.96708834,0.52022773,0.85027045,Easy
3950,1,1,0.52213067,True,1,0.5287175,True,1,0.8921165,True,0.96670663,0.51903915,0.8412752,Easy
3951,0,0,0.6423048,True,0,0.7176982,True,0,0.9115189,True,0.96950155,0.5191807,0.8553735,Easy
3952,0,0,0.5450033,True,0,0.94286704,True,0,0.9968443,True,0.96658075,0.5288683,0.83870405,Easy
3953,0,0,0.64174736,True,0,0.6173481,True,0,0.956481,True,0.96856946,0.51399255,0.92537403,Easy
3954,0,0,0.51764154,True,1,0.7371173,False,1,0.51919204,False,0.96782625,0.5062088,0.8742957,Hard
3955,1,0,0.5969553,False,1,0.7395285,True,0,0.6131571,False,0.9675578,0.5032909,0.8576118,Text_Only
3956,1,1,0.51950383,True,0,0.57375157,False,1,0.7280798,True,0.97086734,0.5234323,0.828158,Graph_Only
3957,1,0,0.57921296,False,1,0.6478476,True,1,0.7187741,True,0.9666096,0.5065148,0.0,Easy
3958,0,0,0.5342051,True,0,0.97960573,True,0,0.99936026,True,0.96374995,0.5288545,0.86704826,Easy
3959,0,0,0.549681,True,0,0.92954785,True,0,0.98073536,True,0.966404,0.5228925,0.0,Easy
3960,1,1,0.5351442,True,1,0.55656344,True,1,0.98211056,True,0.9709877,0.5129302,0.8073914,Easy
3961,0,0,0.57398605,True,0,0.93352216,True,0,0.9980994,True,0.96501154,0.5270971,0.76443756,Easy
3962,1,1,0.5155117,True,1,0.78521156,True,1,0.5050441,True,0.96629244,0.5074467,0.8987528,Easy
3963,1,1,0.53419584,True,1,0.8676513,True,1,0.9733123,True,0.9632061,0.49910125,0.0,Easy
3964,0,0,0.5947267,True,0,0.8638316,True,0,0.98813874,True,0.9660051,0.520863,0.8882095,Easy
3965,0,0,0.56293994,True,0,0.7728885,True,0,0.7229011,True,0.9724624,0.522616,0.0,Easy
3966,0,0,0.5042774,True,1,0.7843813,False,0,0.61652946,True,0.9643443,0.50531137,0.0,Graph_Only
3967,1,1,0.52221346,True,1,0.91496134,True,1,0.98340845,True,0.96312183,0.50104356,0.7798306,Easy
3968,1,0,0.5137696,False,1,0.806944,True,1,0.9370909,True,0.96327394,0.50636643,0.0,Easy
3969,0,1,0.55719984,False,1,0.66913307,False,1,0.71342844,False,0.96656555,0.5119167,0.8841842,Hard
3970,0,0,0.6616402,True,1,0.60155696,False,0,0.8025576,True,0.9660077,0.5124376,0.9191071,Graph_Only
3971,1,0,0.54906416,False,0,0.8049945,False,1,0.5404265,True,0.968686,0.52213025,0.8468758,Graph_Only
3972,0,0,0.60475767,True,0,0.72870696,True,0,0.90639627,True,0.9706099,0.52418584,0.8729295,Easy
3973,0,0,0.5724154,True,0,0.9738666,True,0,0.9951544,True,0.9659114,0.5296715,0.88540137,Easy
3974,1,1,0.5320863,True,1,0.5862332,True,1,0.8466461,True,0.96668607,0.51396316,0.873784,Easy
3975,0,0,0.58316326,True,0,0.841024,True,0,0.9437621,True,0.97122604,0.52279884,0.76218355,Easy
3976,1,0,0.6003687,False,0,0.7039412,False,0,0.60242945,False,0.96689445,0.51890373,0.0,Hard
3977,0,0,0.6052186,True,0,0.8718301,True,0,0.95486015,True,0.9669389,0.52335703,0.871511,Easy
3978,0,0,0.5316347,True,1,0.5309413,False,1,0.8664321,False,0.9670938,0.5202254,0.8416961,Hard
3979,1,1,0.52217925,True,1,0.72749007,True,1,0.8932567,True,0.9663496,0.5110491,0.8631047,Easy
3980,0,0,0.5766866,True,0,0.9257194,True,0,0.97467756,True,0.9684924,0.52803963,0.0,Easy
3981,0,0,0.6223663,True,0,0.6944421,True,0,0.9560078,True,0.9694762,0.5196943,0.0,Easy
3982,0,0,0.6794888,True,0,0.5791868,True,0,0.8867043,True,0.9696153,0.5163065,0.0,Easy
3983,1,1,0.5678086,True,1,0.7252521,True,1,0.98612624,True,0.96819156,0.5160343,0.8881871,Easy
3984,0,0,0.5807732,True,0,0.8891073,True,0,0.95486593,True,0.9662035,0.5309386,0.8871336,Easy
3985,0,0,0.5855512,True,0,0.81444013,True,0,0.9518414,True,0.9695573,0.5258783,0.82611793,Easy
3986,0,0,0.6012599,True,0,0.72684354,True,0,0.905634,True,0.9674716,0.51903903,0.8429452,Easy
3987,1,1,0.50606096,True,0,0.6878477,False,1,0.87377775,True,0.97113883,0.51133317,0.83870405,Graph_Only
3988,0,0,0.5472895,True,1,0.6625159,False,0,0.58210135,True,0.966622,0.51057225,0.0,Graph_Only
3989,0,0,0.577008,True,0,0.9520434,True,0,0.9642597,True,0.9675058,0.52301127,0.87326807,Easy
3990,0,0,0.70131993,True,1,0.5155305,False,0,0.88889396,True,0.96541184,0.5132711,0.0,Graph_Only
3991,0,0,0.5753523,True,0,0.7955475,True,0,0.78003514,True,0.96915543,0.523626,0.0,Easy
3992,1,0,0.5468071,False,1,0.56881005,True,1,0.59311706,True,0.9668009,0.50729835,0.89558333,Easy
3993,1,0,0.5751406,False,0,0.80441827,False,0,0.8613175,False,0.9700973,0.52996784,0.8091209,Hard
3994,0,0,0.6543452,True,1,0.6120789,False,0,0.67244047,True,0.9667702,0.5090191,0.87868273,Graph_Only
3995,0,0,0.5413448,True,0,0.55345374,True,0,0.9082543,True,0.96913254,0.52334607,0.9004395,Easy
3996,1,1,0.56329054,True,1,0.77585703,True,1,0.9576792,True,0.9688717,0.5060213,0.79163086,Easy
3997,1,1,0.55697244,True,1,0.89082766,True,1,0.99242765,True,0.9642755,0.5074289,0.8346663,Easy
3998,0,1,0.5267153,False,0,0.5079909,True,1,0.6744608,False,0.9674397,0.51411605,0.0,Text_Only
3999,1,1,0.51269114,True,1,0.91401196,True,1,0.7042179,True,0.9674273,0.5030009,0.7392255,Easy
4000,1,1,0.513988,True,0,0.5487438,False,1,0.90458995,True,0.9670507,0.526798,0.8730796,Graph_Only
4001,0,0,0.61802185,True,0,0.7597056,True,0,0.8348821,True,0.96752536,0.5199852,0.90633804,Easy
4002,0,0,0.5885726,True,0,0.8989146,True,0,0.9326172,True,0.9692342,0.5266772,0.0,Easy
4003,0,0,0.56670386,True,0,0.88075304,True,0,0.98451823,True,0.96754456,0.51845884,0.87968385,Easy
4004,1,1,0.56606585,True,0,0.50321853,False,1,0.8619269,True,0.9727522,0.5164477,0.7638179,Graph_Only
4005,0,0,0.5102905,True,0,0.62162447,True,1,0.5231479,False,0.9690571,0.5227214,0.8631047,Text_Only
4006,0,0,0.6318544,True,0,0.7470357,True,0,0.9589165,True,0.9655902,0.52007675,0.7488723,Easy
4007,0,0,0.58390605,True,1,0.78772396,False,0,0.64350283,True,0.9672185,0.5013079,0.7790991,Graph_Only
4008,1,1,0.58596814,True,1,0.8259394,True,1,0.98614174,True,0.96545196,0.5131226,0.88369954,Easy
4009,0,0,0.59628266,True,0,0.8224956,True,0,0.9067542,True,0.96712416,0.5241118,0.88243496,Easy
4010,0,0,0.5847243,True,0,0.9537148,True,0,0.9919498,True,0.9676709,0.5284597,0.0,Easy
4011,1,0,0.5021339,False,0,0.60009116,False,1,0.8583446,True,0.96995926,0.5229232,0.84822035,Graph_Only
4012,0,0,0.5217398,True,1,0.60975474,False,1,0.6882113,False,0.96556735,0.5093368,0.80567914,Hard
4013,0,0,0.59239036,True,0,0.9328083,True,0,0.9710693,True,0.96814257,0.5232234,0.8780756,Easy
4014,0,0,0.6001131,True,0,0.9340109,True,0,0.9839626,True,0.9686385,0.5281176,0.0,Easy
4015,0,0,0.6577831,True,0,0.6737832,True,0,0.9207859,True,0.967391,0.5118479,0.86038506,Easy
4016,1,0,0.6171174,False,1,0.55553335,True,0,0.58601683,False,0.9654814,0.51514137,0.8747377,Text_Only
4017,1,1,0.5331569,True,1,0.84062487,True,1,0.9599281,True,0.9646679,0.50525624,0.79908866,Easy
4018,0,0,0.5666471,True,1,0.50647134,False,1,0.5719985,False,0.969858,0.51482654,0.8906014,Hard
4019,0,0,0.5910687,True,0,0.8954678,True,0,0.9580617,True,0.96833485,0.5263841,0.0,Easy
4020,1,0,0.50144434,False,1,0.80472463,True,1,0.5910688,True,0.96668565,0.50391823,0.0,Easy
4021,1,1,0.56619906,True,1,0.85207605,True,1,0.9919676,True,0.9666123,0.51157933,0.79353404,Easy
4022,0,0,0.5979694,True,0,0.660017,True,0,0.82290477,True,0.97161114,0.5105812,0.7419466,Easy
4023,0,0,0.55935854,True,0,0.9817608,True,0,0.9983736,True,0.9631958,0.5302406,0.8409357,Easy
4024,0,0,0.5932305,True,0,0.8898215,True,0,0.9560871,True,0.9693477,0.5247677,0.0,Easy
4025,1,1,0.5172911,True,1,0.5967061,True,1,0.5473648,True,0.96840787,0.5113999,0.0,Easy
4026,1,1,0.5504008,True,1,0.8716567,True,1,0.99438345,True,0.96948725,0.507724,0.6869823,Easy
4027,1,0,0.51688325,False,1,0.78787535,True,1,0.9868247,True,0.9658704,0.5198914,0.80997777,Easy
4028,1,0,0.6085995,False,0,0.6661873,False,0,0.68586034,False,0.9682385,0.518542,0.0,Hard
4029,0,0,0.5709559,True,0,0.7545582,True,0,0.6650129,True,0.9709023,0.52624667,0.8628474,Easy
4030,1,1,0.50895864,True,1,0.79422307,True,1,0.6991687,True,0.96694934,0.5098036,0.8169237,Easy
4031,0,0,0.590173,True,0,0.92930764,True,0,0.98864657,True,0.96813315,0.5263749,0.0,Easy
4032,0,0,0.5738517,True,0,0.925166,True,0,0.8611215,True,0.9680445,0.5296874,0.0,Easy
4033,0,0,0.58220255,True,0,0.9576062,True,0,0.994017,True,0.9663578,0.5271692,0.0,Easy
4034,0,1,0.57849836,False,1,0.780914,False,1,0.6135075,False,0.96635425,0.513066,0.8167806,Hard
4035,1,0,0.50185376,False,1,0.946702,True,1,0.97903603,True,0.9590761,0.50002605,0.0,Easy
4036,0,0,0.5826535,True,0,0.9053407,True,0,0.9795064,True,0.9677402,0.5257536,0.79550517,Easy
4037,0,1,0.5179919,False,0,0.5328303,True,0,0.73519355,True,0.96793616,0.5270721,0.8620116,Easy
4038,0,0,0.6082938,True,0,0.8640311,True,0,0.94469136,True,0.96940297,0.5223406,0.0,Easy
4039,1,0,0.5550846,False,0,0.5362345,False,0,0.7925246,False,0.96921223,0.5229209,0.79822403,Hard
4040,1,0,0.57357746,False,0,0.78676146,False,0,0.77808774,False,0.9719839,0.525128,0.7813699,Hard
4041,0,0,0.57150275,True,0,0.8986536,True,0,0.8513685,True,0.97075486,0.5266203,0.0,Easy
4042,0,0,0.5488631,True,0,0.9685181,True,0,0.9919487,True,0.96607554,0.52354777,0.7686974,Easy
4043,0,0,0.5910414,True,0,0.82225925,True,0,0.8665611,True,0.969709,0.5177381,0.84557855,Easy
4044,0,0,0.52609515,True,1,0.53237456,False,0,0.6349513,True,0.96830404,0.5135662,0.0,Graph_Only
4045,0,0,0.5341709,True,0,0.9780994,True,0,0.99651587,True,0.96351826,0.5232037,0.8130117,Easy
4046,1,1,0.53657144,True,1,0.66783893,True,0,0.5099987,False,0.9684441,0.50778085,0.0,Text_Only
4047,0,0,0.5802711,True,0,0.9038827,True,0,0.92501116,True,0.9694885,0.5272193,0.0,Easy
4048,0,0,0.6240467,True,0,0.52239954,True,0,0.98949105,True,0.96738094,0.50498486,0.8810189,Easy
4049,1,1,0.539202,True,1,0.71569633,True,1,0.79342085,True,0.9703654,0.5066357,0.0,Easy
4050,0,0,0.60543,True,0,0.78361493,True,0,0.9625937,True,0.9693359,0.52169126,0.0,Easy
4051,1,0,0.50664675,False,1,0.5588151,True,1,0.7148319,True,0.9665153,0.5165084,0.86888796,Easy
4052,0,0,0.62867105,True,0,0.799126,True,0,0.85321367,True,0.970073,0.5255498,0.83202326,Easy
4053,1,1,0.51162386,True,1,0.58326346,True,1,0.57343847,True,0.96747553,0.5096954,0.82725585,Easy
4054,1,1,0.56487685,True,1,0.87240785,True,1,0.98701316,True,0.9653046,0.5093213,0.7796198,Easy
4055,0,0,0.5262899,True,0,0.6270245,True,0,0.84060663,True,0.9700292,0.5226023,0.8186985,Easy
4056,0,0,0.6265037,True,0,0.58658105,True,0,0.9295989,True,0.97156227,0.50963145,0.86912864,Easy
4057,1,0,0.6094542,False,0,0.7091883,False,0,0.54487336,False,0.9691903,0.5271329,0.8401009,Hard
4058,0,0,0.6405901,True,0,0.6723196,True,0,0.74281985,True,0.96662164,0.5191639,0.91883415,Easy
4059,1,1,0.5680287,True,1,0.69795626,True,1,0.87987685,True,0.96831703,0.50673383,0.85358644,Easy
4060,1,1,0.5285762,True,1,0.79566526,True,1,0.98643017,True,0.9657404,0.5099932,0.88410914,Easy
4061,1,1,0.5465738,True,1,0.77308017,True,1,0.9484734,True,0.96463054,0.5108564,0.853129,Easy
4062,0,0,0.6038024,True,0,0.87110835,True,0,0.9957925,True,0.9658904,0.5176807,0.8509573,Easy
4063,0,0,0.6080098,True,0,0.7975307,True,0,0.91505986,True,0.97045743,0.52351034,0.9336198,Easy
4064,1,1,0.5273088,True,1,0.9246207,True,1,0.9934321,True,0.9661195,0.507382,0.7515553,Easy
4065,0,0,0.5747476,True,1,0.66501844,False,0,0.5409597,True,0.96765214,0.50553215,0.84532136,Graph_Only
4066,1,1,0.5409324,True,1,0.86271805,True,1,0.96271473,True,0.9642538,0.5028304,0.8449631,Easy
4067,0,0,0.53957856,True,0,0.9941863,True,0,0.99109125,True,0.95953655,0.5383872,0.8598269,Easy
4068,1,1,0.57407093,True,1,0.81538796,True,1,0.9983352,True,0.96317655,0.51938695,0.7844149,Easy
4069,0,0,0.57195556,True,0,0.9034942,True,0,0.96791023,True,0.9690373,0.52903634,0.74343073,Easy
4070,1,1,0.5522606,True,1,0.83006567,True,1,0.98239064,True,0.96609044,0.50301325,0.82043374,Easy
4071,1,1,0.50281227,True,1,0.66922444,True,1,0.9694918,True,0.96574,0.508258,0.8168045,Easy
4072,1,1,0.53586483,True,1,0.8006897,True,0,0.5744332,False,0.96737635,0.5084314,0.8115232,Text_Only
4073,0,0,0.571228,True,1,0.6475578,False,1,0.6156964,False,0.96734375,0.5147461,0.7931637,Hard
4074,1,0,0.61741763,False,1,0.5594563,True,0,0.51725733,False,0.9675182,0.5093718,0.8842813,Text_Only
4075,1,1,0.5353859,True,1,0.87209874,True,1,0.9880143,True,0.96406436,0.5095547,0.8819167,Easy
4076,1,0,0.5475202,False,1,0.7124267,True,1,0.6030494,True,0.9645092,0.5054903,0.8314911,Easy
4077,1,1,0.5233536,True,0,0.5465477,False,1,0.9294844,True,0.9650469,0.5231177,0.9039879,Graph_Only
4078,1,1,0.5443464,True,1,0.7302224,True,1,0.93622357,True,0.96401525,0.5185155,0.9335129,Easy
4079,1,0,0.5112063,False,1,0.73524094,True,1,0.8895955,True,0.96332234,0.50571156,0.9132637,Easy
4080,1,0,0.5868344,False,0,0.50210536,False,1,0.7120247,True,0.96900827,0.51991886,0.8762454,Graph_Only
4081,0,0,0.6560228,True,0,0.5261038,True,0,0.8750908,True,0.9674713,0.51330876,0.93283635,Easy
4082,0,0,0.57920855,True,0,0.90907246,True,0,0.93400156,True,0.9697689,0.52735364,0.7330848,Easy
4083,1,0,0.5181034,False,1,0.5453845,True,1,0.7385277,True,0.96591854,0.513331,0.90171295,Easy
4084,1,1,0.5016761,True,1,0.67857563,True,1,0.89269,True,0.9691793,0.51251054,0.81631094,Easy
4085,0,0,0.5417219,True,0,0.99091095,True,0,0.99795806,True,0.9607846,0.5310116,0.80488765,Easy
4086,1,1,0.53692126,True,1,0.9364763,True,1,0.9981139,True,0.96301186,0.5040604,0.79154557,Easy
4087,0,0,0.57796735,True,0,0.93544036,True,0,0.9703326,True,0.9696464,0.53051347,0.6987726,Easy
4088,0,0,0.5896335,True,0,0.89030963,True,0,0.89854693,True,0.963946,0.52298015,0.8617364,Easy
4089,0,0,0.5984241,True,0,0.78934044,True,0,0.9951127,True,0.96394145,0.5137444,0.9022729,Easy
4090,0,0,0.61595815,True,1,0.68359494,False,0,0.8901073,True,0.9694587,0.51054776,0.75988454,Graph_Only
4091,0,1,0.52366024,False,1,0.59999585,False,1,0.58239836,False,0.9658524,0.5170927,0.73829854,Hard
4092,1,1,0.52258444,True,1,0.96248466,True,1,0.9908619,True,0.96118224,0.49737975,0.7682992,Easy
4093,0,0,0.51599294,True,1,0.80026406,False,0,0.7160299,True,0.96624917,0.50261784,0.8284305,Graph_Only
4094,1,0,0.5686428,False,0,0.5253974,False,1,0.66926986,True,0.97058696,0.51331234,0.8674606,Graph_Only
4095,0,1,0.6083375,False,1,0.62643856,False,1,0.6587113,False,0.9682806,0.5214067,0.84619033,Hard
4096,1,1,0.5444178,True,1,0.75162965,True,1,0.9905105,True,0.96417445,0.50929826,0.853253,Easy
4097,1,0,0.54194856,False,1,0.7023431,True,1,0.7521262,True,0.9678237,0.5072474,0.8103982,Easy
4098,1,1,0.62229115,True,1,0.60738474,True,1,0.59506625,True,0.96794313,0.5195301,0.84832644,Easy
4099,1,1,0.54671884,True,1,0.75144887,True,1,0.98285323,True,0.9661432,0.511077,0.88013315,Easy
4100,1,1,0.5470536,True,1,0.57560444,True,1,0.7904874,True,0.96932757,0.52175456,0.76155484,Easy
4101,1,1,0.55069643,True,1,0.766749,True,1,0.8373603,True,0.96708006,0.50960165,0.7805444,Easy
4102,1,0,0.6379678,False,1,0.7322688,True,0,0.83830553,False,0.9676969,0.50225395,0.7621217,Text_Only
4103,0,0,0.5578815,True,0,0.9756144,True,0,0.99918216,True,0.96164817,0.5243003,0.91171306,Easy
4104,1,1,0.53464544,True,1,0.93258244,True,1,0.9969682,True,0.96163654,0.5039596,0.8273744,Easy
4105,0,0,0.59803295,True,1,0.6313362,False,1,0.64448583,False,0.97080636,0.5035118,0.8868056,Hard
4106,1,0,0.5208379,False,1,0.65166944,True,1,0.7312338,True,0.96578586,0.5128217,0.83423203,Easy
4107,1,0,0.56007624,False,1,0.6067502,True,1,0.5608116,True,0.96947503,0.5109299,0.8476622,Easy
4108,0,0,0.6885216,True,0,0.61152226,True,0,0.94938326,True,0.9661339,0.5118852,0.8376384,Easy
4109,1,1,0.50158143,True,1,0.91280454,True,1,0.97500163,True,0.96633387,0.4962807,0.0,Easy
4110,1,1,0.5549493,True,0,0.6148612,False,1,0.6540006,True,0.96908545,0.5244927,0.81072664,Graph_Only
4111,0,0,0.6055391,True,0,0.7105953,True,0,0.9466741,True,0.9662683,0.5158806,0.89163154,Easy
4112,0,0,0.62907505,True,0,0.8015765,True,0,0.9255413,True,0.9709308,0.5249967,0.8117533,Easy
4113,1,1,0.5351515,True,1,0.94341475,True,1,0.99588215,True,0.96411204,0.5052988,0.7935094,Easy
4114,1,1,0.5149889,True,1,0.61620355,True,1,0.7772158,True,0.9653294,0.5060327,0.8669239,Easy
4115,1,1,0.52668947,True,1,0.94810754,True,1,0.9981108,True,0.96092546,0.50223064,0.8511454,Easy
4116,1,1,0.5539876,True,1,0.84062004,True,1,0.9796173,True,0.96217656,0.5068397,0.8996481,Easy
4117,1,0,0.64231384,False,0,0.58506083,False,0,0.8400555,False,0.9663467,0.51942414,0.7916285,Hard
4118,1,0,0.51355743,False,1,0.6580304,True,1,0.8488158,True,0.9677577,0.51068044,0.81631756,Easy
4119,1,1,0.53728884,True,1,0.7246476,True,1,0.9648758,True,0.96531737,0.5120656,0.84782934,Easy
4120,1,1,0.52353126,True,1,0.646013,True,1,0.910673,True,0.9716998,0.5155935,0.7541646,Easy
4121,0,1,0.52879417,False,1,0.88127047,False,1,0.93694645,False,0.9613594,0.5020405,0.8754382,Hard
4122,0,0,0.639302,True,0,0.6122366,True,0,0.7154555,True,0.9656451,0.51469976,0.92933625,Easy
4123,0,0,0.56707066,True,0,0.52441967,True,0,0.65130097,True,0.9667517,0.5117499,0.81183195,Easy
4124,1,1,0.5412534,True,1,0.8891772,True,1,0.9804103,True,0.9650855,0.5062463,0.8277886,Easy
4125,1,0,0.63708025,False,0,0.64564663,False,0,0.5616647,False,0.9666921,0.520694,0.91562593,Hard
4126,1,1,0.52070886,True,1,0.8443425,True,1,0.9937827,True,0.96532536,0.50902754,0.8178529,Easy
4127,1,1,0.56653094,True,1,0.9215662,True,1,0.9875322,True,0.9640846,0.50913846,0.7724426,Easy
4128,1,0,0.6021142,False,0,0.80578905,False,0,0.97746766,False,0.9674134,0.51718295,0.82375145,Hard
4129,0,1,0.5360102,False,1,0.5978572,False,0,0.5839758,True,0.96524346,0.5182409,0.9370706,Graph_Only
4130,0,0,0.5700947,True,0,0.5482177,True,0,0.78198206,True,0.9666815,0.52136254,0.8288929,Easy
4131,1,1,0.5333412,True,1,0.8542117,True,1,0.98526,True,0.96265745,0.5029396,0.9225185,Easy
4132,1,0,0.5629967,False,0,0.60679734,False,1,0.5604534,True,0.96810246,0.5195012,0.7363026,Graph_Only
4133,1,1,0.5532234,True,1,0.79839957,True,1,0.98406255,True,0.9650277,0.5111846,0.8887309,Easy
4134,0,0,0.69738007,True,0,0.56752086,True,0,0.8521647,True,0.9658848,0.5148707,0.9049279,Easy
4135,1,1,0.5200758,True,1,0.9614071,True,1,0.98305327,True,0.96013343,0.50081766,0.9080492,Easy
4136,1,1,0.51794314,True,1,0.90556663,True,1,0.9930647,True,0.9646338,0.50247025,0.7725995,Easy
4137,1,1,0.5804647,True,1,0.6906502,True,1,0.83763963,True,0.96878827,0.505482,0.7924683,Easy
4138,1,1,0.5189669,True,0,0.6529127,False,1,0.9180807,True,0.96657467,0.5283314,0.85443527,Graph_Only
4139,0,0,0.601763,True,0,0.83342123,True,0,0.9796937,True,0.96627283,0.51917666,0.8584461,Easy
4140,0,0,0.5171251,True,1,0.8123604,False,1,0.73896116,False,0.9656009,0.5062156,0.7238898,Hard
4141,0,0,0.6061036,True,0,0.8552077,True,0,0.98267096,True,0.9663462,0.5176364,0.8510249,Easy
4142,0,0,0.54763174,True,0,0.71938396,True,0,0.5565257,True,0.96770495,0.52360004,0.8236687,Easy
4143,0,0,0.58777994,True,0,0.8559933,True,0,0.93835115,True,0.96663177,0.525421,0.79349124,Easy
4144,1,1,0.5186415,True,1,0.89111394,True,1,0.9722651,True,0.96351194,0.50520086,0.7358291,Easy
4145,1,1,0.5152176,True,1,0.9671737,True,1,0.995076,True,0.9616107,0.49632335,0.7838967,Easy
4146,1,1,0.5506988,True,1,0.95298004,True,1,0.9387724,True,0.9633777,0.49360842,0.717823,Easy
4147,1,0,0.6533483,False,0,0.6725966,False,0,0.5416756,False,0.97046816,0.525322,0.90896887,Hard
4148,1,0,0.61499345,False,0,0.69434327,False,0,0.740563,False,0.96553624,0.52056926,0.9099736,Hard
4149,1,1,0.6070757,True,1,0.6904757,True,1,0.90621156,True,0.966866,0.5169666,0.8280952,Easy
4150,0,0,0.53314567,True,0,0.9201107,True,0,0.99823076,True,0.9667506,0.5245161,0.72086287,Easy
4151,0,0,0.5665706,True,0,0.97726053,True,0,0.9805996,True,0.96409917,0.5322813,0.78609085,Easy
4152,1,0,0.58013976,False,0,0.56647885,False,0,0.50213075,False,0.9670569,0.52335495,0.907622,Hard
4153,0,1,0.52041954,False,1,0.67553735,False,0,0.54985493,True,0.9644872,0.51444924,0.8746033,Graph_Only
4154,0,0,0.5938506,True,0,0.69698524,True,0,0.8862233,True,0.9694756,0.5197931,0.75362283,Easy
4155,0,0,0.6270902,True,0,0.7557251,True,0,0.9190267,True,0.9679588,0.5188274,0.8878129,Easy
4156,0,0,0.6303696,True,0,0.72442573,True,0,0.9234387,True,0.9671534,0.5229346,0.74813485,Easy
4157,0,0,0.65745825,True,0,0.5470934,True,0,0.71098787,True,0.9672866,0.5143315,0.0,Easy
4158,0,0,0.59160614,True,0,0.6572006,True,0,0.7957555,True,0.9634014,0.5225877,0.8766056,Easy
4159,1,0,0.5191983,False,1,0.507643,True,1,0.6931863,True,0.964986,0.5194895,0.93033445,Easy
4160,0,0,0.5548938,True,1,0.5317379,False,0,0.7762835,True,0.966296,0.5165517,0.8316943,Graph_Only
4161,0,0,0.5630465,True,0,0.9786744,True,0,0.98714066,True,0.96414244,0.52824354,0.85913,Easy
4162,0,0,0.51406014,True,1,0.672227,False,0,0.6594602,True,0.96567637,0.5108887,0.8701723,Graph_Only
4163,1,1,0.5054368,True,1,0.920532,True,1,0.84542614,True,0.9626957,0.4976704,0.8533758,Easy
4164,1,1,0.54462016,True,1,0.90771645,True,1,0.9836648,True,0.9640379,0.5070006,0.8456524,Easy
4165,0,0,0.60037506,True,0,0.7270981,True,0,0.80489457,True,0.9657543,0.5206795,0.89379597,Easy
4166,1,0,0.50704443,False,1,0.9153082,True,1,0.94820654,True,0.9618654,0.5031554,0.79869515,Easy
4167,0,0,0.5895821,True,0,0.9213355,True,0,0.96517676,True,0.96982265,0.5263325,0.93683976,Easy
4168,1,1,0.5145877,True,0,0.5220145,False,1,0.6225808,True,0.9665865,0.5158504,0.8152773,Graph_Only
4169,0,0,0.54241276,True,1,0.7171237,False,0,0.7279494,True,0.9682648,0.5068373,0.8036111,Graph_Only
4170,1,0,0.607319,False,0,0.55936784,False,1,0.6767032,True,0.96644855,0.51662225,0.8322767,Graph_Only
4171,0,0,0.5760318,True,0,0.96832454,True,0,0.9566242,True,0.963995,0.5269881,0.8670611,Easy
4172,1,1,0.55670315,True,1,0.79589623,True,1,0.7796923,True,0.9654888,0.4993547,0.89688003,Easy
4173,1,1,0.52534556,True,1,0.9535489,True,1,0.9737412,True,0.9615073,0.49795267,0.87465763,Easy
4174,1,0,0.5149993,False,0,0.584686,False,1,0.83820045,True,0.96647847,0.52516043,0.85967934,Graph_Only
4175,0,0,0.67811114,True,0,0.51795787,True,0,0.88858503,True,0.96577966,0.51251125,0.8724242,Easy
4176,1,0,0.6283127,False,1,0.51911753,True,0,0.78182864,False,0.96512413,0.5159427,0.7455553,Text_Only
4177,1,1,0.5219796,True,1,0.93014145,True,1,0.9896757,True,0.9654912,0.50132424,0.84374464,Easy
4178,1,0,0.6064842,False,1,0.73498064,True,0,0.67879826,False,0.96581984,0.50601035,0.88046026,Text_Only
4179,1,1,0.549963,True,1,0.90753853,True,1,0.9805322,True,0.9627744,0.5045363,0.84510595,Easy
4180,1,1,0.56613857,True,1,0.78024274,True,1,0.98628694,True,0.963633,0.51018775,0.7463461,Easy
4181,1,0,0.55197597,False,1,0.6841268,True,1,0.6190906,True,0.9666296,0.5071058,0.0,Easy
4182,1,1,0.5486649,True,1,0.7349763,True,1,0.9782526,True,0.96404314,0.51054007,0.88650304,Easy
4183,0,0,0.6129492,True,0,0.58174133,True,0,0.8938102,True,0.9704684,0.51970184,0.7640412,Easy
4184,1,0,0.56521714,False,1,0.55027634,True,1,0.50355345,True,0.96665204,0.5130292,0.90488505,Easy
4185,0,0,0.55265063,True,0,0.8879535,True,0,0.99883205,True,0.9691816,0.5204972,0.679909,Easy
4186,0,1,0.523152,False,1,0.7042109,False,1,0.5699634,False,0.9695388,0.507643,0.7885107,Hard
4187,0,0,0.5112921,True,1,0.69442964,False,1,0.7057126,False,0.9685977,0.50487685,0.0,Hard
4188,0,0,0.5049132,True,1,0.8184518,False,1,0.8664976,False,0.9629743,0.5114142,0.84816766,Hard
4189,0,0,0.6081626,True,0,0.7341129,True,0,0.62342566,True,0.9698745,0.5184479,0.79635364,Easy
4190,1,1,0.5203623,True,1,0.9592632,True,1,0.9696544,True,0.9632533,0.4964746,0.70497495,Easy
4191,1,1,0.5469818,True,1,0.6362727,True,1,0.98946077,True,0.9689468,0.5229782,0.7562982,Easy
4192,1,1,0.5311556,True,1,0.918834,True,1,0.9909407,True,0.96518713,0.50578725,0.72443265,Easy
4193,1,1,0.5393631,True,1,0.8100669,True,1,0.9752759,True,0.96379936,0.50246197,0.83535415,Easy
4194,1,0,0.5340779,False,1,0.8695253,True,1,0.7519562,True,0.96458554,0.49766794,0.0,Easy
4195,0,0,0.59948367,True,1,0.6097674,False,0,0.8547493,True,0.9662665,0.5107474,0.8517045,Graph_Only
4196,1,0,0.5731887,False,0,0.5124112,False,1,0.50878143,True,0.9668289,0.5181718,0.9065093,Graph_Only
4197,0,0,0.59530205,True,0,0.77535176,True,0,0.9805869,True,0.96625185,0.5154659,0.88879585,Easy
4198,1,0,0.5551335,False,0,0.86679876,False,0,0.8011078,False,0.96456754,0.5257074,0.9006473,Hard
4199,1,1,0.5207777,True,1,0.922211,True,1,0.9688657,True,0.96272665,0.5003391,0.83857876,Easy
4200,1,0,0.6204598,False,0,0.7568213,False,0,0.7301104,False,0.9710615,0.52552027,0.9049144,Hard
4201,1,1,0.54908144,True,1,0.8738969,True,1,0.98633844,True,0.9655004,0.50439197,0.7673285,Easy
4202,0,0,0.60690653,True,0,0.79392457,True,0,0.8209251,True,0.9705796,0.52113324,0.9303323,Easy
4203,0,0,0.59179044,True,0,0.6611027,True,0,0.6132877,True,0.9662287,0.52111125,0.8666056,Easy
4204,1,0,0.51646453,False,1,0.5514484,True,1,0.7961205,True,0.96755546,0.5177172,0.80297875,Easy
4205,0,0,0.6119051,True,0,0.609706,True,0,0.5508349,True,0.9670547,0.5190459,0.88499767,Easy
4206,1,0,0.5587135,False,0,0.7014843,False,1,0.50505257,True,0.97187316,0.5266147,0.7647824,Graph_Only
4207,0,0,0.6010218,True,0,0.8829196,True,0,0.9957164,True,0.96537936,0.5159029,0.9461623,Easy
4208,1,0,0.5630078,False,0,0.8771076,False,0,0.90740794,False,0.96682334,0.52641416,0.8599407,Hard
4209,1,1,0.5460685,True,1,0.80171305,True,1,0.98659027,True,0.96396637,0.50768733,0.82014555,Easy
4210,1,0,0.6301344,False,1,0.5256869,True,0,0.56575006,False,0.9653908,0.51467913,0.9026022,Text_Only
4211,0,0,0.55406356,True,0,0.8483632,True,0,0.8184538,True,0.9723449,0.5249379,0.7828804,Easy
4212,0,0,0.62118906,True,0,0.7202555,True,0,0.9300581,True,0.9684286,0.51905507,0.837814,Easy
4213,0,0,0.54494065,True,0,0.96400285,True,0,0.9976617,True,0.9655695,0.53603554,0.6945447,Easy
4214,1,1,0.50480807,True,1,0.77575207,True,1,0.97754854,True,0.96825147,0.50716233,0.75972116,Easy
4215,1,1,0.53768647,True,1,0.81184846,True,1,0.8066416,True,0.9645721,0.51032007,0.8986237,Easy
4216,1,1,0.53985274,True,1,0.9172786,True,1,0.9964011,True,0.9632634,0.5048847,0.76585853,Easy
4217,1,0,0.6398416,False,1,0.6616495,True,0,0.6499313,False,0.9655648,0.50715405,0.0,Text_Only
4218,1,0,0.5770805,False,1,0.54462326,True,1,0.5642416,True,0.9652215,0.510839,0.86849403,Easy
4219,1,1,0.54161066,True,1,0.7192627,True,1,0.5989549,True,0.96842396,0.5103283,0.8563785,Easy
4220,1,0,0.5366104,False,1,0.8062504,True,1,0.7418031,True,0.967344,0.5042399,0.8467395,Easy
4221,0,0,0.5745022,True,0,0.87471646,True,0,0.8871674,True,0.9700292,0.53031397,0.71752894,Easy
4222,0,0,0.6186208,True,1,0.61355585,False,0,0.71048677,True,0.96822655,0.50674605,0.0,Graph_Only
4223,0,0,0.5918129,True,0,0.9262794,True,0,0.92289245,True,0.9695107,0.5280283,0.9172425,Easy
4224,0,0,0.6801362,True,0,0.66897535,True,0,0.9567153,True,0.96413237,0.5134786,0.92100537,Easy
4225,1,1,0.519501,True,1,0.57296693,True,1,0.8984566,True,0.96766865,0.51522887,0.82043487,Easy
4226,1,1,0.5205775,True,1,0.96318,True,1,0.9938929,True,0.96418,0.5027082,0.82242763,Easy
4227,0,0,0.5636301,True,0,0.9445867,True,0,0.99564654,True,0.9653789,0.5228373,0.8401087,Easy
4228,1,1,0.5414879,True,1,0.5337967,True,0,0.601726,False,0.9676564,0.5189872,0.8153973,Text_Only
4229,0,0,0.6147391,True,0,0.63750684,True,0,0.8700026,True,0.967582,0.512939,0.8908507,Easy
4230,0,0,0.60087216,True,0,0.7883762,True,0,0.99794334,True,0.96536016,0.51641846,0.7533363,Easy
4231,1,1,0.5256578,True,1,0.62238103,True,1,0.90448964,True,0.9645575,0.51634747,0.9531231,Easy
4232,1,0,0.5098327,False,1,0.5565345,True,1,0.94788146,True,0.9659728,0.5285513,0.7634173,Easy
4233,1,1,0.51189935,True,1,0.9451158,True,1,0.9935626,True,0.96314704,0.4986647,0.7887566,Easy
4234,1,1,0.561403,True,1,0.633839,True,1,0.8414397,True,0.9701998,0.5120394,0.79145896,Easy
4235,1,1,0.5185368,True,1,0.8319055,True,1,0.68835145,True,0.9649074,0.5060817,0.8836155,Easy
4236,0,0,0.6391437,True,0,0.61122197,True,0,0.99289376,True,0.96997154,0.512583,0.8947796,Easy
4237,1,0,0.5016503,False,1,0.9075398,True,1,0.96763414,True,0.9624559,0.5016758,0.8510172,Easy
4238,0,0,0.6356089,True,0,0.70251817,True,0,0.9605928,True,0.9698347,0.5186525,0.89375556,Easy
4239,0,0,0.58046854,True,1,0.7259536,False,0,0.68464965,True,0.96625245,0.5025826,0.0,Graph_Only
4240,1,1,0.52678996,True,1,0.5600924,True,1,0.7776634,True,0.9670103,0.5162839,0.93280923,Easy
4241,1,1,0.52772963,True,1,0.8016141,True,1,0.8781888,True,0.9653265,0.5100129,0.7271577,Easy
4242,1,1,0.5204252,True,1,0.7666703,True,1,0.8757481,True,0.9672879,0.5075886,0.8105048,Easy
4243,0,0,0.65041,True,0,0.67552215,True,0,0.9109771,True,0.9658054,0.5198707,0.0,Easy
4244,1,0,0.54422754,False,1,0.5666415,True,1,0.8042109,True,0.9686746,0.5182674,0.8416022,Easy
4245,0,0,0.56490487,True,0,0.9633314,True,0,0.99626213,True,0.9649124,0.525223,0.8847019,Easy
4246,0,0,0.61921,True,0,0.6950478,True,0,0.9966799,True,0.9656664,0.5122587,0.8238511,Easy
4247,1,1,0.5109774,True,1,0.964422,True,1,0.9924165,True,0.96177566,0.50152457,0.73232645,Easy
4248,1,1,0.5385373,True,0,0.53076935,False,0,0.64782256,False,0.9659502,0.52274805,0.873788,Hard
4249,1,1,0.5009074,True,1,0.92060035,True,1,0.94112694,True,0.96549225,0.4944415,0.75059736,Easy
4250,1,0,0.5133804,False,1,0.74399424,True,1,0.6786531,True,0.9654286,0.5052381,0.8891539,Easy
4251,1,1,0.5072612,True,1,0.6971534,True,1,0.6789186,True,0.9665835,0.51049906,0.80005515,Easy
4252,0,0,0.59940654,True,0,0.869564,True,0,0.91447717,True,0.96888447,0.5238248,0.932688,Easy
4253,0,0,0.5446661,True,0,0.9875404,True,0,0.9619706,True,0.9637057,0.533135,0.8754176,Easy
4254,0,0,0.52357596,True,1,0.7713242,False,1,0.5022639,False,0.96613437,0.51021737,0.9142943,Hard
4255,0,0,0.5485783,True,0,0.5236676,True,1,0.5050434,False,0.97019196,0.50972897,0.85263103,Text_Only
4256,1,1,0.5715007,True,1,0.7717407,True,1,0.6525379,True,0.9673072,0.5102429,0.8018466,Easy
4257,1,1,0.5158744,True,1,0.776243,True,1,0.7100606,True,0.9638446,0.5112928,0.91188204,Easy
4258,1,1,0.54514074,True,1,0.8241134,True,1,0.97541875,True,0.962821,0.5127816,0.8925606,Easy
4259,1,0,0.70698035,False,1,0.5147408,True,0,0.85411346,False,0.96847534,0.5151379,0.0,Text_Only
4260,0,0,0.5958752,True,0,0.7031142,True,0,0.511133,True,0.9659294,0.5198006,0.8451296,Easy
4261,1,1,0.51483285,True,1,0.8342793,True,1,0.99155957,True,0.9642852,0.50682026,0.7747911,Easy
4262,1,0,0.5713122,False,0,0.5587857,False,1,0.59117955,True,0.9681334,0.5146589,0.8532688,Graph_Only
4263,1,1,0.56235754,True,1,0.84788775,True,1,0.99678195,True,0.96444917,0.5141899,0.7683853,Easy
4264,1,1,0.5292388,True,1,0.8554822,True,1,0.9850794,True,0.96557117,0.5123744,0.83330286,Easy
4265,0,0,0.56735927,True,0,0.5068091,True,0,0.58887196,True,0.96589404,0.51758057,0.9284909,Easy
4266,1,0,0.5222698,False,1,0.6937212,True,1,0.85142994,True,0.96756274,0.5100831,0.84409165,Easy
4267,1,1,0.5415945,True,1,0.64612275,True,1,0.63210684,True,0.9676198,0.51030153,0.84051216,Easy
4268,0,0,0.5798832,True,0,0.94990367,True,0,0.9697276,True,0.9672851,0.52910596,0.91181624,Easy
4269,1,0,0.5053192,False,1,0.53933287,True,1,0.56719846,True,0.96606386,0.51748914,0.867769,Easy
4270,1,0,0.5549917,False,1,0.7420226,True,1,0.7831313,True,0.96507275,0.50659806,0.82817614,Easy
4271,1,1,0.51734394,True,1,0.9031671,True,1,0.98398167,True,0.9677739,0.50537366,0.0,Easy
4272,1,1,0.53867936,True,1,0.8194736,True,1,0.99665666,True,0.9646344,0.51289743,0.8154422,Easy
4273,1,1,0.54001194,True,1,0.9000151,True,1,0.97275895,True,0.9621303,0.5054108,0.8431466,Easy
4274,1,1,0.53099805,True,1,0.8979107,True,1,0.9749888,True,0.9613904,0.5039791,0.86214566,Easy
4275,1,1,0.5441661,True,1,0.68087834,True,1,0.9750881,True,0.9667352,0.52033377,0.80782807,Easy
4276,1,1,0.553107,True,1,0.81626606,True,1,0.97625923,True,0.963596,0.51073843,0.8779006,Easy
4277,1,1,0.5220622,True,1,0.6848657,True,1,0.9562734,True,0.9658862,0.5132768,0.8655864,Easy
4278,1,1,0.541951,True,1,0.60263413,True,1,0.79758286,True,0.9681419,0.5134379,0.8697591,Easy
4279,1,1,0.5339482,True,1,0.9268265,True,1,0.98795754,True,0.9604293,0.5023843,0.90397155,Easy
4280,1,1,0.56132174,True,1,0.76242775,True,1,0.93038046,True,0.96520686,0.51548153,0.8963244,Easy
4281,1,1,0.511353,True,1,0.8803019,True,1,0.9164546,True,0.96576697,0.50365466,0.8524397,Easy
4282,1,0,0.5090592,False,1,0.5615997,True,1,0.8490872,True,0.96867025,0.5121551,0.8448341,Easy
4283,0,1,0.5154165,False,1,0.5285365,False,1,0.6661762,False,0.9663962,0.5118956,0.9040736,Hard
4284,1,1,0.5515895,True,1,0.904309,True,1,0.9939663,True,0.96386933,0.5089548,0.81982505,Easy
4285,0,0,0.5851936,True,0,0.8996102,True,0,0.99813133,True,0.96239793,0.5150829,0.8846663,Easy
4286,0,0,0.59619117,True,0,0.88482237,True,0,0.9706296,True,0.9671483,0.5207952,0.0,Easy
4287,0,0,0.5594176,True,0,0.7932941,True,0,0.98836607,True,0.96455276,0.5145898,0.7998918,Easy
4288,1,1,0.54201937,True,1,0.837977,True,1,0.9512067,True,0.9675695,0.50216067,0.82216096,Easy
4289,1,1,0.526335,True,1,0.89904433,True,1,0.97858745,True,0.9656966,0.50683576,0.8127627,Easy
4290,1,1,0.52671015,True,1,0.9465614,True,1,0.99629885,True,0.9631752,0.50527555,0.82421744,Easy
4291,1,0,0.5162013,False,0,0.71573466,False,1,0.7415702,True,0.9664879,0.52459925,0.8604877,Graph_Only
4292,0,0,0.6107705,True,0,0.8586887,True,0,0.9615068,True,0.97119665,0.5197729,0.74880105,Easy
4293,0,1,0.51896554,False,1,0.652473,False,1,0.6426828,False,0.9662513,0.5190493,0.7417555,Hard
4294,0,0,0.633237,True,0,0.64122564,True,0,0.8038033,True,0.9661161,0.51122713,0.8700554,Easy
4295,1,1,0.51960427,True,1,0.71286696,True,1,0.59077436,True,0.9690686,0.5118901,0.8447762,Easy
4296,1,1,0.53343874,True,1,0.9605247,True,1,0.9945181,True,0.9624488,0.49885586,0.70592564,Easy
4297,1,1,0.5344251,True,1,0.95783263,True,1,0.99466854,True,0.9614959,0.50128025,0.90481395,Easy
4298,1,1,0.53575796,True,1,0.906111,True,1,0.98890483,True,0.9671598,0.50165504,0.7716671,Easy
4299,1,1,0.54551226,True,1,0.89233714,True,1,0.9891383,True,0.9640705,0.51016295,0.0,Easy
4300,0,0,0.6012823,True,0,0.88077515,True,0,0.9931318,True,0.9666923,0.5169553,0.9170516,Easy
4301,1,1,0.53438884,True,1,0.9001191,True,1,0.97437423,True,0.9644728,0.50316405,0.81780744,Easy
4302,0,1,0.5288024,False,1,0.8919309,False,1,0.97085965,False,0.9640701,0.4999941,0.8337916,Hard
4303,1,1,0.5290259,True,1,0.8794743,True,1,0.9492179,True,0.9641224,0.50223905,0.88261175,Easy
4304,0,0,0.66667366,True,0,0.67658436,True,0,0.8622326,True,0.9660634,0.5168656,0.87972176,Easy
4305,1,1,0.5154587,True,1,0.9407491,True,1,0.98436457,True,0.9652896,0.5015997,0.7925779,Easy
4306,1,1,0.5466359,True,1,0.7541481,True,1,0.94149464,True,0.9677975,0.5069174,0.81408286,Easy
4307,1,1,0.52339566,True,1,0.79237413,True,1,0.9389138,True,0.96440184,0.5088953,0.8355241,Easy
4308,1,0,0.5222303,False,1,0.82216656,True,1,0.90612245,True,0.9635572,0.5067575,0.78517437,Easy
4309,1,0,0.53758156,False,1,0.5021995,True,1,0.5019023,True,0.9664879,0.51615214,0.91671425,Easy
4310,1,1,0.5566712,True,1,0.7091698,True,1,0.9174506,True,0.96482533,0.5141243,0.8331926,Easy
4311,1,1,0.5468651,True,1,0.62689805,True,1,0.98429906,True,0.9699278,0.514126,0.0,Easy
4312,1,1,0.5290262,True,1,0.9157263,True,1,0.9951434,True,0.96364725,0.5038191,0.82681715,Easy
4313,0,1,0.5354154,False,1,0.73473203,False,0,0.50934166,True,0.9685006,0.51420325,0.7771809,Graph_Only
4314,1,1,0.525636,True,1,0.9082885,True,1,0.9822213,True,0.9618168,0.50030667,0.8243984,Easy
4315,0,0,0.52727956,True,1,0.53295344,False,0,0.71531737,True,0.9698409,0.5120749,0.0,Graph_Only
4316,1,1,0.53783923,True,1,0.9662928,True,1,0.9976623,True,0.959465,0.50311214,0.8439862,Easy
4317,0,0,0.6540064,True,0,0.6044396,True,0,0.848221,True,0.9653439,0.5131796,0.0,Easy
4318,1,1,0.52783924,True,1,0.93462545,True,1,0.9665045,True,0.9630241,0.4954016,0.0,Easy
4319,0,1,0.50058675,False,1,0.83070236,False,1,0.66095334,False,0.969725,0.5050429,0.7459669,Hard
4320,1,1,0.5566856,True,1,0.7703467,True,1,0.9762521,True,0.96568596,0.516278,0.88453305,Easy
4321,1,1,0.5356297,True,1,0.82328933,True,1,0.9551604,True,0.96536505,0.5062656,0.9147729,Easy
4322,1,1,0.5183878,True,1,0.83555335,True,1,0.9240006,True,0.9663535,0.49874392,0.0,Easy
4323,1,1,0.566094,True,1,0.8484354,True,1,0.96031094,True,0.9652147,0.5084595,0.7998962,Easy
4324,0,0,0.60752743,True,0,0.9039739,True,0,0.9921313,True,0.9656826,0.5243534,0.8817991,Easy
4325,1,1,0.51357174,True,1,0.8545387,True,1,0.9581571,True,0.96436524,0.50268906,0.0,Easy
4326,1,0,0.5500731,False,1,0.8576139,True,0,0.5845985,False,0.96526295,0.5017553,0.8384024,Text_Only
4327,0,0,0.55601156,True,1,0.59319204,False,0,0.60505277,True,0.9652943,0.51470435,0.8775172,Graph_Only
4328,1,1,0.514192,True,1,0.8822762,True,1,0.97960836,True,0.96378267,0.50450504,0.0,Easy
4329,1,1,0.5553702,True,1,0.62435216,True,0,0.5737852,False,0.9674578,0.5172692,0.81813836,Text_Only
4330,0,0,0.5872249,True,0,0.88495743,True,0,0.95725703,True,0.96663547,0.5207329,0.0,Easy
4331,0,0,0.71478784,True,1,0.5070286,False,0,0.96307,True,0.96557796,0.5094858,0.8083427,Graph_Only
4332,1,1,0.52894676,True,1,0.931487,True,1,0.99699783,True,0.96086746,0.5027042,0.77737594,Easy
4333,0,0,0.60176915,True,1,0.78868186,False,0,0.96786034,True,0.9666507,0.4992858,0.0,Graph_Only
4334,1,1,0.5770731,True,1,0.59075326,True,1,0.9777231,True,0.96629035,0.5262276,0.802656,Easy
4335,1,1,0.51927155,True,1,0.74616116,True,1,0.8317551,True,0.9648168,0.51067406,0.87367797,Easy
4336,1,0,0.50560725,False,1,0.68428,True,1,0.6591684,True,0.96576905,0.5034814,0.0,Easy
4337,0,0,0.5443889,True,1,0.83439684,False,0,0.7833193,True,0.96509886,0.50027704,0.0,Graph_Only
4338,0,1,0.52491117,False,1,0.9527009,False,1,0.96745735,False,0.9628689,0.5029567,0.70764446,Hard
4339,1,1,0.5397074,True,1,0.91013175,True,1,0.9890248,True,0.96241677,0.50324637,0.82190907,Easy
4340,1,1,0.5018109,True,1,0.59755856,True,1,0.924681,True,0.9650009,0.5152156,0.88674426,Easy
4341,1,1,0.5307458,True,1,0.9155498,True,1,0.9721914,True,0.96391356,0.5029186,0.800907,Easy
4342,1,1,0.5451685,True,1,0.9380581,True,1,0.99467343,True,0.96298754,0.5029503,0.8627825,Easy
4343,0,0,0.5950754,True,0,0.8644278,True,0,0.9693775,True,0.9667331,0.5258289,0.0,Easy
4344,1,1,0.5185921,True,1,0.9407313,True,1,0.97823787,True,0.9639722,0.50299335,0.7740943,Easy
4345,1,0,0.50919926,False,1,0.7607722,True,1,0.96811455,True,0.96479774,0.509279,0.0,Easy
4346,1,1,0.5389267,True,1,0.9159324,True,1,0.99410546,True,0.9647549,0.50656897,0.88441503,Easy
4347,1,1,0.528615,True,1,0.9227201,True,1,0.99324447,True,0.96460843,0.5039719,0.71695733,Easy
4348,1,0,0.5375306,False,1,0.8584247,True,0,0.5630763,False,0.96598315,0.49832195,0.84119976,Text_Only
4349,1,1,0.5260871,True,1,0.95292234,True,1,0.99502724,True,0.9609246,0.5025403,0.8535049,Easy
4350,0,0,0.6753681,True,0,0.59123343,True,0,0.91736436,True,0.9662721,0.5122796,0.8441836,Easy
4351,0,1,0.5139231,False,1,0.8417137,False,1,0.82866746,False,0.96332836,0.49577907,0.0,Hard
4352,1,0,0.54660267,False,1,0.7719426,True,1,0.7271737,True,0.9653894,0.51006657,0.85909915,Easy
4353,1,0,0.52381486,False,1,0.9144939,True,1,0.8896295,True,0.9634769,0.4960091,0.0,Easy
4354,1,0,0.5275588,False,1,0.59298897,True,1,0.80336595,True,0.9653411,0.5229375,0.8394022,Easy
4355,0,0,0.5840665,True,0,0.9061226,True,0,0.9945392,True,0.9659529,0.5236099,0.89942765,Easy
4356,0,0,0.5902393,True,0,0.8977308,True,0,0.9955915,True,0.9633446,0.5197545,0.83633864,Easy
4357,1,1,0.51051706,True,1,0.8939143,True,1,0.9586804,True,0.9680262,0.5051388,0.84199125,Easy
4358,1,1,0.5128281,True,0,0.5026661,False,1,0.7406498,True,0.9700271,0.5171455,0.843278,Graph_Only
4359,1,0,0.5285037,False,1,0.7035355,True,1,0.7690212,True,0.9641124,0.50675434,0.8775351,Easy
4360,1,0,0.53807855,False,1,0.57854724,True,0,0.5196045,False,0.96626586,0.51807684,0.77078617,Text_Only
4361,1,0,0.6614796,False,0,0.65536726,False,0,0.8938391,False,0.96601486,0.5172765,0.0,Hard
4362,1,0,0.5090181,False,1,0.87441146,True,1,0.98436284,True,0.9655578,0.5018382,0.71588874,Easy
4363,1,1,0.52716565,True,1,0.9041977,True,1,0.9890142,True,0.9607466,0.51328623,0.7678267,Easy
4364,0,0,0.5460458,True,1,0.5732303,False,0,0.7108044,True,0.96924,0.51367694,0.79719204,Graph_Only
4365,0,1,0.5326267,False,0,0.5965785,True,0,0.5884036,True,0.9701116,0.52681464,0.8371451,Easy
4366,0,0,0.57140505,True,0,0.9344607,True,0,0.9982639,True,0.9652369,0.51920015,0.9500338,Easy
4367,1,1,0.5333736,True,1,0.94846505,True,1,0.9970854,True,0.9623701,0.50649786,0.7909522,Easy
4368,1,1,0.53299785,True,1,0.6334755,True,1,0.8767843,True,0.9655194,0.51150274,0.7793336,Easy
4369,1,0,0.56484014,False,1,0.6279443,True,1,0.6592005,True,0.96586084,0.5168393,0.85287535,Easy
4370,1,0,0.54086554,False,0,0.5168567,False,1,0.7611309,True,0.96615845,0.5171792,0.87996,Graph_Only
4371,1,0,0.53161454,False,0,0.5601312,False,1,0.86884123,True,0.9660357,0.5180647,0.89551806,Graph_Only
4372,0,0,0.56148034,True,0,0.7727893,True,0,0.72485965,True,0.9692421,0.5293038,0.8510077,Easy
4373,0,0,0.5896358,True,0,0.6822562,True,1,0.6011882,False,0.9674562,0.52083856,0.8477042,Text_Only
4374,0,1,0.5557773,False,1,0.88343126,False,1,0.9364747,False,0.9632069,0.5078108,0.8065736,Hard
4375,0,0,0.59522355,True,0,0.84933877,True,0,0.99537164,True,0.9658594,0.5149795,0.86215365,Easy
4376,0,1,0.5012241,False,0,0.5327812,True,0,0.6341457,True,0.9658855,0.5205587,0.86604875,Easy
4377,0,0,0.56390554,True,1,0.6003978,False,1,0.59087515,False,0.96471906,0.52274114,0.8753991,Hard
4378,1,0,0.6077867,False,0,0.57281345,False,1,0.67213726,True,0.9645549,0.51035666,0.8828293,Graph_Only
4379,1,1,0.5682423,True,1,0.83727574,True,1,0.9705693,True,0.96568006,0.5104843,0.812055,Easy
4380,1,1,0.51027095,True,1,0.9728124,True,1,0.99642205,True,0.9565072,0.5049217,0.8304355,Easy
4381,1,1,0.5575658,True,1,0.89638877,True,1,0.98909086,True,0.9630674,0.50794375,0.85749507,Easy
4382,1,1,0.5624228,True,1,0.7759155,True,1,0.9495624,True,0.9651063,0.51531667,0.9322063,Easy
4383,1,1,0.51690596,True,1,0.9557941,True,1,0.99152666,True,0.96096283,0.4969463,0.8447614,Easy
4384,1,1,0.5181641,True,1,0.9042883,True,1,0.97680616,True,0.96408075,0.4978381,0.0,Easy
4385,1,1,0.52547926,True,1,0.9508467,True,1,0.9769355,True,0.9636819,0.49772376,0.76597965,Easy
4386,1,1,0.54643995,True,1,0.7453932,True,1,0.7169656,True,0.96543837,0.5111679,0.8878952,Easy
4387,1,0,0.5096095,False,1,0.91212445,True,1,0.75967985,True,0.9664165,0.49656698,0.0,Easy
4388,0,0,0.58644044,True,0,0.7090122,True,0,0.6338242,True,0.9663277,0.52048415,0.9042149,Easy
4389,1,1,0.5191738,True,1,0.7622388,True,1,0.8214804,True,0.9670401,0.508422,0.82692826,Easy
4390,0,0,0.6651975,True,0,0.5724532,True,0,0.70503473,True,0.9670061,0.5189638,0.864515,Easy
4391,1,1,0.5298321,True,1,0.8078463,True,1,0.93621874,True,0.9635381,0.5136489,0.8220383,Easy
4392,0,0,0.58509386,True,0,0.8758623,True,0,0.9773121,True,0.96555793,0.51710117,0.87372196,Easy
4393,0,1,0.5376894,False,1,0.66175,False,1,0.651787,False,0.9653324,0.5125954,0.8755501,Hard
4394,1,1,0.5264564,True,1,0.9348589,True,1,0.98906404,True,0.96236897,0.502586,0.0,Easy
4395,1,1,0.52823305,True,1,0.8952353,True,1,0.9711137,True,0.96348554,0.5069467,0.8422653,Easy
4396,1,1,0.56504595,True,1,0.80218977,True,1,0.98149383,True,0.9664886,0.51231456,0.80119383,Easy
4397,1,1,0.50605726,True,1,0.91208804,True,1,0.96590817,True,0.9624491,0.498376,0.0,Easy
4398,1,1,0.50314575,True,1,0.91301966,True,1,0.9794164,True,0.9658117,0.49867478,0.8556144,Easy
4399,1,0,0.51296717,False,1,0.56186056,True,0,0.5492624,False,0.965932,0.5179596,0.8462515,Text_Only
4400,0,0,0.58122134,True,0,0.7405131,True,0,0.6862297,True,0.9667195,0.5243614,0.84772575,Easy
4401,1,1,0.5349759,True,1,0.9480018,True,1,0.9983187,True,0.9627565,0.5044653,0.83394516,Easy
4402,0,0,0.5081742,True,1,0.7310688,False,1,0.63497925,False,0.96615314,0.50119805,0.8191288,Hard
4403,1,1,0.5526193,True,1,0.87379384,True,1,0.99471456,True,0.9636016,0.5049566,0.74981093,Easy
4404,1,0,0.5958747,False,0,0.5757016,False,1,0.54683614,True,0.9655279,0.513876,0.9116379,Graph_Only
4405,1,1,0.5501953,True,1,0.89161193,True,1,0.96006894,True,0.96494305,0.5078581,0.78987515,Easy
4406,0,0,0.5653311,True,0,0.92463094,True,0,0.9983228,True,0.9640994,0.52105206,0.9074297,Easy
4407,1,1,0.55394465,True,1,0.8461324,True,1,0.9831541,True,0.961434,0.5113896,0.90489835,Easy
4408,1,1,0.5816687,True,1,0.61995065,True,1,0.86248684,True,0.9645364,0.524222,0.7763692,Easy
4409,1,1,0.5352617,True,1,0.7808736,True,1,0.93581307,True,0.96713406,0.50718725,0.8494822,Easy
4410,0,0,0.6706182,True,1,0.56385535,False,0,0.9239687,True,0.96528035,0.5024301,0.8188509,Graph_Only
4411,1,1,0.5989813,True,1,0.66946864,True,1,0.9288396,True,0.9654497,0.5211738,0.73703116,Easy
4412,1,1,0.54830104,True,1,0.92728555,True,1,0.99209774,True,0.96362245,0.5068893,0.83928597,Easy
4413,1,1,0.54426205,True,1,0.9050876,True,1,0.9873697,True,0.9629097,0.5041978,0.84525514,Easy
4414,0,0,0.6655918,True,0,0.5290504,True,0,0.76922065,True,0.9675142,0.5217257,0.81309825,Easy
4415,1,0,0.5017473,False,1,0.86776966,True,1,0.9607181,True,0.96213365,0.50209105,0.0,Easy
4416,1,1,0.5252999,True,1,0.93196535,True,1,0.9919898,True,0.961972,0.5013525,0.8035419,Easy
4417,1,0,0.51223975,False,1,0.73609513,True,1,0.82098615,True,0.9651159,0.50943446,0.875249,Easy
4418,1,1,0.53592646,True,1,0.906695,True,1,0.98389906,True,0.96366125,0.50390327,0.8443705,Easy
4419,0,0,0.5470646,True,0,0.92829025,True,0,0.9251702,True,0.9693882,0.5283582,0.7899411,Easy
4420,1,0,0.5001292,False,1,0.8684235,True,1,0.9033533,True,0.96383154,0.4977739,0.0,Easy
4421,1,1,0.5813854,True,1,0.87974447,True,1,0.9703944,True,0.9644786,0.50860476,0.8526416,Easy
4422,1,1,0.50922304,True,1,0.8501875,True,1,0.7608967,True,0.966787,0.49698323,0.0,Easy
4423,0,0,0.55671704,True,0,0.8359505,True,0,0.9619267,True,0.96861196,0.5217459,0.76246905,Easy
4424,1,0,0.51758593,False,1,0.6395679,True,1,0.65272206,True,0.9652631,0.5140434,0.7486414,Easy
4425,1,1,0.5295341,True,1,0.6412122,True,1,0.9674461,True,0.9651238,0.51301485,0.882593,Easy
4426,0,0,0.62258154,True,0,0.80830336,True,0,0.9905447,True,0.9666395,0.5167498,0.90862536,Easy
4427,1,1,0.504799,True,1,0.6270386,True,1,0.8931283,True,0.96868706,0.5097495,0.8005231,Easy
4428,1,1,0.5205385,True,1,0.87981606,True,1,0.9840221,True,0.964777,0.5024386,0.8229897,Easy
4429,1,0,0.59878707,False,0,0.5950628,False,0,0.5105012,False,0.9682472,0.5165387,0.0,Hard
4430,0,0,0.59594345,True,0,0.7506759,True,0,0.7695827,True,0.96855366,0.51786476,0.85262215,Easy
4431,0,0,0.5476971,True,1,0.70305574,False,1,0.657584,False,0.9663464,0.510759,0.8752225,Hard
4432,1,1,0.5376339,True,1,0.9143476,True,1,0.9928901,True,0.96117973,0.5053253,0.8203275,Easy
4433,0,0,0.61518884,True,0,0.83479595,True,0,0.99362296,True,0.9655094,0.5217542,0.77346826,Easy
4434,0,0,0.54074013,True,1,0.5517051,False,0,0.770522,True,0.9669918,0.5191147,0.8357545,Graph_Only
4435,1,0,0.50397927,False,1,0.8177208,True,1,0.7654193,True,0.96241045,0.49863032,0.88443476,Easy
4436,1,1,0.5039153,True,1,0.90928936,True,1,0.97897536,True,0.9645188,0.5033979,0.0,Easy
4437,0,0,0.60769963,True,0,0.84101444,True,0,0.9729989,True,0.965037,0.5182767,0.8729179,Easy
4438,1,1,0.50804204,True,1,0.92748046,True,1,0.9808461,True,0.9660604,0.50018185,0.82795405,Easy
4439,0,0,0.5678427,True,1,0.5393268,False,0,0.7296402,True,0.96711373,0.51731557,0.86722565,Graph_Only
4440,1,1,0.54517794,True,1,0.901074,True,1,0.98372126,True,0.96559066,0.51006275,0.74652106,Easy
4441,1,1,0.54694057,True,1,0.800421,True,1,0.97332406,True,0.9641876,0.50889045,0.8401747,Easy
4442,0,0,0.5608266,True,0,0.9807912,True,0,0.9954028,True,0.96508384,0.5263578,0.8245512,Easy
4443,0,0,0.5282894,True,1,0.50771475,False,0,0.6985062,True,0.9678416,0.52271926,0.8842078,Graph_Only
4444,0,0,0.5892944,True,1,0.6418536,False,0,0.7538832,True,0.9721419,0.5109434,0.0,Graph_Only
4445,0,0,0.5986141,True,0,0.8330236,True,0,0.95351636,True,0.9667022,0.5181447,0.0,Easy
4446,1,1,0.51646,True,1,0.94854957,True,1,0.9968657,True,0.96131355,0.4981139,0.7752162,Easy
4447,1,1,0.55971754,True,1,0.8467507,True,1,0.9824333,True,0.9656997,0.51400024,0.8501353,Easy
4448,1,0,0.52819955,False,0,0.64649,False,1,0.56167746,True,0.9655036,0.5261884,0.8150288,Graph_Only
4449,1,0,0.53673273,False,0,0.51569605,False,1,0.9068909,True,0.9667775,0.5141711,0.0,Graph_Only
4450,1,1,0.535494,True,1,0.883596,True,1,0.9931038,True,0.9650576,0.5035101,0.75064707,Easy
4451,0,0,0.7262052,True,0,0.51141745,True,0,0.9411902,True,0.9661944,0.50973475,0.856428,Easy
4452,1,1,0.5633477,True,1,0.91647595,True,1,0.9947753,True,0.96650714,0.5132682,0.7237803,Easy
4453,0,0,0.63113385,True,1,0.68566906,False,0,0.56591725,True,0.967239,0.5075642,0.84235173,Graph_Only
4454,0,0,0.6197379,True,0,0.62890315,True,0,0.716818,True,0.9674515,0.5179289,0.0,Easy
4455,1,1,0.6203768,True,0,0.5095636,False,1,0.6646002,True,0.9676515,0.52594876,0.91417843,Graph_Only
4456,1,0,0.51158154,False,1,0.8572092,True,1,0.8480165,True,0.96776605,0.49596927,0.0,Easy
4457,0,0,0.63041025,True,1,0.7283624,False,0,0.87419,True,0.9645757,0.50203496,0.86082596,Graph_Only
4458,1,1,0.5482967,True,1,0.92214954,True,1,0.99841356,True,0.9618305,0.51293856,0.80150634,Easy
4459,0,0,0.5607075,True,0,0.51421213,True,0,0.57935745,True,0.9659904,0.51748395,0.8432684,Easy
4460,1,1,0.5582559,True,1,0.88600636,True,1,0.9942115,True,0.9671655,0.50755334,0.8975282,Easy
4461,1,1,0.53351295,True,1,0.92637056,True,1,0.9949202,True,0.9651895,0.5052289,0.7605933,Easy
4462,1,1,0.5301249,True,1,0.9568561,True,1,0.99001104,True,0.96203506,0.4969028,0.8769242,Easy
4463,1,0,0.51188105,False,1,0.92837405,True,1,0.8366397,True,0.9642123,0.4974456,0.8503597,Easy
4464,0,0,0.632005,True,0,0.8267602,True,0,0.96108794,True,0.9649998,0.51881856,0.902061,Easy
4465,1,1,0.54075176,True,1,0.9193396,True,1,0.99575895,True,0.96567,0.5050597,0.82429445,Easy
4466,1,1,0.5529936,True,1,0.8957424,True,1,0.9878229,True,0.96542376,0.50223917,0.0,Easy
4467,1,1,0.5396875,True,1,0.94013,True,1,0.9906647,True,0.9634145,0.5026733,0.7817813,Easy
4468,1,1,0.5386381,True,1,0.8145866,True,1,0.9786862,True,0.9683668,0.5054914,0.7322711,Easy
4469,0,0,0.5923292,True,1,0.8759225,False,0,0.9816048,True,0.96388066,0.48803428,0.88197315,Graph_Only
4470,1,0,0.58581096,False,1,0.5833329,True,0,0.5258499,False,0.96723527,0.5094605,0.0,Text_Only
4471,1,1,0.5159349,True,1,0.98130006,True,1,0.99691147,True,0.95836055,0.49569148,0.81974053,Easy
4472,1,1,0.52500683,True,1,0.945963,True,1,0.98753124,True,0.96459585,0.5042759,0.82124084,Easy
4473,1,1,0.50669944,True,1,0.70887727,True,1,0.9257395,True,0.9658058,0.5041377,0.0,Easy
4474,1,0,0.5122776,False,1,0.6751684,True,1,0.58687145,True,0.96585953,0.5120212,0.86999846,Easy
4475,0,0,0.6581457,True,1,0.5037061,False,0,0.97637796,True,0.9653446,0.5077095,0.8934747,Graph_Only
4476,1,1,0.51388204,True,1,0.7595251,True,1,0.88531256,True,0.9666111,0.50710803,0.73769045,Easy
4477,1,1,0.5316772,True,1,0.9700726,True,1,0.99570763,True,0.9591634,0.49669763,0.8333948,Easy
4478,0,0,0.7024127,True,0,0.5342339,True,0,0.9276484,True,0.9653839,0.5142237,0.9072416,Easy
4479,1,0,0.501482,False,1,0.9207471,True,1,0.95241714,True,0.9637055,0.4987541,0.0,Easy
4480,0,0,0.5950218,True,0,0.8472542,True,0,0.9927948,True,0.9675365,0.51446617,0.9009595,Easy
4481,1,1,0.500051,True,1,0.7420686,True,1,0.8261213,True,0.9658201,0.5044659,0.0,Easy
4482,1,1,0.51517767,True,1,0.94019574,True,1,0.98854685,True,0.9651514,0.5031841,0.80099595,Easy
4483,0,1,0.5501461,False,1,0.65351194,False,0,0.75120616,True,0.96816665,0.5174363,0.8632697,Graph_Only
4484,0,1,0.6274844,False,1,0.6166042,False,1,0.62610763,False,0.9676294,0.52093863,0.88561505,Hard
4485,1,1,0.54681385,True,1,0.8081771,True,1,0.99497813,True,0.966481,0.5110574,0.7799462,Easy
4486,1,1,0.5492666,True,1,0.95433396,True,1,0.9923678,True,0.9619094,0.5005637,0.76291394,Easy
4487,1,1,0.53869796,True,1,0.7369202,True,1,0.9050175,True,0.9676786,0.51420516,0.7951499,Easy
4488,0,0,0.67585033,True,0,0.6598841,True,0,0.9893951,True,0.96421146,0.51421744,0.8872402,Easy
4489,1,1,0.53939253,True,1,0.94822437,True,1,0.986694,True,0.9632368,0.5046509,0.72834206,Easy
4490,1,1,0.56384623,True,1,0.7218793,True,1,0.6052342,True,0.96643806,0.515521,0.8358685,Easy
4491,1,1,0.53119487,True,1,0.945764,True,1,0.99519914,True,0.96345985,0.5092794,0.92442346,Easy
4492,1,1,0.6251436,True,1,0.5665435,True,1,0.67046946,True,0.9666021,0.5219752,0.8957324,Easy
4493,1,0,0.5096225,False,1,0.93913203,True,1,0.95856035,True,0.9619472,0.4994472,0.88877773,Easy
4494,1,0,0.5035612,False,1,0.967505,True,1,0.9336872,True,0.9607605,0.4933197,0.85599875,Easy
4495,1,1,0.5036138,True,1,0.8529808,True,1,0.93679726,True,0.9658079,0.49869552,0.8681272,Easy
4496,0,0,0.59677446,True,0,0.79846454,True,0,0.89969194,True,0.9720316,0.5241885,0.81658673,Easy
4497,0,0,0.53273124,True,1,0.77279687,False,0,0.67615813,True,0.96699536,0.50709355,0.0,Graph_Only
4498,1,0,0.51185304,False,1,0.93549174,True,1,0.83949614,True,0.9647618,0.49798265,0.8891635,Easy
4499,0,0,0.6062426,True,0,0.878019,True,0,0.9599282,True,0.9695636,0.52451515,0.8771646,Easy
4500,1,1,0.52969354,True,1,0.88209295,True,1,0.9770874,True,0.965032,0.5061899,0.8277267,Easy
4501,1,1,0.56107974,True,1,0.59241885,True,1,0.6206751,True,0.9642612,0.5170849,0.904243,Easy
4502,1,1,0.5210287,True,1,0.9697991,True,1,0.9980763,True,0.95749485,0.50925624,0.88455814,Easy
4503,1,1,0.53321093,True,1,0.914204,True,1,0.97522825,True,0.9630189,0.5013509,0.86370856,Easy
4504,1,1,0.5152979,True,1,0.7644648,True,1,0.7005917,True,0.966632,0.5049792,0.0,Easy
4505,1,1,0.5010685,True,1,0.8641511,True,1,0.95543003,True,0.9630867,0.50576437,0.91243136,Easy
4506,0,1,0.5164376,False,1,0.89478064,False,1,0.9414772,False,0.9633121,0.50482917,0.870625,Hard
4507,0,1,0.52555704,False,1,0.6172395,False,0,0.8083409,True,0.96939015,0.5146175,0.74878263,Graph_Only
4508,0,0,0.61660564,True,0,0.8644813,True,0,0.9967506,True,0.96598756,0.51793724,0.8946459,Easy
4509,1,0,0.5085409,False,1,0.66069955,True,1,0.7712002,True,0.9655679,0.5151822,0.8605967,Easy
4510,1,0,0.5280833,False,1,0.5466374,True,1,0.89539355,True,0.96443284,0.5164223,0.0,Easy
4511,0,0,0.61461616,True,0,0.73119813,True,0,0.9448082,True,0.97030956,0.52188164,0.0,Easy
4512,1,0,0.5515541,False,1,0.86505026,True,1,0.7092642,True,0.96573263,0.5001132,0.0,Easy
4513,1,1,0.5529062,True,1,0.8533399,True,1,0.9748316,True,0.96602356,0.5068382,0.80696297,Easy
4514,0,0,0.6414897,True,1,0.7958466,False,0,0.9680443,True,0.9673395,0.50026304,0.0,Graph_Only
4515,1,1,0.5244909,True,1,0.90519804,True,1,0.9831154,True,0.9619408,0.5060024,0.87973404,Easy
4516,1,0,0.5658179,False,1,0.77374065,True,0,0.7981042,False,0.96785593,0.50738007,0.0,Text_Only
4517,1,1,0.5430419,True,1,0.96010727,True,1,0.99402845,True,0.96076155,0.5028197,0.87763566,Easy
4518,1,1,0.52170056,True,1,0.88691473,True,1,0.9822807,True,0.96375436,0.5083454,0.89062345,Easy
4519,1,0,0.5573672,False,0,0.5483973,False,1,0.7055935,True,0.9660849,0.52307296,0.8962587,Graph_Only
4520,1,0,0.6089394,False,1,0.55236334,True,1,0.83256155,True,0.96762764,0.51436925,0.9012129,Easy
4521,1,1,0.5445773,True,1,0.90318674,True,1,0.970791,True,0.96561646,0.50360996,0.7503356,Easy
4522,1,0,0.5643013,False,0,0.726953,False,0,0.7252296,False,0.96958053,0.52476764,0.8301087,Hard
4523,1,0,0.5125287,False,1,0.74724257,True,1,0.7968534,True,0.96828675,0.50881875,0.860188,Easy
4524,0,0,0.51392734,True,1,0.804452,False,0,0.57595986,True,0.9676268,0.50103956,0.0,Graph_Only
4525,0,1,0.5100959,False,1,0.71733636,False,1,0.5382071,False,0.96708655,0.50631446,0.0,Hard
4526,1,1,0.5064684,True,1,0.8513117,True,1,0.9564426,True,0.96600467,0.5000476,0.86950755,Easy
4527,1,1,0.59701335,True,1,0.7388503,True,1,0.9852867,True,0.96822965,0.5172584,0.8109935,Easy
4528,0,0,0.5423967,True,0,0.9917788,True,0,0.9977921,True,0.96044105,0.53865844,0.8071343,Easy
4529,1,1,0.5535811,True,1,0.94174135,True,1,0.9910405,True,0.96513224,0.504129,0.8826713,Easy
4530,0,0,0.6074908,True,0,0.7712989,True,0,0.7931856,True,0.9689716,0.5167955,0.9074468,Easy
4531,0,0,0.619694,True,0,0.8580079,True,0,0.98301584,True,0.96829474,0.52319324,0.8767084,Easy
4532,1,1,0.5632124,True,1,0.68528855,True,1,0.8944744,True,0.9696516,0.5079728,0.8255079,Easy
4533,0,0,0.5591744,True,0,0.9100665,True,0,0.98443526,True,0.96708643,0.5265894,0.0,Easy
4534,1,0,0.55685204,False,1,0.7380261,True,1,0.7299357,True,0.96696293,0.5089742,0.8264916,Easy
4535,1,1,0.52893037,True,1,0.69765586,True,1,0.88617134,True,0.9676789,0.5042143,0.85966563,Easy
4536,0,0,0.51373726,True,1,0.7933872,False,1,0.8157475,False,0.9654028,0.5030176,0.8619658,Hard
4537,1,1,0.51737666,True,1,0.917912,True,1,0.98943394,True,0.9608526,0.51136,0.9287102,Easy
4538,1,0,0.5367107,False,0,0.796044,False,0,0.542439,False,0.96923935,0.5276046,0.8201716,Hard
4539,1,1,0.51045316,True,1,0.86651236,True,1,0.96753794,True,0.9670197,0.5006928,0.92744213,Easy
4540,0,0,0.60396665,True,0,0.8172976,True,0,0.68995774,True,0.9712295,0.5250509,0.88538563,Easy
4541,0,0,0.54605854,True,1,0.7810647,False,1,0.55323493,False,0.96456945,0.50189483,0.8007586,Hard
4542,1,1,0.54879844,True,1,0.8362763,True,1,0.9837388,True,0.9641601,0.5073124,0.0,Easy
4543,0,1,0.54081386,False,1,0.5932772,False,1,0.54645,False,0.9669483,0.51122576,0.859653,Hard
4544,1,1,0.53387827,True,1,0.9374788,True,1,0.99631435,True,0.9597329,0.51666975,0.91473794,Easy
4545,0,1,0.52881485,False,1,0.619317,False,1,0.59641165,False,0.96855277,0.51638347,0.7520257,Hard
4546,0,0,0.55747044,True,0,0.99118453,True,0,0.997589,True,0.9598798,0.53713685,0.0,Easy
4547,1,1,0.52621275,True,1,0.92259526,True,1,0.99017906,True,0.9633908,0.5023945,0.83214056,Easy
4548,0,0,0.6154881,True,0,0.8924594,True,0,0.9606856,True,0.9691749,0.52553946,0.8868492,Easy
4549,1,0,0.52826315,False,1,0.5514516,True,1,0.8864694,True,0.9678627,0.5123958,0.86350656,Easy
4550,0,1,0.584003,False,1,0.6408866,False,1,0.54601896,False,0.96834874,0.5116354,0.8956149,Hard
4551,1,0,0.597495,False,1,0.5037697,True,1,0.6421117,True,0.96828043,0.5213971,0.80778706,Easy
4552,1,1,0.54359615,True,1,0.75857484,True,1,0.9161969,True,0.966216,0.50804985,0.9134868,Easy
4553,1,1,0.54945683,True,1,0.91952586,True,1,0.98117846,True,0.96334237,0.50873554,0.93182445,Easy
4554,0,0,0.5385163,True,1,0.7502963,False,1,0.6794199,False,0.96584237,0.505502,0.0,Hard
4555,0,0,0.54842865,True,0,0.971899,True,0,0.9433688,True,0.9674762,0.53313494,0.83781016,Easy
4556,1,1,0.5348207,True,1,0.9160373,True,1,0.9659001,True,0.9631814,0.4982217,0.8832198,Easy
4557,0,0,0.59442884,True,0,0.8959457,True,0,0.9345177,True,0.96924853,0.52612114,0.8846096,Easy
4558,1,1,0.5340853,True,1,0.8676646,True,1,0.98221093,True,0.9646113,0.5046842,0.86926323,Easy
4559,1,0,0.5004555,False,1,0.7878542,True,1,0.9762349,True,0.9695081,0.5042258,0.741935,Easy
4560,1,0,0.6353579,False,0,0.7535358,False,0,0.9308812,False,0.9713956,0.5230865,0.91184497,Hard
4561,1,1,0.52088475,True,1,0.9493046,True,1,0.9789301,True,0.9614525,0.4984607,0.9199241,Easy
4562,1,1,0.5279835,True,1,0.96755826,True,1,0.99070907,True,0.9616666,0.49718288,0.0,Easy
4563,0,0,0.5304941,True,1,0.6352028,False,1,0.8792925,False,0.9641521,0.5095159,0.0,Hard
4564,1,1,0.57867336,True,1,0.67235845,True,1,0.91196203,True,0.96714246,0.51098835,0.8314869,Easy
4565,0,0,0.5137858,True,1,0.90185654,False,1,0.852454,False,0.9658277,0.4940634,0.0,Hard
4566,1,1,0.54424584,True,1,0.9001135,True,1,0.91024446,True,0.9643918,0.50035626,0.8217511,Easy
4567,0,0,0.5149022,True,1,0.8525113,False,0,0.61226225,True,0.9676827,0.49388218,0.8260187,Graph_Only
4568,0,0,0.67133677,True,0,0.69809926,True,0,0.5092838,True,0.9682492,0.5157137,0.94373417,Easy
4569,0,0,0.586701,True,1,0.57201654,False,0,0.7935152,True,0.96716,0.5180944,0.86528933,Graph_Only
4570,0,0,0.65664154,True,0,0.6916175,True,0,0.92684376,True,0.9725739,0.5194867,0.80143726,Easy
4571,1,1,0.50727427,True,1,0.68466944,True,1,0.8605749,True,0.96680486,0.5146193,0.8579862,Easy
4572,1,1,0.5409425,True,1,0.9582435,True,1,0.99182653,True,0.96153843,0.5030952,0.8850195,Easy
4573,0,1,0.53629726,False,1,0.7958388,False,0,0.67542374,True,0.9676913,0.5118427,0.8228463,Graph_Only
4574,1,1,0.51549226,True,1,0.941303,True,1,0.99199307,True,0.9612643,0.5004483,0.8526168,Easy
4575,1,0,0.5961998,False,1,0.55679065,True,1,0.6365534,True,0.96754134,0.51831174,0.85609466,Easy
4576,1,1,0.51460683,True,1,0.9366485,True,1,0.9791047,True,0.9597973,0.5055859,0.91971266,Easy
4577,1,0,0.6515647,False,1,0.60743123,True,0,0.58052206,False,0.96655834,0.5097326,0.0,Text_Only
4578,1,0,0.517189,False,1,0.629496,True,1,0.52555263,True,0.96974295,0.51609606,0.7987616,Easy
4579,1,1,0.5033899,True,1,0.9501876,True,1,0.96973306,True,0.96275043,0.49368128,0.0,Easy
4580,1,0,0.5412202,False,1,0.6427517,True,1,0.916502,True,0.9697044,0.511443,0.8314061,Easy
4581,1,1,0.5558706,True,1,0.80736566,True,1,0.86372334,True,0.9668669,0.50316316,0.8868623,Easy
4582,0,0,0.6396042,True,0,0.69415206,True,0,0.86945313,True,0.9716495,0.5186896,0.0,Easy
4583,0,0,0.5670241,True,0,0.8070022,True,0,0.8692635,True,0.9702571,0.5272114,0.8102647,Easy
4584,1,0,0.5008876,False,1,0.8919301,True,1,0.95562315,True,0.9677397,0.49981675,0.80956435,Easy
4585,1,0,0.5124005,False,1,0.9336397,True,1,0.90029436,True,0.9657685,0.4935214,0.72639614,Easy
4586,1,0,0.52471507,False,1,0.90368277,True,1,0.8092068,True,0.9649135,0.5001282,0.0,Easy
4587,0,0,0.6530526,True,0,0.6455748,True,0,0.80330175,True,0.9700656,0.5237484,0.8321619,Easy
4588,1,1,0.534072,True,1,0.7440011,True,1,0.9394453,True,0.9697653,0.5068517,0.7906556,Easy
4589,0,0,0.5578757,True,1,0.8945187,False,1,0.5062711,False,0.966314,0.50050974,0.9123812,Hard
4590,1,0,0.5020528,False,1,0.7510938,True,1,0.87569916,True,0.9658071,0.5014765,0.8752218,Easy
4591,0,0,0.6276183,True,0,0.82081676,True,0,0.7474876,True,0.9713168,0.5263991,0.88847566,Easy
4592,1,1,0.5019252,True,1,0.8953261,True,1,0.96770334,True,0.9621758,0.50086504,0.0,Easy
4593,1,1,0.506241,True,1,0.9144494,True,1,0.9742512,True,0.9616777,0.50073165,0.8842156,Easy
4594,1,0,0.5023042,False,1,0.9094793,True,1,0.9328179,True,0.9633161,0.4960334,0.833434,Easy
4595,1,1,0.5280131,True,1,0.975115,True,1,0.9976451,True,0.95924306,0.497712,0.8905188,Easy
4596,1,1,0.5024087,True,1,0.81846404,True,1,0.6576968,True,0.9653152,0.5036011,0.0,Easy
4597,1,1,0.5449846,True,1,0.86155677,True,1,0.99452966,True,0.9642832,0.51137227,0.899861,Easy
4598,0,0,0.7057224,True,0,0.6032844,True,0,0.96081513,True,0.9683881,0.51335746,0.84215474,Easy
4599,1,1,0.5860499,True,1,0.7255291,True,1,0.95276564,True,0.96728253,0.51502216,0.83337283,Easy
4600,1,0,0.5107191,False,1,0.7575268,True,1,0.7389746,True,0.96567965,0.51133245,0.87700164,Easy
4601,1,1,0.50792253,True,1,0.7299204,True,1,0.9609351,True,0.96536577,0.50582045,0.8989136,Easy
4602,1,1,0.53276175,True,1,0.86885554,True,1,0.98425955,True,0.966537,0.5070289,0.0,Easy
4603,1,1,0.5362549,True,0,0.51685035,False,1,0.7211998,True,0.97172177,0.5226268,0.84555244,Graph_Only
4604,0,0,0.54515624,True,0,0.9726963,True,0,0.9955713,True,0.96476024,0.5290672,0.0,Easy
4605,1,1,0.5275373,True,1,0.97936445,True,1,0.9984139,True,0.9584104,0.49819905,0.8528765,Easy
4606,1,0,0.5546246,False,0,0.57660556,False,1,0.82090616,True,0.96678686,0.5143415,0.0,Graph_Only
4607,1,1,0.52535456,True,1,0.9674067,True,1,0.9841643,True,0.9612802,0.49944025,0.9031094,Easy
4608,1,1,0.52769566,True,1,0.90486825,True,1,0.9964167,True,0.96113145,0.5091417,0.8908086,Easy
4609,1,1,0.50522745,True,1,0.8528371,True,1,0.98035944,True,0.96416414,0.50135356,0.9032494,Easy
4610,1,1,0.56606126,True,1,0.5598528,True,1,0.94136703,True,0.9737443,0.5105863,0.8620869,Easy
4611,1,0,0.5583721,False,0,0.7647312,False,0,0.6458137,False,0.9677787,0.52596813,0.7850732,Hard
4612,1,0,0.6107807,False,0,0.52006435,False,0,0.81801087,False,0.9686446,0.51938933,0.9148651,Hard
4613,0,0,0.6146228,True,0,0.81776184,True,0,0.9798238,True,0.9699397,0.5162211,0.797761,Easy
4614,1,1,0.5571947,True,1,0.94658417,True,1,0.99093646,True,0.96375805,0.5076772,0.91537815,Easy
4615,1,0,0.501706,False,1,0.83223593,True,1,0.92489165,True,0.96455944,0.50391084,0.0,Easy
4616,0,1,0.61209106,False,1,0.7514673,False,1,0.7158727,False,0.9660293,0.51333326,0.8888786,Hard
4617,0,0,0.59971654,True,0,0.8734341,True,0,0.91401154,True,0.96840787,0.5275407,0.81043524,Easy
4618,0,0,0.56354314,True,0,0.9529288,True,0,0.993437,True,0.9667579,0.5260076,0.0,Easy
4619,1,0,0.50129384,False,1,0.84356415,True,1,0.6417066,True,0.96690714,0.50211877,0.8123031,Easy
4620,1,1,0.52934617,True,1,0.85896665,True,1,0.9838124,True,0.96273243,0.51080984,0.911778,Easy
4621,1,1,0.5068095,True,1,0.891409,True,1,0.98853624,True,0.9618617,0.5053692,0.8795135,Easy
4622,0,1,0.5153992,False,1,0.5804659,False,0,0.6764947,True,0.9662154,0.51219636,0.0,Graph_Only
4623,0,0,0.61739576,True,0,0.7856646,True,0,0.92644006,True,0.9693793,0.52173835,0.0,Easy
4624,0,1,0.5015589,False,1,0.8444542,False,1,0.7192768,False,0.96925837,0.49383426,0.9041805,Hard
4625,1,1,0.54132944,True,1,0.76750565,True,1,0.9695625,True,0.9692615,0.50756055,0.8731897,Easy
4626,0,1,0.54465574,False,1,0.6043199,False,1,0.6203819,False,0.96977437,0.5107705,0.0,Hard
4627,1,1,0.56070304,True,1,0.63177145,True,1,0.7741239,True,0.9679759,0.51410544,0.7957983,Easy
4628,1,0,0.673954,False,0,0.6508439,False,0,0.5985169,False,0.9713849,0.51467866,0.0,Hard
4629,1,1,0.5340442,True,1,0.6393884,True,1,0.988526,True,0.9660448,0.511607,0.7824542,Easy
4630,0,0,0.53757906,True,0,0.53486466,True,0,0.7127365,True,0.96946025,0.52168155,0.91110826,Easy
4631,1,1,0.549829,True,1,0.5445508,True,1,0.9521608,True,0.9687841,0.51324373,0.8040573,Easy
4632,1,0,0.5687215,False,1,0.50827956,True,0,0.71452236,False,0.96841025,0.52298546,0.79578006,Text_Only
4633,1,1,0.52272606,True,1,0.91210073,True,1,0.9860174,True,0.9603826,0.50994706,0.77516127,Easy
4634,1,0,0.55046463,False,1,0.64399344,True,1,0.84738445,True,0.966901,0.5100129,0.0,Easy
4635,1,1,0.5169372,True,1,0.9344915,True,1,0.9869083,True,0.9596424,0.5044623,0.88799876,Easy
4636,1,1,0.5171957,True,1,0.6391882,True,1,0.70106953,True,0.9664132,0.51348853,0.89218354,Easy
4637,1,1,0.52997273,True,1,0.97696346,True,1,0.99931,True,0.9595678,0.49819672,0.8522613,Easy
4638,1,1,0.529984,True,1,0.76712507,True,1,0.9681096,True,0.96577185,0.520764,0.88580185,Easy
4639,1,0,0.5173301,False,1,0.8862678,True,1,0.8548487,True,0.9652413,0.50219214,0.0,Easy
4640,1,1,0.54758865,True,1,0.9025372,True,1,0.9843699,True,0.9656178,0.5090427,0.8729713,Easy
4641,1,1,0.55750763,True,1,0.8637989,True,1,0.9783604,True,0.96428883,0.5042788,0.8478751,Easy
4642,0,0,0.61783373,True,0,0.58175397,True,0,0.85720974,True,0.97009397,0.51961094,0.0,Easy
4643,1,1,0.5224266,True,1,0.9465569,True,1,0.99393094,True,0.9618827,0.4957555,0.8103193,Easy
4644,1,0,0.5235467,False,1,0.7471566,True,1,0.8702103,True,0.9693526,0.501763,0.7987616,Easy
4645,1,0,0.5056347,False,1,0.77709126,True,1,0.9689171,True,0.963434,0.51059234,0.85807383,Easy
4646,0,0,0.5989527,True,0,0.9535836,True,0,0.9813486,True,0.96814907,0.52837455,0.8961133,Easy
4647,1,1,0.52956647,True,1,0.9672433,True,1,0.98950887,True,0.96137965,0.50086296,0.0,Easy
4648,0,0,0.6051405,True,1,0.5690041,False,0,0.7440622,True,0.9687891,0.509615,0.0,Graph_Only
4649,1,1,0.61507535,True,1,0.6205192,True,1,0.9859622,True,0.96742433,0.51826316,0.83797127,Easy
4650,1,1,0.5381881,True,1,0.8930358,True,1,0.9797648,True,0.9655308,0.5011039,0.8306699,Easy
4651,1,1,0.51481664,True,1,0.824958,True,1,0.8165523,True,0.96657175,0.5040295,0.0,Easy
4652,1,0,0.5429846,False,0,0.8655243,False,1,0.57195204,True,0.97340405,0.52222234,0.88825494,Graph_Only
4653,0,0,0.67380524,True,1,0.50820565,False,0,0.9920493,True,0.97065556,0.51317436,0.7889173,Graph_Only
4654,1,1,0.5611891,True,1,0.91251063,True,1,0.9904075,True,0.9643755,0.4995919,0.84175426,Easy
4655,1,1,0.5118616,True,1,0.9304557,True,1,0.9726308,True,0.96499395,0.49659073,0.8441402,Easy
4656,1,1,0.52164704,True,1,0.7443287,True,1,0.9559579,True,0.9642198,0.5176034,0.9196451,Easy
4657,1,1,0.5354899,True,1,0.5691625,True,1,0.98060787,True,0.9677111,0.51423854,0.0,Easy
4658,1,0,0.57864547,False,1,0.627546,True,1,0.6402487,True,0.96881735,0.51674426,0.8880043,Easy
4659,0,0,0.61735225,True,0,0.5616449,True,0,0.7988096,True,0.96997,0.52048284,0.84008753,Easy
4660,1,1,0.5112948,True,1,0.94068086,True,1,0.98345554,True,0.963347,0.4981515,0.8980002,Easy
4661,0,0,0.58437747,True,0,0.91029304,True,0,0.97668684,True,0.96788496,0.52640575,0.83658826,Easy
4662,1,0,0.5951201,False,0,0.6718315,False,0,0.9196466,False,0.9703833,0.5214296,0.0,Hard
4663,1,1,0.50005895,True,1,0.9559616,True,1,0.9494993,True,0.96108687,0.4971233,0.87046367,Easy
4664,1,1,0.532687,True,1,0.8805813,True,1,0.9598166,True,0.96249557,0.50585514,0.8898139,Easy
4665,0,0,0.62007284,True,0,0.83237916,True,0,0.89244556,True,0.96982074,0.52648455,0.9035698,Easy
4666,1,0,0.5211634,False,1,0.8960164,True,1,0.9226461,True,0.96590763,0.49766645,0.0,Easy
4667,1,1,0.5092455,True,1,0.73964274,True,1,0.9762597,True,0.9677985,0.50499934,0.8687815,Easy
4668,1,1,0.54881674,True,1,0.77484316,True,1,0.9918982,True,0.96514577,0.5096958,0.84920776,Easy
4669,1,1,0.5153216,True,1,0.7576299,True,1,0.74595827,True,0.9665214,0.49938363,0.8766229,Easy
4670,1,1,0.545926,True,1,0.86778694,True,1,0.9907575,True,0.96524644,0.50479656,0.86075616,Easy
4671,0,0,0.59579664,True,0,0.8680279,True,0,0.9615455,True,0.9702572,0.5256126,0.8320242,Easy
4672,0,0,0.51650256,True,1,0.9046176,False,1,0.8779686,False,0.9645562,0.49172282,0.7980255,Hard
4673,1,0,0.5239897,False,1,0.7923771,True,1,0.8131728,True,0.9653923,0.5030837,0.0,Easy
4674,1,1,0.5088731,True,1,0.93061143,True,1,0.9885611,True,0.96050733,0.5127106,0.8659707,Easy
4675,1,0,0.5210706,False,1,0.6484287,True,0,0.5625558,False,0.96859133,0.5080351,0.9163029,Text_Only
4676,1,0,0.5119715,False,1,0.65534014,True,1,0.8901057,True,0.96763253,0.5109863,0.91093063,Easy
4677,0,0,0.6734114,True,0,0.5200939,True,0,0.90049297,True,0.9641282,0.512583,0.0,Easy
4678,0,0,0.593667,True,0,0.8417978,True,0,0.88125074,True,0.9696475,0.52555776,0.76166254,Easy
4679,1,0,0.58921754,False,0,0.8767379,False,0,0.9482032,False,0.9659128,0.5225049,0.0,Hard
4680,1,1,0.56412905,True,1,0.8817725,True,1,0.9969317,True,0.96182907,0.5160254,0.8944371,Easy
4681,1,1,0.5197435,True,1,0.9066124,True,1,0.9652161,True,0.96608263,0.5000382,0.87803227,Easy
4682,1,1,0.51052004,True,1,0.8356418,True,1,0.8869812,True,0.9639252,0.5056276,0.0,Easy
4683,1,1,0.5226743,True,1,0.88034725,True,1,0.9909149,True,0.96356785,0.49796435,0.8464081,Easy
4684,1,1,0.5445371,True,1,0.7945723,True,1,0.8243395,True,0.96572506,0.5077211,0.0,Easy
4685,1,1,0.5069207,True,1,0.92350525,True,1,0.97889566,True,0.9639102,0.49680412,0.82276386,Easy
4686,0,1,0.5257587,False,1,0.8025094,False,1,0.834959,False,0.9642855,0.50523186,0.8992216,Hard
4687,1,1,0.52108276,True,1,0.93325484,True,1,0.9890808,True,0.96110505,0.50409704,0.90041244,Easy
4688,1,1,0.5230189,True,1,0.9100197,True,1,0.98953956,True,0.96172726,0.50460064,0.88587,Easy
4689,1,0,0.5048795,False,0,0.5901807,False,1,0.73847336,True,0.97242963,0.50818646,0.8528463,Graph_Only
4690,1,1,0.5150995,True,1,0.8757094,True,1,0.97877014,True,0.9617666,0.5141334,0.888255,Easy
4691,0,0,0.5766025,True,0,0.95135164,True,0,0.9955,True,0.9646824,0.5247776,0.82779646,Easy
4692,0,1,0.50103563,False,1,0.7460417,False,1,0.8558461,False,0.965774,0.50604063,0.89344436,Hard
4693,0,0,0.5848201,True,0,0.83937377,True,0,0.6465152,True,0.9679289,0.5262992,0.0,Easy
4694,1,0,0.5458311,False,0,0.6638871,False,0,0.62664646,False,0.97151446,0.5271334,0.83320534,Hard
4695,1,1,0.55992687,True,1,0.64223343,True,1,0.66531,True,0.964599,0.51719844,0.919924,Easy
4696,0,0,0.66773844,True,0,0.72536427,True,0,0.96432334,True,0.9714649,0.5228303,0.89265555,Easy
4697,0,0,0.57745165,True,0,0.7156017,True,0,0.8591186,True,0.9684608,0.52426755,0.0,Easy
4698,1,1,0.542921,True,1,0.7013801,True,1,0.87837577,True,0.9694344,0.50647414,0.8553135,Easy
4699,1,0,0.5102898,False,1,0.9067151,True,1,0.8694908,True,0.96294934,0.49918258,0.0,Easy
4700,1,0,0.5273849,False,1,0.88127834,True,1,0.7419069,True,0.96702397,0.49935082,0.0,Easy
4701,0,0,0.55729306,True,0,0.6035598,True,0,0.7205891,True,0.9694859,0.52556145,0.83748215,Easy
4702,1,1,0.53989464,True,1,0.6788252,True,1,0.954093,True,0.9659208,0.516145,0.9100386,Easy
4703,1,1,0.51277345,True,1,0.9253997,True,1,0.9633011,True,0.9611002,0.5040532,0.0,Easy
4704,1,0,0.5048058,False,1,0.68245226,True,1,0.951961,True,0.96945107,0.5116728,0.8125385,Easy
4705,1,1,0.50375813,True,1,0.8045019,True,1,0.947983,True,0.9646631,0.4995372,0.0,Easy
4706,1,0,0.5300896,False,1,0.8332269,True,1,0.70700186,True,0.96746564,0.50492984,0.7880199,Easy
4707,1,1,0.51567054,True,1,0.8424296,True,1,0.9456441,True,0.96367276,0.5110976,0.8674948,Easy
4708,1,1,0.50581443,True,1,0.9508816,True,1,0.97261083,True,0.9632376,0.49593276,0.87274146,Easy
4709,1,0,0.502277,False,1,0.9008501,True,1,0.9932539,True,0.96151817,0.5116796,0.9017351,Easy
4710,1,1,0.5169109,True,1,0.92282325,True,1,0.9523583,True,0.96555185,0.5006716,0.74818933,Easy
4711,0,0,0.6231524,True,0,0.8412463,True,0,0.9768891,True,0.9683107,0.5202467,0.0,Easy
4712,0,0,0.7131224,True,0,0.6229106,True,0,0.98072076,True,0.96691304,0.514844,0.86085355,Easy
4713,1,0,0.6540373,False,1,0.5338177,True,0,0.6243589,False,0.96761334,0.51248753,0.0,Text_Only
4714,1,1,0.5209456,True,1,0.9532703,True,1,0.9548566,True,0.96340144,0.49950272,0.9107653,Easy
4715,1,0,0.51129544,False,1,0.7976889,True,1,0.9114353,True,0.9644492,0.5070266,0.89744353,Easy
4716,1,1,0.5322197,True,1,0.9043241,True,1,0.98817945,True,0.96208906,0.50473785,0.0,Easy
4717,1,1,0.52653,True,1,0.6296082,True,1,0.9880006,True,0.9698293,0.5144296,0.6437615,Easy
4718,1,1,0.5263274,True,1,0.96107584,True,1,0.98549044,True,0.9620435,0.49838746,0.9136976,Easy
4719,1,1,0.52106094,True,1,0.92387664,True,1,0.9941426,True,0.96032953,0.5123732,0.9369042,Easy
4720,1,0,0.6501276,False,1,0.5571566,True,0,0.5532421,False,0.9693093,0.5089714,0.85135806,Text_Only
4721,1,1,0.5309723,True,1,0.85225016,True,1,0.97893083,True,0.96705884,0.50717145,0.7844082,Easy
4722,1,1,0.5180142,True,1,0.979753,True,1,0.99579597,True,0.9588019,0.49920586,0.90925765,Easy
4723,1,0,0.54445976,False,1,0.8422418,True,1,0.8527852,True,0.96299696,0.49906117,0.0,Easy
4724,1,0,0.6802546,False,1,0.55277663,True,0,0.9198001,False,0.96701133,0.5179552,0.8795136,Text_Only
4725,0,0,0.59239817,True,0,0.8417028,True,0,0.96097565,True,0.96752393,0.5182628,0.8907987,Easy
4726,1,1,0.55683964,True,1,0.8339726,True,1,0.97036743,True,0.9662187,0.5002138,0.0,Easy
4727,1,1,0.5219103,True,1,0.84125805,True,1,0.9762007,True,0.96394014,0.5152372,0.8661727,Easy
4728,0,1,0.524928,False,1,0.55020523,False,0,0.6942712,True,0.9693874,0.51894444,0.8690964,Graph_Only
4729,0,0,0.50985587,True,1,0.584202,False,0,0.6153047,True,0.97270036,0.50997275,0.0,Graph_Only
4730,1,0,0.6033014,False,0,0.8155676,False,0,0.8269576,False,0.97095335,0.52713066,0.8884326,Hard
4731,1,1,0.5342433,True,1,0.82461035,True,1,0.97666776,True,0.9648472,0.5037048,0.8943522,Easy
4732,1,1,0.5326969,True,1,0.90351576,True,1,0.9960502,True,0.96049803,0.5150063,0.92049253,Easy
4733,0,0,0.68259,True,0,0.6666585,True,0,0.99168396,True,0.9699067,0.50798327,0.82328826,Easy
4734,1,1,0.5011764,True,1,0.89766794,True,1,0.88216317,True,0.96700346,0.49987838,0.0,Easy
4735,1,1,0.5034125,True,1,0.8269436,True,1,0.6549017,True,0.96788025,0.49976197,0.0,Easy
4736,0,0,0.6447734,True,0,0.75267357,True,0,0.8719345,True,0.9717381,0.51806325,0.0,Easy
4737,1,1,0.5361442,True,1,0.80720335,True,1,0.9685241,True,0.9683373,0.50436115,0.0,Easy
4738,1,1,0.5176417,True,1,0.9316562,True,1,0.948273,True,0.9624082,0.49838126,0.0,Easy
4739,1,0,0.52935505,False,1,0.5290664,True,1,0.6906176,True,0.97327995,0.5079291,0.0,Easy
4740,0,0,0.52397704,True,1,0.66368616,False,1,0.6801812,False,0.97053134,0.5010522,0.0,Hard
4741,0,0,0.570876,True,0,0.8648727,True,0,0.90678614,True,0.96960104,0.52458286,0.0,Easy
4742,1,1,0.52242947,True,1,0.9429228,True,1,0.9947009,True,0.9595883,0.507309,0.8810023,Easy
4743,1,0,0.50923866,False,1,0.6148201,True,0,0.53536123,False,0.9709868,0.5135704,0.8656374,Text_Only
4744,0,0,0.6510847,True,0,0.59888864,True,0,0.97281253,True,0.97121716,0.5152825,0.86568344,Easy
4745,1,1,0.50892866,True,0,0.52943814,False,1,0.983045,True,0.97037196,0.5206097,0.8499346,Graph_Only
4746,0,0,0.572506,True,0,0.94382775,True,0,0.9890252,True,0.96542776,0.5314333,0.87272084,Easy
4747,0,0,0.54185444,True,1,0.6475418,False,1,0.5826499,False,0.9693058,0.510267,0.8472027,Hard
4748,0,0,0.58711827,True,0,0.94924027,True,0,0.98460925,True,0.9679902,0.5297796,0.79980874,Easy
4749,1,0,0.53046876,False,1,0.7826174,True,1,0.9178577,True,0.96475124,0.5118104,0.83896184,Easy
4750,1,1,0.63238895,True,1,0.7202675,True,1,0.9402635,True,0.97149086,0.5123366,0.8043418,Easy
4751,1,0,0.5546603,False,1,0.8302631,True,1,0.60259753,True,0.96573997,0.4963016,0.809088,Easy
4752,1,0,0.5257131,False,0,0.55189437,False,0,0.68148685,False,0.9679451,0.52148986,0.8855229,Hard
4753,1,0,0.60406166,False,1,0.74116206,True,0,0.7748313,False,0.9699948,0.5063691,0.77711177,Text_Only
4754,1,1,0.50008523,True,1,0.82242644,True,1,0.91158384,True,0.9643407,0.50535035,0.0,Easy
4755,1,1,0.505102,True,1,0.8581044,True,1,0.95244026,True,0.9641392,0.50620645,0.87340593,Easy
4756,0,0,0.56013983,True,0,0.9777525,True,0,0.9852776,True,0.9643395,0.5343746,0.81003416,Easy
4757,0,0,0.6005609,True,1,0.6881281,False,1,0.5224501,False,0.96827507,0.5117641,0.8732913,Hard
4758,0,0,0.58678746,True,0,0.8078291,True,0,0.98557544,True,0.9685325,0.5193446,0.7429012,Easy
4759,0,0,0.6396356,True,0,0.73931545,True,0,0.8099499,True,0.9688697,0.5184097,0.8061034,Easy
4760,0,0,0.6703287,True,0,0.7174097,True,0,0.90185076,True,0.9679978,0.5157489,0.8825062,Easy
4761,1,0,0.5437741,False,1,0.7144951,True,1,0.5258677,True,0.9641524,0.51052845,0.88470656,Easy
4762,0,0,0.6254702,True,1,0.5571915,False,1,0.5084185,False,0.96687084,0.5106073,0.9298366,Hard
4763,1,1,0.5494983,True,1,0.899708,True,1,0.99739456,True,0.9683542,0.51135653,0.6190837,Easy
4764,0,0,0.6077596,True,0,0.8558701,True,0,0.9928307,True,0.96617895,0.51448727,0.8688241,Easy
4765,0,0,0.7530811,True,0,0.5478687,True,0,0.76866794,True,0.9685118,0.51344484,0.8569276,Easy
4766,0,0,0.61506414,True,0,0.87582684,True,0,0.95327246,True,0.9677522,0.52635103,0.8098476,Easy
4767,0,0,0.5758754,True,0,0.97042376,True,0,0.9804349,True,0.9659215,0.5280554,0.0,Easy
4768,0,0,0.5883887,True,0,0.8989244,True,0,0.92555636,True,0.96890545,0.5277114,0.0,Easy
4769,0,0,0.7241077,True,0,0.5614661,True,0,0.87963736,True,0.9674646,0.5125226,0.83754236,Easy
4770,1,0,0.5111888,False,1,0.9169805,True,1,0.92044723,True,0.963377,0.5003915,0.89462626,Easy
4771,1,0,0.63557416,False,1,0.6538964,True,0,0.63529855,False,0.96987754,0.50586104,0.77055615,Text_Only
4772,1,1,0.55002034,True,1,0.8320435,True,1,0.99684215,True,0.9635309,0.51388776,0.8695689,Easy
4773,0,1,0.52090085,False,1,0.55823684,False,1,0.82748705,False,0.96793675,0.51099515,0.0,Hard
4774,1,0,0.50479305,False,1,0.9434176,True,1,0.98329055,True,0.9598041,0.5010144,0.85834545,Easy
4775,0,0,0.5105497,True,1,0.61903256,False,0,0.6532377,True,0.9692699,0.5158397,0.8391463,Graph_Only
4776,1,1,0.51297647,True,1,0.8072504,True,1,0.7938953,True,0.96778196,0.5007024,0.7751844,Easy
4777,1,0,0.55197746,False,0,0.5263002,False,1,0.58352256,True,0.97129583,0.5116694,0.0,Graph_Only
4778,1,0,0.5341063,False,1,0.9103127,True,1,0.70845854,True,0.96575695,0.49642164,0.8569435,Easy
4779,0,0,0.68349075,True,0,0.5330264,True,0,0.8615386,True,0.96716785,0.51166767,0.85233265,Easy
4780,0,0,0.56207377,True,0,0.8757784,True,0,0.83956903,True,0.9710809,0.5275259,0.7999038,Easy
4781,1,0,0.50346285,False,0,0.70265484,False,0,0.7899854,False,0.9701139,0.5289443,0.8282335,Hard
4782,0,0,0.6044692,True,0,0.8631933,True,0,0.75656664,True,0.9706461,0.5267844,0.9169304,Easy
4783,0,0,0.64416164,True,0,0.6957543,True,0,0.9536213,True,0.96688104,0.5221722,0.0,Easy
4784,1,1,0.5156414,True,1,0.7697296,True,1,0.9737734,True,0.96566707,0.5102366,0.0,Easy
4785,0,0,0.504095,True,1,0.78115124,False,1,0.9247244,False,0.96331125,0.5027074,0.8844011,Hard
4786,0,0,0.55571395,True,0,0.8696474,True,0,0.8465795,True,0.9720104,0.5262305,0.0,Easy
4787,1,1,0.51255256,True,1,0.8640035,True,1,0.9717192,True,0.96546257,0.500774,0.85818326,Easy
4788,1,1,0.5875523,True,1,0.6197549,True,1,0.811717,True,0.97107565,0.5082,0.8710614,Easy
4789,1,0,0.5914335,False,1,0.7164921,True,1,0.55350053,True,0.966517,0.5103033,0.882989,Easy
4790,1,0,0.5158718,False,1,0.8721197,True,1,0.95336455,True,0.9624224,0.50259435,0.8817543,Easy
4791,0,0,0.59315795,True,0,0.7859649,True,0,0.93139756,True,0.9714308,0.52366084,0.95485604,Easy
4792,0,0,0.5227158,True,1,0.70257807,False,0,0.54206246,True,0.97107136,0.50648594,0.83130836,Graph_Only
4793,1,0,0.6167349,False,1,0.6429641,True,0,0.67109704,False,0.9684002,0.5151954,0.8732494,Text_Only
4794,0,0,0.55293083,True,0,0.98682654,True,0,0.98337114,True,0.96244633,0.53359395,0.8063369,Easy
4795,0,0,0.67908555,True,0,0.55263865,True,0,0.93651456,True,0.9648819,0.5133847,0.88397104,Easy
4796,1,0,0.5329984,False,1,0.64975756,True,0,0.53833234,False,0.96819246,0.5120802,0.8647993,Text_Only
4797,1,0,0.6878758,False,0,0.5621383,False,0,0.6051229,False,0.96860325,0.51449966,0.0,Hard
4798,0,0,0.5549879,True,0,0.649638,True,0,0.8871434,True,0.9698825,0.5183905,0.79597497,Easy
4799,1,1,0.5283654,True,1,0.7880749,True,1,0.81928563,True,0.96837294,0.508975,0.8159876,Easy
4800,0,0,0.60913193,True,0,0.6429001,True,0,0.94381636,True,0.9703806,0.5129762,0.0,Easy
4801,1,1,0.5695505,True,1,0.8962781,True,1,0.99061894,True,0.96414256,0.5092898,0.7811764,Easy
4802,1,1,0.50921,True,1,0.84635943,True,1,0.97956115,True,0.9674405,0.50646365,0.7434337,Easy
4803,0,0,0.6877632,True,0,0.67561764,True,0,0.64280117,True,0.97031605,0.51912457,0.9040388,Easy
4804,0,1,0.50086975,False,1,0.74186593,False,0,0.52241063,True,0.9663669,0.51050013,0.8695922,Graph_Only
4805,1,1,0.55090207,True,1,0.85052747,True,1,0.98372227,True,0.9642911,0.50670564,0.87676746,Easy
4806,0,0,0.5871622,True,0,0.8995628,True,0,0.95829767,True,0.9654013,0.52621573,0.0,Easy
4807,0,0,0.570864,True,0,0.96724373,True,0,0.9981359,True,0.96436,0.5251205,0.88794994,Easy
4808,0,0,0.5465125,True,1,0.8715319,False,1,0.73279923,False,0.9644702,0.49661237,0.0,Hard
4809,0,1,0.5437813,False,1,0.5815102,False,0,0.7924459,True,0.9698657,0.52304953,0.7864616,Graph_Only
4810,0,0,0.5995405,True,0,0.846055,True,0,0.9627449,True,0.9672264,0.52000433,0.89968884,Easy
4811,1,0,0.5038924,False,1,0.728262,True,1,0.9416095,True,0.9677346,0.506407,0.8858806,Easy
4812,0,0,0.5886355,True,0,0.75923026,True,0,0.92969096,True,0.9713291,0.5239137,0.0,Easy
4813,0,0,0.6121455,True,0,0.88565415,True,0,0.970543,True,0.9702475,0.52625406,0.84577537,Easy
4814,0,0,0.5736097,True,0,0.92770714,True,0,0.9980325,True,0.96534234,0.52484965,0.87235224,Easy
4815,0,1,0.5135746,False,1,0.8092928,False,1,0.9300306,False,0.9707297,0.5007818,0.73080516,Hard
4816,1,0,0.6143166,False,1,0.74982613,True,0,0.5046767,False,0.96674633,0.49816614,0.8871431,Text_Only
4817,0,0,0.57546943,True,0,0.9495207,True,0,0.9443122,True,0.96735036,0.5263848,0.0,Easy
4818,1,1,0.52263653,True,1,0.8305231,True,1,0.9030074,True,0.96349776,0.5015588,0.0,Easy
4819,0,0,0.57302266,True,0,0.9565137,True,0,0.99404424,True,0.9656359,0.52900916,0.84554416,Easy
4820,1,1,0.5115136,True,1,0.9811013,True,1,0.99641633,True,0.9558935,0.5006477,0.0,Easy
4821,0,0,0.6934762,True,0,0.6900294,True,0,0.9881252,True,0.96838963,0.5147013,0.8247016,Easy
4822,0,0,0.6972113,True,0,0.5925192,True,0,0.6515675,True,0.9661722,0.5177718,0.0,Easy
4823,0,0,0.57207334,True,0,0.96655756,True,0,0.97971386,True,0.9650986,0.52923685,0.0,Easy
4824,1,1,0.5181741,True,1,0.97710615,True,1,0.9983802,True,0.9595284,0.4975656,0.75228786,Easy
4825,0,0,0.5691046,True,1,0.7820251,False,0,0.52463686,True,0.96684974,0.50394785,0.88224804,Graph_Only
4826,0,0,0.5790173,True,0,0.9589019,True,0,0.9667654,True,0.9679476,0.5326175,0.8732153,Easy
4827,1,1,0.55273354,True,1,0.896201,True,1,0.9651492,True,0.9657018,0.4932655,0.84991217,Easy
4828,0,0,0.5794795,True,1,0.8303435,False,0,0.5915881,True,0.9666632,0.49905065,0.8489716,Graph_Only
4829,1,1,0.5182225,True,1,0.8872084,True,1,0.9456687,True,0.96437544,0.50395155,0.82292414,Easy
4830,1,1,0.52855855,True,1,0.7461785,True,1,0.8296606,True,0.9662283,0.5048883,0.877942,Easy
4831,0,0,0.62513715,True,0,0.6156602,True,0,0.72761303,True,0.9734037,0.51473695,0.84308517,Easy
4832,1,1,0.51082456,True,1,0.73734,True,1,0.9693868,True,0.9662917,0.51146847,0.8173181,Easy
4833,1,1,0.510457,True,1,0.91897595,True,1,0.9920893,True,0.96126217,0.5051875,0.82975566,Easy
4834,0,0,0.6062015,True,0,0.92096215,True,0,0.9417769,True,0.96875405,0.5264305,0.9493065,Easy
4835,0,0,0.5697774,True,0,0.92995936,True,0,0.9948303,True,0.9650663,0.52694756,0.89188313,Easy
4836,1,0,0.5540878,False,0,0.5513539,False,1,0.8308356,True,0.97274804,0.5209696,0.8244908,Graph_Only
4837,1,1,0.5504983,True,1,0.76215094,True,1,0.807477,True,0.9667713,0.5020836,0.0,Easy
4838,0,0,0.637217,True,0,0.6048606,True,0,0.6907967,True,0.96740127,0.516244,0.0,Easy
4839,0,0,0.6284066,True,1,0.68648624,False,0,0.9063242,True,0.96879286,0.51312923,0.82118034,Graph_Only
4840,1,0,0.5658823,False,0,0.8998042,False,0,0.78721154,False,0.9655258,0.5260864,0.0,Hard
4841,1,0,0.556839,False,1,0.5602349,True,1,0.79007375,True,0.9661453,0.510987,0.9168798,Easy
4842,0,0,0.63819194,True,0,0.60881984,True,0,0.9306066,True,0.9684067,0.5137701,0.92951477,Easy
4843,1,1,0.5327385,True,1,0.9263207,True,1,0.97876054,True,0.9617342,0.5041211,0.8793124,Easy
4844,0,0,0.5920005,True,0,0.82386875,True,0,0.9456114,True,0.96992874,0.52341634,0.0,Easy
4845,1,0,0.5718269,False,0,0.8292534,False,0,0.80309725,False,0.96994495,0.5233338,0.0,Hard
4846,1,1,0.5427744,True,1,0.9335814,True,1,0.993731,True,0.96462095,0.50283337,0.77125,Easy
4847,1,0,0.50049645,False,1,0.943194,True,1,0.98704743,True,0.95953035,0.50780857,0.83642054,Easy
4848,0,1,0.5472385,False,1,0.91258913,False,1,0.9724584,False,0.96533614,0.48990828,0.8512977,Hard
4849,1,0,0.51864797,False,1,0.6964611,True,0,0.53232574,False,0.96887565,0.5056559,0.85885,Text_Only
4850,1,0,0.50714064,False,1,0.87069464,True,1,0.89270025,True,0.96531296,0.50548667,0.8434166,Easy
4851,0,0,0.6191324,True,0,0.7509486,True,0,0.94942546,True,0.9699085,0.51761657,0.88791656,Easy
4852,1,1,0.521501,True,1,0.9541096,True,1,0.98955846,True,0.9590139,0.5040734,0.0,Easy
4853,0,0,0.59264314,True,0,0.92269444,True,0,0.9590811,True,0.97070646,0.52533895,0.0,Easy
4854,1,1,0.52265453,True,1,0.97827655,True,1,0.9991823,True,0.96003485,0.50285536,0.6979252,Easy
4855,1,1,0.5880224,True,1,0.785293,True,1,0.97320604,True,0.9640931,0.5118531,0.777861,Easy
4856,0,0,0.5796601,True,0,0.71354306,True,0,0.91922134,True,0.96954834,0.5218577,0.8447216,Easy
4857,1,1,0.51349086,True,1,0.95603734,True,1,0.98905677,True,0.9614296,0.4982029,0.81446314,Easy
4858,1,0,0.53814936,False,1,0.61963224,True,1,0.58830625,True,0.9683672,0.51285,0.8212409,Easy
4859,1,0,0.5274551,False,1,0.863481,True,1,0.7156783,True,0.96446174,0.49989358,0.8857925,Easy
4860,1,0,0.6052732,False,0,0.69298947,False,0,0.78508735,False,0.96811634,0.5179662,0.0,Hard
4861,0,0,0.6757082,True,1,0.5576442,False,0,0.7218878,True,0.9677007,0.5131735,0.0,Graph_Only
4862,1,0,0.5358239,False,1,0.5930249,True,1,0.649377,True,0.96849734,0.51393366,0.8404304,Easy
4863,1,0,0.6258552,False,0,0.6266325,False,1,0.5277554,True,0.9635812,0.5160475,0.9049285,Graph_Only
4864,0,0,0.61555994,True,1,0.61942166,False,0,0.6955759,True,0.9679713,0.5089791,0.89406914,Graph_Only
4865,0,1,0.60439974,False,1,0.58781576,False,1,0.53358275,False,0.96622217,0.5204308,0.82271713,Hard
4866,1,1,0.50934017,True,1,0.96615833,True,1,0.9924469,True,0.9620617,0.4968402,0.7663356,Easy
4867,0,0,0.54288834,True,0,0.64512765,True,0,0.6562029,True,0.96864104,0.5166883,0.8605653,Easy
4868,0,0,0.57739615,True,0,0.9288273,True,0,0.94710326,True,0.96837896,0.52683896,0.0,Easy
4869,0,0,0.5833162,True,0,0.8173586,True,0,0.8801661,True,0.9696223,0.5240288,0.0,Easy
4870,1,0,0.5473535,False,1,0.524893,True,1,0.8002412,True,0.9703063,0.5111493,0.0,Easy
4871,0,0,0.575939,True,0,0.62323904,True,0,0.70796955,True,0.97519886,0.5159542,0.7377992,Easy
4872,0,0,0.58534,True,0,0.88777035,True,0,0.9758301,True,0.9684459,0.5199081,0.83403254,Easy
4873,0,0,0.6113955,True,0,0.52737767,True,0,0.8044135,True,0.9695479,0.51354194,0.0,Easy
4874,0,0,0.6289403,True,0,0.76705426,True,0,0.9580858,True,0.96936417,0.5169619,0.0,Easy
4875,1,0,0.5154675,False,1,0.78457946,True,1,0.90593934,True,0.96416104,0.5054677,0.9143981,Easy
4876,1,0,0.5944179,False,0,0.8379909,False,0,0.88698405,False,0.96858996,0.52511847,0.0,Hard
4877,0,0,0.67279905,True,0,0.6088723,True,0,0.94311404,True,0.969018,0.51436424,0.766116,Easy
4878,1,1,0.516766,True,1,0.9154217,True,1,0.9865356,True,0.96247244,0.50609326,0.8381674,Easy
4879,0,0,0.6102904,True,0,0.8295586,True,0,0.52350235,True,0.9697442,0.52652293,0.92639357,Easy
4880,0,0,0.5194182,True,1,0.72799206,False,0,0.5028393,True,0.9666798,0.50322133,0.0,Graph_Only
4881,0,0,0.5740466,True,0,0.9280991,True,0,0.99313146,True,0.9649791,0.52356726,0.0,Easy
4882,0,0,0.63233703,True,0,0.7818314,True,0,0.9351833,True,0.9695351,0.52063614,0.0,Easy
4883,1,0,0.5780867,False,1,0.5338668,True,1,0.80032593,True,0.9684188,0.5125329,0.83690894,Easy
4884,0,0,0.6561445,True,0,0.76301026,True,0,0.95764387,True,0.9673638,0.51820946,0.9064665,Easy
4885,1,1,0.54002625,True,1,0.90494865,True,1,0.98773533,True,0.96447647,0.50544703,0.8535187,Easy
4886,0,0,0.5280392,True,1,0.6437985,False,1,0.6739589,False,0.9685532,0.5054539,0.95193195,Hard
4887,0,0,0.5637394,True,0,0.6039647,True,0,0.8593532,True,0.9718629,0.5201455,0.0,Easy
4888,0,0,0.6277625,True,0,0.75339186,True,0,0.8492819,True,0.96833885,0.51825553,0.0,Easy
4889,0,0,0.54795676,True,0,0.62487054,True,0,0.60102034,True,0.97151387,0.5255618,0.71247,Easy
4890,0,0,0.5745465,True,0,0.93061733,True,0,0.9620706,True,0.9694035,0.5274143,0.0,Easy
4891,0,0,0.6105542,True,0,0.87508804,True,0,0.9461421,True,0.96812296,0.52475893,0.0,Easy
4892,1,1,0.53572565,True,1,0.73709697,True,1,0.99274313,True,0.9666409,0.5173799,0.8281821,Easy
4893,0,0,0.6105846,True,1,0.73755896,False,0,0.769902,True,0.9678309,0.50755996,0.75637525,Graph_Only
4894,1,0,0.5070888,False,0,0.699305,False,0,0.6502132,False,0.9734185,0.5183719,0.0,Hard
4895,0,0,0.57929057,True,1,0.75246555,False,0,0.8289212,True,0.96746826,0.50495666,0.8606031,Graph_Only
4896,1,0,0.5299694,False,1,0.8737965,True,1,0.8885733,True,0.9664024,0.4980756,0.77462995,Easy
4897,0,0,0.6303479,True,0,0.77632374,True,0,0.9046318,True,0.96892864,0.5231796,0.8167728,Easy
4898,0,0,0.609057,True,0,0.90286595,True,0,0.8963868,True,0.9717382,0.52710235,0.7825006,Easy
4899,1,1,0.57277334,True,1,0.53169113,True,1,0.55957055,True,0.966807,0.5215772,0.86606866,Easy
4900,1,1,0.52039057,True,1,0.8401782,True,1,0.9646118,True,0.9642675,0.50532997,0.0,Easy
4901,1,0,0.5117832,False,1,0.6670893,True,1,0.83468354,True,0.96430266,0.50563455,0.0,Easy
4902,1,0,0.5181357,False,1,0.9105565,True,1,0.96785015,True,0.9608053,0.50108194,0.84688914,Easy
4903,0,0,0.6717397,True,0,0.6319872,True,0,0.9719663,True,0.9660698,0.51430273,0.9050889,Easy
4904,1,1,0.5281569,True,1,0.8764538,True,1,0.96842605,True,0.96275026,0.50852424,0.0,Easy
4905,1,1,0.51769745,True,1,0.9601918,True,1,0.99125767,True,0.96185595,0.49837688,0.0,Easy
4906,0,0,0.64024323,True,0,0.7040873,True,0,0.9948933,True,0.9663987,0.5125314,0.837121,Easy
4907,1,0,0.52771544,False,1,0.89704394,True,1,0.8535584,True,0.96289873,0.49574742,0.911814,Easy
4908,1,0,0.6774317,False,0,0.71385545,False,0,0.9038154,False,0.9668787,0.51891005,0.0,Hard
4909,0,0,0.57107353,True,0,0.9531521,True,0,0.9992932,True,0.9627121,0.526548,0.85711074,Easy
4910,1,1,0.5014236,True,1,0.6198602,True,1,0.94497967,True,0.96763,0.5120539,0.0,Easy
4911,1,1,0.56175673,True,1,0.895222,True,1,0.9967854,True,0.9642823,0.5105093,0.8314352,Easy
4912,1,0,0.53145814,False,1,0.66367406,True,1,0.62744415,True,0.9672209,0.5112998,0.8800721,Easy
4913,0,0,0.5700025,True,0,0.8691308,True,0,0.7144304,True,0.97175455,0.52487385,0.0,Easy
4914,0,0,0.6085235,True,0,0.8054582,True,0,0.9834614,True,0.96905243,0.523133,0.79025817,Easy
4915,0,0,0.64357954,True,1,0.57985204,False,0,0.7717066,True,0.96695125,0.5098839,0.9074075,Graph_Only
4916,1,0,0.5334685,False,1,0.54106885,True,0,0.52352923,False,0.9698125,0.5199084,0.8095659,Text_Only
4917,1,0,0.6772732,False,1,0.59222144,True,0,0.5615752,False,0.9679657,0.5102755,0.73022115,Text_Only
4918,1,1,0.5552237,True,1,0.8238631,True,1,0.9503312,True,0.96663177,0.512278,0.7844465,Easy
4919,0,0,0.5019884,True,1,0.79307485,False,0,0.5567524,True,0.9677624,0.5009794,0.82071835,Graph_Only
4920,0,0,0.69143414,True,1,0.752372,False,0,0.9855503,True,0.9660826,0.498942,0.88518834,Graph_Only
4921,1,0,0.5112807,False,1,0.8092285,True,1,0.95225257,True,0.96589386,0.5046105,0.88326275,Easy
4922,0,0,0.61452276,True,0,0.79099125,True,0,0.9578513,True,0.96894574,0.51919186,0.87615204,Easy
4923,1,0,0.5117431,False,1,0.81526166,True,1,0.8370837,True,0.9628992,0.5124101,0.8757489,Easy
4924,1,0,0.54679835,False,0,0.9749171,False,0,0.9196738,False,0.96730316,0.53283757,0.80888605,Hard
4925,1,1,0.51999515,True,1,0.7145822,True,1,0.7201202,True,0.96610224,0.5054866,0.0,Easy
4926,1,1,0.54786557,True,1,0.9197985,True,1,0.98565936,True,0.96214736,0.5049294,0.88577664,Easy
4927,1,1,0.51363677,True,1,0.95819366,True,1,0.985031,True,0.961932,0.49846888,0.87430537,Easy
4928,1,1,0.53427094,True,1,0.8039206,True,1,0.98065346,True,0.96457475,0.5049343,0.0,Easy
4929,1,1,0.5105913,True,1,0.95503986,True,1,0.99454015,True,0.95871145,0.50887805,0.8674647,Easy
4930,1,1,0.5139735,True,1,0.95620865,True,1,0.9947314,True,0.95926523,0.50470424,0.8314911,Easy
4931,1,0,0.5732514,False,1,0.649366,True,1,0.7460189,True,0.9669827,0.51202065,0.85881865,Easy
4932,1,1,0.51392305,True,1,0.8359217,True,1,0.82823175,True,0.9644989,0.49629566,0.8311484,Easy
4933,0,0,0.5788752,True,0,0.9353067,True,0,0.9983004,True,0.9661344,0.52756655,0.8898729,Easy
4934,1,0,0.5753976,False,0,0.8898334,False,0,0.9255189,False,0.9687966,0.5277967,0.0,Hard
4935,1,0,0.5054969,False,1,0.72027606,True,1,0.7460105,True,0.96396995,0.50508446,0.8802961,Easy
4936,0,0,0.57038116,True,0,0.92077225,True,0,0.99731714,True,0.96424115,0.5249328,0.8714862,Easy
4937,0,0,0.57823974,True,0,0.57929766,True,0,0.9920449,True,0.96924114,0.51699233,0.7400887,Easy
4938,0,0,0.56923926,True,0,0.8294449,True,0,0.7762445,True,0.97310376,0.5226026,0.0,Easy
4939,1,0,0.60700405,False,0,0.5715596,False,1,0.8175829,True,0.967835,0.519387,0.8330929,Graph_Only
4940,1,1,0.5222071,True,1,0.9297495,True,1,0.994089,True,0.9616047,0.502446,0.89161885,Easy
4941,0,0,0.54048675,True,1,0.91507334,False,1,0.7427511,False,0.96290064,0.50214285,0.7924689,Hard
4942,1,0,0.5754563,False,0,0.8497377,False,0,0.9138067,False,0.972069,0.5267348,0.8681953,Hard
4943,1,1,0.5316743,True,1,0.6330099,True,0,0.51095843,False,0.9690478,0.5198024,0.8388078,Text_Only
4944,0,0,0.6023633,True,0,0.8898392,True,0,0.880636,True,0.9703433,0.5265668,0.9410287,Easy
4945,0,0,0.6080098,True,0,0.74206024,True,0,0.98818356,True,0.96926975,0.51225775,0.86068845,Easy
4946,1,1,0.52343273,True,1,0.5345609,True,1,0.52544266,True,0.9741385,0.5083795,0.77188176,Easy
4947,0,0,0.6186654,True,0,0.84089154,True,0,0.9908285,True,0.9684366,0.5156132,0.86489785,Easy
4948,0,0,0.61658376,True,0,0.8749726,True,0,0.9278558,True,0.9709339,0.5234629,0.8884618,Easy
4949,1,1,0.55351126,True,1,0.706128,True,1,0.9505417,True,0.96455425,0.5077038,0.0,Easy
4950,0,0,0.59384644,True,0,0.89502746,True,0,0.96025544,True,0.97014594,0.5268811,0.9483875,Easy
4951,1,1,0.5239676,True,1,0.9080001,True,1,0.91937375,True,0.96321106,0.4912441,0.8526894,Easy
4952,0,0,0.5769994,True,0,0.5845818,True,0,0.82348096,True,0.97052103,0.524832,0.0,Easy
4953,0,0,0.6042851,True,0,0.91042125,True,0,0.9935548,True,0.96678996,0.5224502,0.0,Easy
4954,0,0,0.64300793,True,0,0.68865114,True,0,0.8738239,True,0.9690761,0.5206689,0.81762046,Easy
4955,0,0,0.5588858,True,0,0.9877221,True,0,0.9880584,True,0.96285117,0.53744847,0.7953479,Easy
4956,0,0,0.57658,True,0,0.6585764,True,0,0.91218835,True,0.97064424,0.52138877,0.0,Easy
4957,1,0,0.5962443,False,0,0.55761003,False,0,0.7175222,False,0.9673588,0.51911825,0.0,Hard
4958,0,0,0.627672,True,1,0.72200394,False,0,0.89613837,True,0.9691855,0.50320905,0.0,Graph_Only
4959,0,0,0.51988995,True,1,0.7751807,False,1,0.60664946,False,0.9674623,0.50726813,0.85353154,Hard
4960,0,0,0.65381527,True,0,0.64547414,True,0,0.75615007,True,0.9664887,0.51173306,0.82207066,Easy
4961,0,0,0.5542142,True,1,0.6410255,False,0,0.5113387,True,0.9648098,0.5026192,0.86316437,Graph_Only
4962,0,0,0.5694366,True,0,0.8711752,True,0,0.9017607,True,0.9682878,0.5256625,0.0,Easy
4963,0,0,0.65765524,True,0,0.6059589,True,0,0.63157177,True,0.969345,0.5094431,0.88482976,Easy
4964,0,0,0.56637543,True,0,0.9517065,True,0,0.9945305,True,0.96216714,0.5298801,0.7301701,Easy
4965,0,0,0.57743,True,1,0.53459805,False,0,0.77521616,True,0.96796316,0.51396203,0.0,Graph_Only
4966,1,0,0.57740724,False,0,0.5724198,False,1,0.64193505,True,0.9720273,0.50651807,0.85078055,Graph_Only
4967,1,1,0.5225134,True,1,0.673845,True,1,0.9182994,True,0.96992886,0.51183695,0.78534496,Easy
4968,0,0,0.6566337,True,0,0.62904865,True,0,0.8542204,True,0.9634583,0.51383734,0.0,Easy
4969,0,0,0.6345435,True,0,0.7193711,True,0,0.9922869,True,0.9639621,0.51318216,0.90613467,Easy
4970,0,0,0.59883624,True,1,0.5333536,False,0,0.5022625,True,0.9686223,0.5198898,0.7748757,Graph_Only
4971,1,1,0.5131496,True,1,0.8735341,True,1,0.9791961,True,0.9627032,0.505061,0.8348363,Easy
4972,0,0,0.6886144,True,0,0.5468871,True,0,0.82901675,True,0.9674699,0.5158908,0.0,Easy
4973,1,1,0.5246927,True,1,0.94643646,True,1,0.9962064,True,0.9601191,0.4977271,0.84078646,Easy
4974,1,0,0.65717125,False,0,0.59043866,False,0,0.75392014,False,0.96463454,0.5139428,0.9209617,Hard
4975,1,1,0.5244427,True,1,0.9456314,True,1,0.9578443,True,0.9607776,0.49493468,0.0,Easy
4976,1,0,0.57662153,False,0,0.55945307,False,1,0.5575121,True,0.9666148,0.52168185,0.8193295,Graph_Only
4977,0,0,0.5141179,True,1,0.69847625,False,1,0.8012509,False,0.9671366,0.50894415,0.7826746,Hard
4978,0,0,0.58930695,True,1,0.6333986,False,0,0.6973962,True,0.96454763,0.50423837,0.9106388,Graph_Only
4979,0,0,0.57192945,True,0,0.9808554,True,0,0.98277575,True,0.9642009,0.52610654,0.87198514,Easy
4980,1,1,0.5016803,True,1,0.73937,True,1,0.8032562,True,0.96745753,0.5062862,0.81991726,Easy
4981,1,0,0.5681215,False,1,0.7194827,True,1,0.5395144,True,0.9668397,0.5074416,0.82794654,Easy
4982,0,0,0.54621965,True,1,0.7304972,False,1,0.67207587,False,0.9656246,0.50896156,0.8600246,Hard
4983,0,0,0.5528559,True,0,0.98953116,True,0,0.99836034,True,0.96060073,0.5307013,0.8309759,Easy
4984,0,0,0.64652014,True,1,0.7082238,False,0,0.9400791,True,0.9670721,0.50398767,0.85668194,Graph_Only
4985,0,0,0.6216656,True,0,0.79568774,True,0,0.9679064,True,0.9693565,0.51581544,0.90820026,Easy
4986,0,0,0.50472766,True,1,0.7996297,False,1,0.9255921,False,0.963384,0.50325966,0.8899968,Hard
4987,0,0,0.58289784,True,0,0.8446064,True,0,0.929847,True,0.97003144,0.5238873,0.76696885,Easy
4988,0,0,0.51103806,True,1,0.73914725,False,0,0.5649206,True,0.96557975,0.50585806,0.855744,Graph_Only
4989,1,0,0.53261983,False,1,0.6518727,True,1,0.7247513,True,0.96883446,0.5019413,0.81736755,Easy
4990,0,1,0.50858253,False,1,0.7323942,False,0,0.6597593,True,0.9661546,0.50105935,0.8769878,Graph_Only
4991,1,1,0.53247,True,1,0.6861033,True,1,0.9858088,True,0.9652678,0.5186279,0.81330156,Easy
4992,1,1,0.5246404,True,1,0.54355216,True,0,0.58618695,False,0.96980053,0.5156401,0.738449,Text_Only
4993,0,0,0.56167066,True,0,0.982438,True,0,0.9985617,True,0.9623699,0.52908844,0.89511734,Easy
4994,0,0,0.52630234,True,1,0.82116026,False,1,0.6199243,False,0.96539164,0.4990063,0.8249437,Hard
4995,0,0,0.6222782,True,0,0.75991046,True,0,0.9292367,True,0.9636762,0.5162217,0.0,Easy
4996,1,0,0.56145346,False,1,0.5623488,True,1,0.65582687,True,0.9648245,0.5114452,0.0,Easy
4997,1,1,0.5598773,True,1,0.5520097,True,0,0.5947413,False,0.9698621,0.52117723,0.7438195,Text_Only
4998,1,0,0.5632179,False,0,0.8106643,False,0,0.6261059,False,0.96731234,0.522595,0.0,Hard
4999,1,1,0.53513235,True,1,0.9707835,True,1,0.99776566,True,0.96014047,0.50277865,0.8712038,Easy
5000,0,0,0.5374802,True,0,0.94220006,True,0,0.99290496,True,0.9686272,0.52750957,0.7408011,Easy
5001,0,0,0.63465935,True,0,0.81426936,True,0,0.9717944,True,0.9684663,0.516376,0.8489797,Easy
5002,0,0,0.59459114,True,0,0.88793504,True,0,0.92434067,True,0.9669197,0.52475464,0.0,Easy
5003,0,0,0.5096904,True,1,0.7352395,False,1,0.79045534,False,0.96843183,0.5039049,0.0,Hard
5004,1,1,0.53601795,True,1,0.9013304,True,1,0.99395436,True,0.9648609,0.50376755,0.0,Easy
5005,1,0,0.5336492,False,0,0.63114035,False,1,0.63316596,True,0.9674785,0.5169961,0.0,Graph_Only
5006,1,0,0.5799912,False,0,0.60596865,False,1,0.59094924,True,0.96776205,0.5216613,0.7986909,Graph_Only
5007,1,0,0.61321664,False,0,0.5075471,False,1,0.5733265,True,0.96584225,0.51271665,0.8461522,Graph_Only
5008,1,1,0.5250775,True,1,0.83941245,True,1,0.94294995,True,0.96250963,0.4986468,0.8839951,Easy
5009,1,1,0.52742726,True,1,0.9330132,True,1,0.9960127,True,0.9616617,0.5136709,0.81567276,Easy
5010,0,0,0.5911557,True,0,0.83329624,True,0,0.9917007,True,0.96506965,0.5139284,0.90482736,Easy
5011,1,1,0.5063728,True,0,0.51990956,False,0,0.617281,False,0.966838,0.51922154,0.83834684,Hard
5012,1,1,0.5212064,True,1,0.6498939,True,1,0.52123857,True,0.9651687,0.5150155,0.79381907,Easy
5013,1,0,0.51333714,False,1,0.75220966,True,1,0.5524387,True,0.96661854,0.50553274,0.0,Easy
5014,1,0,0.52575475,False,0,0.62069714,False,1,0.852432,True,0.9637492,0.51643246,0.0,Graph_Only
5015,0,0,0.5710406,True,0,0.9550813,True,0,0.99516284,True,0.9624157,0.5247164,0.9112615,Easy
5016,1,1,0.5094631,True,1,0.9338834,True,1,0.9891951,True,0.95996165,0.49512044,0.85155797,Easy
5017,1,0,0.5308991,False,1,0.5438504,True,1,0.8448446,True,0.9658007,0.51638585,0.8419479,Easy
5018,0,1,0.5194973,False,1,0.72506166,False,0,0.5168265,True,0.96669805,0.5045842,0.0,Graph_Only
5019,1,1,0.5161309,True,1,0.768818,True,1,0.70280457,True,0.96608436,0.5127465,0.8491647,Easy
5020,0,0,0.6107481,True,0,0.63871336,True,0,0.5985346,True,0.97379947,0.5117504,0.8347653,Easy
5021,0,0,0.62395793,True,0,0.8156083,True,0,0.98695034,True,0.96487796,0.5179877,0.0,Easy
5022,0,0,0.5816125,True,0,0.9210807,True,0,0.9874724,True,0.963291,0.5235166,0.8859309,Easy
5023,0,0,0.5093229,True,1,0.601611,False,0,0.8152492,True,0.9672142,0.5140388,0.835459,Graph_Only
5024,1,1,0.5070753,True,1,0.8775559,True,1,0.95690256,True,0.96362865,0.5010031,0.76620203,Easy
5025,0,0,0.6540932,True,0,0.7484521,True,0,0.99487346,True,0.96425277,0.5154224,0.9149883,Easy
5026,1,0,0.62887156,False,1,0.7348845,True,0,0.6804861,False,0.9663727,0.5026727,0.85207653,Text_Only
5027,1,1,0.54219985,True,1,0.84730935,True,1,0.9384763,True,0.9646698,0.5064757,0.84677404,Easy
5028,1,1,0.53845674,True,0,0.5633627,False,1,0.77938944,True,0.9662715,0.5107473,0.0,Graph_Only
5029,1,1,0.5584635,True,1,0.92063755,True,1,0.9902864,True,0.9627346,0.49913493,0.875895,Easy
5030,1,1,0.563609,True,1,0.9064212,True,1,0.9903064,True,0.96466786,0.5100852,0.87815493,Easy
5031,1,0,0.61181414,False,1,0.60338235,True,0,0.68841296,False,0.9655949,0.5075893,0.8485389,Text_Only
5032,0,0,0.5314364,True,1,0.6141348,False,0,0.81193805,True,0.9671513,0.5120192,0.78780794,Graph_Only
5033,0,0,0.67728513,True,0,0.6580065,True,0,0.7679251,True,0.9687576,0.5160332,0.8784019,Easy
5034,0,0,0.65657485,True,0,0.7365241,True,0,0.84045255,True,0.9665568,0.5199495,0.0,Easy
5035,0,0,0.58601385,True,0,0.8917624,True,0,0.993317,True,0.96576005,0.5222623,0.90842354,Easy
5036,1,0,0.50433576,False,1,0.8722594,True,1,0.9687564,True,0.96211827,0.49716607,0.89196515,Easy
5037,1,1,0.51023495,True,1,0.9517435,True,1,0.9853613,True,0.9630089,0.4962052,0.7231709,Easy
5038,1,1,0.5184429,True,1,0.9622063,True,1,0.9979511,True,0.9581701,0.4967277,0.81879497,Easy
5039,1,1,0.5230723,True,1,0.9082386,True,1,0.92018855,True,0.96485394,0.4993723,0.8600664,Easy
5040,1,0,0.51031774,False,1,0.8783432,True,1,0.87152004,True,0.96966267,0.50433475,0.70736325,Easy
5041,1,1,0.59664255,True,1,0.8167731,True,1,0.98652947,True,0.96450263,0.5138524,0.90958834,Easy
5042,0,0,0.6610677,True,0,0.65027064,True,0,0.982291,True,0.9653957,0.5110727,0.8860864,Easy
5043,1,0,0.6317922,False,0,0.7072652,False,0,0.6242386,False,0.9689611,0.5194932,0.86393154,Hard
5044,1,0,0.50881714,False,1,0.5495309,True,1,0.93319654,True,0.968228,0.51221937,0.0,Easy
5045,0,0,0.5679004,True,1,0.6737539,False,0,0.6926938,True,0.9644202,0.50005275,0.8384818,Graph_Only
5046,0,0,0.5627308,True,1,0.6936135,False,1,0.51817185,False,0.96959925,0.5040571,0.7652724,Hard
5047,1,1,0.5199474,True,1,0.9315406,True,1,0.9720489,True,0.96310973,0.4978883,0.0,Easy
5048,0,0,0.53961813,True,0,0.93546486,True,0,0.9889615,True,0.964669,0.51922464,0.8287685,Easy
5049,1,1,0.5076813,True,1,0.87441593,True,1,0.8521881,True,0.96564716,0.50357294,0.75187314,Easy
5050,0,0,0.6923268,True,0,0.5451684,True,0,0.60619247,True,0.9649716,0.5134929,0.8634262,Easy
5051,0,0,0.64825505,True,0,0.7897597,True,0,0.99353665,True,0.9661904,0.5195749,0.86571896,Easy
5052,0,0,0.57680523,True,0,0.90095896,True,0,0.9787699,True,0.9690839,0.52337897,0.0,Easy
5053,0,0,0.5535268,True,0,0.9362318,True,0,0.9921808,True,0.9664261,0.5231493,0.7488322,Easy
5054,1,0,0.5383006,False,1,0.66448706,True,1,0.6957883,True,0.9649552,0.5150024,0.8680849,Easy
5055,0,0,0.64677507,True,0,0.7147982,True,0,0.97228676,True,0.9649511,0.5164379,0.8573306,Easy
5056,0,1,0.5371501,False,1,0.7340034,False,0,0.6002216,True,0.9679339,0.5042275,0.0,Graph_Only
5057,1,1,0.5230182,True,1,0.96920705,True,1,0.9956623,True,0.96093273,0.50008935,0.91880035,Easy
5058,1,1,0.5243606,True,1,0.94094676,True,1,0.99682707,True,0.9595952,0.5022007,0.86903334,Easy
5059,0,0,0.6700879,True,0,0.6405385,True,0,0.9461395,True,0.9646175,0.51301986,0.9020246,Easy
5060,0,0,0.62207305,True,0,0.6879959,True,0,0.93402755,True,0.9686942,0.51707274,0.0,Easy
5061,0,0,0.6433286,True,0,0.7781187,True,0,0.981736,True,0.96788704,0.5176834,0.85881853,Easy
5062,0,0,0.552379,True,0,0.79772216,True,0,0.77413535,True,0.9739859,0.52471524,0.0,Easy
5063,1,1,0.5071455,True,1,0.8989338,True,1,0.9739794,True,0.9614129,0.5032716,0.8597531,Easy
5064,1,1,0.58359146,True,1,0.84448034,True,1,0.94551766,True,0.9656265,0.509942,0.91903204,Easy
5065,1,0,0.6188737,False,0,0.6293889,False,0,0.6326707,False,0.9667244,0.51948404,0.910266,Hard
5066,1,1,0.52619344,True,1,0.7219005,True,1,0.9436303,True,0.967363,0.5158358,0.8279027,Easy
5067,1,0,0.5809117,False,0,0.56212705,False,0,0.56062084,False,0.9683727,0.51679,0.9378661,Hard
5068,0,0,0.5494461,True,0,0.90569884,True,0,0.9984629,True,0.96451056,0.5170571,0.87209255,Easy
5069,0,0,0.54640245,True,1,0.8284242,False,1,0.5080156,False,0.96548545,0.501311,0.858432,Hard
5070,1,1,0.5370896,True,1,0.7050431,True,1,0.68127984,True,0.9647121,0.50586814,0.0,Easy
5071,1,1,0.5374379,True,1,0.9003418,True,1,0.97925675,True,0.9633968,0.5098815,0.85215014,Easy
5072,0,0,0.64311713,True,1,0.5452673,False,0,0.9756663,True,0.965957,0.5043052,0.9034158,Graph_Only
5073,0,0,0.65345633,True,0,0.6946621,True,0,0.95553243,True,0.96443844,0.51542836,0.0,Easy
5074,0,0,0.60030085,True,0,0.70520014,True,0,0.8546521,True,0.96873033,0.5166059,0.86746037,Easy
5075,0,0,0.59352505,True,0,0.88121575,True,0,0.9910644,True,0.9655912,0.51837355,0.8590244,Easy
5076,0,1,0.5026485,False,1,0.6445807,False,0,0.7276059,True,0.9675622,0.51348895,0.82422835,Graph_Only
5077,0,0,0.5835174,True,0,0.8941053,True,0,0.987766,True,0.96777153,0.52265245,0.8308351,Easy
5078,0,0,0.56259775,True,0,0.9731208,True,0,0.99489945,True,0.96251833,0.52841437,0.0,Easy
5079,0,0,0.60574937,True,0,0.8641895,True,0,0.99296594,True,0.96982646,0.52023315,0.8337555,Easy
5080,1,0,0.500421,False,1,0.82363486,True,1,0.95089024,True,0.9629775,0.50184864,0.9028362,Easy
5081,1,0,0.5265347,False,1,0.88011974,True,1,0.9160039,True,0.962911,0.4987642,0.86071265,Easy
5082,0,0,0.5262681,True,1,0.6260456,False,0,0.72345036,True,0.9652457,0.51162446,0.8593662,Graph_Only
5083,1,1,0.5635893,True,1,0.57127136,True,0,0.5722718,False,0.96726274,0.51800025,0.9007408,Text_Only
5084,1,1,0.5263902,True,1,0.8441258,True,1,0.97601855,True,0.96392167,0.5068868,0.88000107,Easy
5085,1,1,0.50401604,True,1,0.76609886,True,1,0.98014694,True,0.9648408,0.50407434,0.8492863,Easy
5086,0,0,0.5487604,True,0,0.74498254,True,0,0.94876415,True,0.9656278,0.51655173,0.0,Easy
5087,1,1,0.5158031,True,1,0.7830837,True,1,0.9621082,True,0.9662168,0.50662255,0.8156697,Easy
5088,1,0,0.5061192,False,0,0.57849747,False,1,0.78992593,True,0.96614754,0.5176792,0.93959,Graph_Only
5089,0,0,0.59879136,True,0,0.7659679,True,0,0.77011925,True,0.9665807,0.51673895,0.87176216,Easy
5090,0,0,0.62975085,True,0,0.76280916,True,0,0.98523766,True,0.9672876,0.51325756,0.904165,Easy
5091,0,0,0.5665304,True,1,0.6037988,False,0,0.6650106,True,0.9656247,0.5052649,0.8731891,Graph_Only
5092,1,1,0.5300729,True,1,0.9054259,True,1,0.99490595,True,0.9618796,0.501489,0.89683497,Easy
5093,0,0,0.58595496,True,0,0.9437957,True,0,0.9959669,True,0.96548855,0.5244353,0.0,Easy
5094,1,0,0.53732276,False,1,0.9000723,True,1,0.7326429,True,0.964502,0.49858898,0.8085042,Easy
5095,0,0,0.582681,True,0,0.90070605,True,0,0.9505606,True,0.969035,0.52743447,0.7221008,Easy
5096,1,0,0.65899754,False,0,0.707502,False,0,0.8464292,False,0.967281,0.515741,0.9227711,Hard
5097,0,0,0.5635548,True,0,0.9741116,True,0,0.9951467,True,0.9619072,0.52888715,0.0,Easy
5098,1,0,0.54539114,False,1,0.6126559,True,0,0.5174931,False,0.9683815,0.5149261,0.80083853,Text_Only
5099,1,1,0.5004658,True,1,0.58968866,True,0,0.7425601,False,0.9664009,0.5134489,0.8790034,Text_Only
5100,0,0,0.6834636,True,0,0.56164616,True,0,0.92647606,True,0.96527684,0.51192427,0.92386067,Easy
5101,1,1,0.515641,True,1,0.97061354,True,1,0.9925621,True,0.9590192,0.49661213,0.8981683,Easy
5102,1,1,0.5397461,True,1,0.915009,True,1,0.9940202,True,0.9641521,0.50233,0.87406516,Easy
5103,1,0,0.53191495,False,1,0.7839027,True,0,0.6257641,False,0.96618855,0.50418,0.8195297,Text_Only
5104,0,0,0.5713729,True,0,0.89713657,True,0,0.98747385,True,0.9666593,0.5209316,0.8843548,Easy
5105,1,0,0.5857318,False,1,0.7320021,True,1,0.5862693,True,0.966301,0.5041864,0.0,Easy
5106,0,0,0.64924216,True,0,0.7568307,True,0,0.9810962,True,0.96505094,0.5160954,0.8840821,Easy
5107,1,1,0.5645989,True,1,0.8930881,True,1,0.9954503,True,0.9618149,0.5077856,0.8923428,Easy
5108,1,1,0.5371999,True,1,0.83076507,True,1,0.99646676,True,0.96354973,0.5093961,0.7720221,Easy
5109,1,0,0.63497984,False,0,0.76783085,False,0,0.95025134,False,0.9671329,0.5148138,0.92558664,Hard
5110,0,0,0.59301484,True,0,0.8801607,True,0,0.9744747,True,0.9706939,0.5223665,0.0,Easy
5111,0,0,0.651084,True,0,0.55067253,True,0,0.93469256,True,0.9660474,0.5128214,0.0,Easy
5112,1,0,0.51280713,False,1,0.65891373,True,1,0.95410126,True,0.9657337,0.5084936,0.8645272,Easy
5113,1,1,0.5604241,True,1,0.8042252,True,1,0.98119193,True,0.9635998,0.50655395,0.8414982,Easy
5114,1,1,0.50080067,True,1,0.93337387,True,1,0.9826614,True,0.96294165,0.4964685,0.9005884,Easy
5115,0,0,0.54491276,True,0,0.99278086,True,0,0.9991835,True,0.95838666,0.5333974,0.9020184,Easy
5116,1,1,0.5253458,True,1,0.9596408,True,1,0.9975975,True,0.96167964,0.5043245,0.79254854,Easy
5117,1,0,0.574018,False,1,0.5721035,True,1,0.6148787,True,0.96480674,0.5092183,0.8713106,Easy
5118,0,0,0.55933017,True,0,0.65444237,True,1,0.6066199,False,0.9674157,0.51872915,0.8921138,Text_Only
5119,1,0,0.6265297,False,1,0.60034853,True,0,0.75955796,False,0.96828324,0.5073322,0.838693,Text_Only
5120,0,1,0.5201178,False,1,0.8449701,False,1,0.6289971,False,0.96771383,0.5133658,0.8397163,Hard
5121,1,1,0.5132118,True,1,0.6645808,True,1,0.75333863,True,0.9653607,0.52101433,0.91272676,Easy
5122,1,1,0.5077323,True,1,0.76057774,True,1,0.95685685,True,0.96523505,0.5117086,0.89163387,Easy
5123,0,0,0.5808857,True,0,0.9526478,True,0,0.9971847,True,0.96366787,0.5250013,0.91859484,Easy
5124,0,0,0.6355475,True,0,0.79713374,True,0,0.9777034,True,0.96794724,0.5127487,0.8872624,Easy
5125,1,1,0.51350576,True,1,0.95516187,True,1,0.99738353,True,0.96195436,0.49937972,0.7336091,Easy
5126,0,0,0.654072,True,0,0.75868016,True,0,0.9836459,True,0.9673553,0.51990825,0.78337663,Easy
5127,0,0,0.6000406,True,0,0.8002667,True,0,0.9890912,True,0.96667063,0.5120042,0.9171232,Easy
5128,1,0,0.50448537,False,1,0.8752135,True,1,0.8363327,True,0.9630893,0.50553846,0.8663721,Easy
5129,1,0,0.6334729,False,0,0.6903833,False,0,0.66268754,False,0.9667692,0.5177931,0.0,Hard
5130,0,0,0.56682694,True,0,0.9744288,True,0,0.9916716,True,0.96449697,0.5252792,0.9019493,Easy
5131,1,1,0.5113715,True,1,0.5792286,True,1,0.7459347,True,0.9734777,0.5108459,0.0,Easy
5132,0,0,0.71620864,True,0,0.592587,True,0,0.824559,True,0.9666953,0.51938325,0.8743459,Easy
5133,1,0,0.5037394,False,1,0.7190356,True,1,0.63891137,True,0.96476275,0.51076084,0.8821109,Easy
5134,1,1,0.5173574,True,1,0.9212109,True,1,0.988096,True,0.9644082,0.4997034,0.83672965,Easy
5135,0,0,0.5821472,True,1,0.67751884,False,0,0.7029497,True,0.96555895,0.50298905,0.8601334,Graph_Only
5136,0,0,0.65773183,True,1,0.5429282,False,0,0.6161303,True,0.9668274,0.50771105,0.9174546,Graph_Only
5137,1,1,0.52052397,True,1,0.56284016,True,1,0.678499,True,0.96573615,0.5198172,0.80144423,Easy
5138,0,0,0.60503244,True,0,0.8418549,True,0,0.9811126,True,0.9672451,0.51724535,0.8688409,Easy
5139,1,0,0.57798576,False,0,0.8890367,False,0,0.9517129,False,0.96720123,0.52287036,0.0,Hard
5140,0,0,0.600062,True,0,0.89964426,True,0,0.99254614,True,0.9642801,0.52017605,0.0,Easy
5141,0,1,0.52186024,False,1,0.5243917,False,0,0.77460283,True,0.96858394,0.5197635,0.84853077,Graph_Only
5142,0,0,0.55344415,True,0,0.9275555,True,0,0.9794963,True,0.9674341,0.5175959,0.8568265,Easy
5143,0,0,0.5792556,True,0,0.89065754,True,0,0.94891,True,0.9684718,0.51868063,0.8926305,Easy
5144,1,1,0.5230333,True,1,0.6143217,True,1,0.9209103,True,0.96371067,0.51643604,0.8762096,Easy
5145,1,1,0.5084769,True,1,0.9299968,True,1,0.96846414,True,0.96563995,0.49217045,0.7677784,Easy
5146,1,1,0.500218,True,1,0.5598186,True,0,0.5208172,False,0.9653898,0.5187499,0.8662121,Text_Only
5147,1,1,0.55162126,True,1,0.8777826,True,1,0.9920697,True,0.9672657,0.5063081,0.75973284,Easy
5148,1,1,0.5399271,True,1,0.90371823,True,1,0.9808833,True,0.9660637,0.5002035,0.8317411,Easy
5149,0,0,0.62490386,True,1,0.5723644,False,0,0.74350816,True,0.9650407,0.5135904,0.75709164,Graph_Only
5150,1,1,0.5778819,True,1,0.65790045,True,1,0.61658853,True,0.9689518,0.50825423,0.0,Easy
5151,1,1,0.50524914,True,1,0.81380075,True,1,0.9761963,True,0.9686562,0.5043114,0.79145074,Easy
5152,1,1,0.53161293,True,1,0.95071733,True,1,0.995861,True,0.95868206,0.50991184,0.8535049,Easy
5153,0,0,0.5760166,True,0,0.75265664,True,0,0.72681993,True,0.97004795,0.52866197,0.86993206,Easy
5154,0,0,0.55931044,True,1,0.5221794,False,0,0.6830321,True,0.96759164,0.51628625,0.0,Graph_Only
5155,0,1,0.5390878,False,1,0.5203719,False,0,0.7130866,True,0.96898,0.5243812,0.8990811,Graph_Only
5156,1,1,0.5456516,True,1,0.9082619,True,1,0.9866801,True,0.96661365,0.5024765,0.79209256,Easy
5157,1,0,0.53385323,False,0,0.52663887,False,1,0.72176176,True,0.96824354,0.51732236,0.81274533,Graph_Only
5158,1,1,0.5033601,True,1,0.9586635,True,1,0.9908765,True,0.95866835,0.50021565,0.89489603,Easy
5159,1,1,0.5708259,True,1,0.74977344,True,1,0.9829018,True,0.9659818,0.51911664,0.9012222,Easy
5160,0,0,0.601534,True,0,0.7959952,True,0,0.6410196,True,0.96876895,0.52008706,0.84762913,Easy
5161,1,1,0.5298507,True,1,0.60177237,True,1,0.5555529,True,0.9698032,0.51917195,0.7662864,Easy
5162,1,1,0.5407954,True,1,0.8511437,True,1,0.9854578,True,0.9626188,0.51453006,0.85971326,Easy
5163,1,0,0.60165393,False,0,0.7003035,False,0,0.82168865,False,0.971812,0.5234777,0.8036967,Hard
5164,1,1,0.51130044,True,1,0.905932,True,1,0.987576,True,0.96063673,0.5135703,0.82015413,Easy
5165,0,0,0.55025345,True,0,0.9471562,True,0,0.9926536,True,0.96612597,0.52610296,0.0,Easy
5166,1,0,0.67927617,False,0,0.57690924,False,0,0.90513223,False,0.965001,0.51852155,0.79435647,Hard
5167,1,1,0.5223367,True,1,0.8071516,True,1,0.94701236,True,0.96598566,0.5061464,0.0,Easy
5168,0,0,0.5769075,True,0,0.96836245,True,0,0.9971444,True,0.96334803,0.52885205,0.0,Easy
5169,0,0,0.6238141,True,0,0.8270137,True,0,0.9963452,True,0.9650066,0.521876,0.8040422,Easy
5170,1,1,0.52238506,True,1,0.7052733,True,1,0.9844498,True,0.9677929,0.51800543,0.7423825,Easy
5171,0,0,0.5361483,True,1,0.779761,False,1,0.8148697,False,0.9671694,0.5046575,0.8194418,Hard
5172,1,1,0.50898284,True,1,0.88942367,True,1,0.94774944,True,0.9652799,0.49833226,0.7887269,Easy
5173,0,0,0.6395804,True,0,0.7076207,True,0,0.94039696,True,0.9682889,0.5182831,0.0,Easy
5174,0,0,0.5938534,True,0,0.5028633,True,0,0.85928893,True,0.9635617,0.5136029,0.8950623,Easy
5175,0,0,0.6776521,True,0,0.6340114,True,0,0.9902214,True,0.9654095,0.5134552,0.9194958,Easy
5176,1,0,0.5274757,False,1,0.5333808,True,1,0.940762,True,0.96876115,0.516819,0.81320566,Easy
5177,1,1,0.52321595,True,1,0.8855918,True,1,0.992455,True,0.9630282,0.51314056,0.7786805,Easy
5178,1,1,0.5168775,True,1,0.67663234,True,1,0.99424696,True,0.9680602,0.5136358,0.0,Easy
5179,1,1,0.5451247,True,1,0.87134624,True,1,0.9827366,True,0.9634389,0.5030372,0.0,Easy
5180,1,0,0.56674445,False,0,0.674444,False,0,0.5603864,False,0.9798409,0.51799756,0.5856018,Hard
5181,1,0,0.5076097,False,1,0.54107285,True,0,0.671328,False,0.9695874,0.514208,0.0,Text_Only
5182,0,0,0.51167196,True,0,0.6389532,True,0,0.78545,True,0.9692539,0.52773094,0.9059098,Easy
5183,0,0,0.6685073,True,0,0.6634536,True,0,0.9889748,True,0.96715295,0.5143005,0.78890955,Easy
5184,1,0,0.5975548,False,1,0.85152984,True,0,0.91071564,False,0.9668197,0.49706164,0.7706449,Text_Only
5185,0,0,0.6031525,True,0,0.87585354,True,0,0.9955558,True,0.9662008,0.5171891,0.87179154,Easy
5186,0,0,0.5401224,True,0,0.9346981,True,1,0.6406041,False,0.9703516,0.52620155,0.77480483,Text_Only
5187,1,1,0.54109395,True,1,0.7171333,True,1,0.91613334,True,0.96627414,0.5131066,0.0,Easy
5188,0,0,0.57739156,True,0,0.9738401,True,0,0.9955427,True,0.9647375,0.5290373,0.83230054,Easy
5189,0,0,0.57642066,True,0,0.8942722,True,0,0.98013544,True,0.9664827,0.52480316,0.85755813,Easy
5190,1,1,0.5352301,True,1,0.90226233,True,1,0.99317247,True,0.9654064,0.50268215,0.8082973,Easy
5191,1,0,0.50884306,False,0,0.54670066,False,1,0.9370403,True,0.97355163,0.51372916,0.7496847,Graph_Only
5192,0,0,0.57934296,True,1,0.659722,False,0,0.57439697,True,0.9708074,0.5082664,0.0,Graph_Only
5193,0,0,0.6377285,True,0,0.7746309,True,0,0.9922076,True,0.9682355,0.5211538,0.8712701,Easy
5194,1,0,0.6153318,False,0,0.6182687,False,0,0.53357595,False,0.9669968,0.5241773,0.0,Hard
5195,0,0,0.637906,True,1,0.5475792,False,0,0.9736443,True,0.9649735,0.51118195,0.9031093,Graph_Only
5196,1,1,0.5565098,True,1,0.93329847,True,1,0.99809295,True,0.9625634,0.51049924,0.78807104,Easy
5197,1,1,0.53637975,True,1,0.7855573,True,1,0.97704077,True,0.9646529,0.50998706,0.75369924,Easy
5198,1,0,0.50440764,False,1,0.86708885,True,1,0.9202123,True,0.9674405,0.49880096,0.0,Easy
5199,1,1,0.55350846,True,1,0.8690084,True,1,0.98362446,True,0.9638549,0.50223833,0.8007207,Easy
5200,0,0,0.52006406,True,1,0.5716016,False,0,0.7221846,True,0.9683403,0.5158553,0.8059557,Graph_Only
5201,1,0,0.50453395,False,1,0.9058107,True,1,0.98061657,True,0.96424884,0.5007534,0.92866635,Easy
5202,0,0,0.5987579,True,0,0.7797679,True,0,0.8905725,True,0.97408104,0.5244378,0.8210384,Easy
5203,0,0,0.59014696,True,0,0.7912353,True,0,0.69846296,True,0.96884084,0.52377534,0.8689554,Easy
5204,0,0,0.59703135,True,1,0.52693146,False,1,0.62436354,False,0.9668025,0.5174178,0.9024128,Hard
5205,1,1,0.5366541,True,1,0.84870285,True,1,0.99070084,True,0.9664302,0.5098409,0.80205536,Easy
5206,0,0,0.6218807,True,0,0.70381904,True,0,0.6496992,True,0.9656248,0.5168523,0.0,Easy
5207,0,0,0.6269656,True,1,0.69011587,False,0,0.80699724,True,0.9671283,0.51359695,0.795388,Graph_Only
5208,1,0,0.6609886,False,1,0.59045756,True,0,0.76821244,False,0.9674065,0.5080104,0.8511303,Text_Only
5209,1,0,0.5123741,False,1,0.6137954,True,1,0.9894795,True,0.967903,0.512877,0.0,Easy
5210,1,1,0.5204071,True,1,0.5738469,True,1,0.92660767,True,0.9651937,0.5229147,0.7366014,Easy
5211,0,0,0.51382303,True,1,0.7554493,False,1,0.84545434,False,0.9636426,0.50252813,0.85222936,Hard
5212,0,0,0.5695279,True,1,0.5534643,False,1,0.7866179,False,0.96828103,0.5126589,0.84308946,Hard
5213,0,0,0.5710474,True,0,0.9775908,True,0,0.9970631,True,0.9632132,0.53059477,0.891296,Easy
5214,1,1,0.5395731,True,1,0.9295273,True,1,0.9672304,True,0.96281207,0.5023171,0.8332716,Easy
5215,0,0,0.5429602,True,1,0.9673684,False,1,0.61103106,False,0.9594327,0.48992187,0.8199511,Hard
5216,1,0,0.51350045,False,1,0.80275625,True,1,0.5364386,True,0.9654425,0.50584483,0.7713541,Easy
5217,1,1,0.52438307,True,1,0.8804087,True,1,0.9813013,True,0.96348286,0.50664186,0.0,Easy
5218,1,0,0.5475023,False,1,0.5618198,True,0,0.6027556,False,0.97018826,0.5132653,0.8145993,Text_Only
5219,1,1,0.5203916,True,1,0.83857566,True,1,0.9354683,True,0.9647925,0.5064055,0.94496864,Easy
5220,1,0,0.5064224,False,1,0.75276417,True,1,0.7997755,True,0.9648734,0.5079743,0.88654536,Easy
5221,0,0,0.52435595,True,0,0.62082815,True,0,0.8735612,True,0.9685224,0.5251281,0.9431621,Easy
5222,1,1,0.58859813,True,1,0.5770197,True,1,0.7209546,True,0.97097313,0.514614,0.78799236,Easy
5223,0,0,0.5462874,True,0,0.6915213,True,0,0.654763,True,0.97187203,0.5204708,0.79383487,Easy
5224,1,1,0.5380413,True,1,0.7768305,True,1,0.96343076,True,0.9668776,0.5077804,0.0,Easy
5225,0,0,0.5869826,True,0,0.72813404,True,0,0.96076626,True,0.9714936,0.5177005,0.0,Easy
5226,0,0,0.5750018,True,0,0.9703178,True,0,0.99584156,True,0.9648075,0.5282319,0.0,Easy
5227,0,0,0.6163309,True,0,0.7443176,True,0,0.9177218,True,0.968518,0.51939136,0.0,Easy
5228,1,1,0.50314784,True,1,0.7901333,True,1,0.95053047,True,0.96591616,0.5173972,0.686875,Easy
5229,1,1,0.5652028,True,1,0.7817642,True,1,0.96604383,True,0.9682878,0.50526726,0.8462627,Easy
5230,0,0,0.66149414,True,1,0.59957063,False,0,0.65209067,True,0.9657438,0.5100761,0.87960744,Graph_Only
5231,1,0,0.5041401,False,0,0.5455473,False,1,0.66790193,True,0.9683733,0.52018785,0.8659855,Graph_Only
5232,1,1,0.51770383,True,1,0.9610299,True,1,0.9960394,True,0.9577429,0.51014584,0.80882204,Easy
5233,0,0,0.54956174,True,0,0.7817651,True,0,0.76336175,True,0.9725866,0.52304703,0.79544604,Easy
5234,0,0,0.6287668,True,0,0.6675318,True,0,0.79265094,True,0.96806693,0.5182947,0.79776084,Easy
5235,0,0,0.6246269,True,1,0.58226764,False,0,0.81742567,True,0.96919644,0.5144212,0.0,Graph_Only
5236,1,0,0.5017032,False,1,0.73406506,True,1,0.82826805,True,0.96602786,0.5157733,0.75966674,Easy
5237,1,1,0.523223,True,1,0.935364,True,1,0.9941584,True,0.9672879,0.5087708,0.6651859,Easy
5238,0,0,0.57078105,True,0,0.92913324,True,0,0.99888796,True,0.9628457,0.52275765,0.86955416,Easy
5239,0,0,0.5709882,True,0,0.54139674,True,0,0.63806313,True,0.96783674,0.52036685,0.7496847,Easy
5240,0,0,0.6151704,True,0,0.84550774,True,0,0.97630584,True,0.96639,0.5256405,0.88284266,Easy
5241,0,0,0.5641268,True,0,0.9490222,True,0,0.99511874,True,0.9654528,0.5293215,0.8775122,Easy
5242,1,0,0.536668,False,1,0.6831134,True,1,0.924214,True,0.96560585,0.5063674,0.0,Easy
5243,0,1,0.53170824,False,1,0.86795807,False,1,0.61397535,False,0.9686098,0.50928473,0.72772825,Hard
5244,1,0,0.50949544,False,1,0.73219824,True,1,0.5373765,True,0.9645574,0.5060675,0.0,Easy
5245,0,0,0.5802399,True,0,0.6911351,True,0,0.9409446,True,0.969579,0.5185736,0.0,Easy
5246,0,0,0.5279441,True,0,0.5336125,True,1,0.6279784,False,0.9718044,0.5196309,0.8165897,Text_Only
5247,0,0,0.6372174,True,0,0.6662625,True,0,0.80567443,True,0.9718621,0.5174823,0.0,Easy
5248,0,0,0.56036854,True,1,0.69092447,False,0,0.604603,True,0.97045386,0.50359696,0.0,Graph_Only
5249,0,0,0.57698727,True,0,0.95882946,True,0,0.9889159,True,0.96513,0.52763826,0.0,Easy
5250,1,0,0.549711,False,0,0.61361426,False,0,0.57666,False,0.9692964,0.5146612,0.831292,Hard
5251,1,1,0.51958555,True,1,0.87903625,True,1,0.97258174,True,0.9624076,0.50631016,0.0,Easy
5252,1,1,0.5243851,True,1,0.81618416,True,1,0.9512714,True,0.9659065,0.50596464,0.0,Easy
5253,0,1,0.51780707,False,1,0.7349744,False,1,0.67068636,False,0.9662048,0.5164147,0.7977607,Hard
5254,0,0,0.5520792,True,0,0.9186768,True,0,0.9968562,True,0.96792305,0.52330995,0.0,Easy
5255,0,0,0.5669129,True,0,0.8496466,True,0,0.9019028,True,0.9691889,0.5211288,0.6971859,Easy
5256,1,0,0.5092413,False,1,0.9037983,True,1,0.9566685,True,0.96148527,0.5007874,0.0,Easy
5257,1,1,0.54300046,True,1,0.88019234,True,1,0.9806538,True,0.9632816,0.51103425,0.8192744,Easy
5258,1,1,0.5576885,True,1,0.68794274,True,1,0.9169929,True,0.96684813,0.521235,0.9097296,Easy
5259,1,1,0.53411764,True,1,0.88229376,True,1,0.97888184,True,0.96329033,0.5131016,0.87537086,Easy
5260,1,1,0.5151385,True,1,0.97449374,True,1,0.9976311,True,0.9567437,0.50420225,0.8834238,Easy
5261,0,0,0.58158624,True,0,0.64079577,True,0,0.7743317,True,0.9701982,0.518541,0.0,Easy
5262,0,0,0.57860816,True,0,0.5852395,True,0,0.7306549,True,0.96889013,0.5148656,0.91260815,Easy
5263,1,1,0.5131274,True,1,0.88381535,True,1,0.96811223,True,0.96180713,0.509845,0.0,Easy
5264,1,0,0.5843037,False,0,0.6602164,False,0,0.6714646,False,0.9677648,0.52047455,0.76360255,Hard
5265,1,0,0.60006255,False,0,0.83872676,False,0,0.9576394,False,0.96570635,0.5222082,0.8411043,Hard
5266,1,1,0.5316618,True,1,0.873718,True,1,0.9641341,True,0.96271753,0.5027359,0.0,Easy
5267,0,0,0.54004365,True,0,0.6645459,True,0,0.54001385,True,0.9723804,0.51469445,0.0,Easy
5268,1,1,0.54677767,True,1,0.8341445,True,1,0.9815169,True,0.9645823,0.5095919,0.866606,Easy
5269,0,0,0.66876817,True,1,0.629732,False,0,0.9488476,True,0.96522295,0.50961083,0.87460184,Graph_Only
5270,1,0,0.5359741,False,0,0.94188535,False,1,0.69259316,True,0.96941376,0.52526313,0.7742027,Graph_Only
5271,1,1,0.5056863,True,1,0.7808318,True,1,0.9587393,True,0.96265125,0.51037306,0.8844096,Easy
5272,0,0,0.6486873,True,0,0.80572367,True,0,0.89310277,True,0.9663037,0.5234894,0.91096056,Easy
5273,1,0,0.6227936,False,1,0.60785633,True,0,0.7097755,False,0.967263,0.50731134,0.0,Text_Only
5274,0,0,0.60933304,True,0,0.59285885,True,0,0.7466663,True,0.9692824,0.5203144,0.0,Easy
5275,1,1,0.5284644,True,1,0.8473797,True,1,0.9914193,True,0.96206677,0.50394124,0.9206468,Easy
5276,1,1,0.52140373,True,1,0.95298356,True,1,0.99873716,True,0.9639589,0.50517195,0.7559078,Easy
5277,0,0,0.52434254,True,1,0.50687957,False,0,0.78456897,True,0.96827435,0.52006924,0.81479216,Graph_Only
5278,0,0,0.6991284,True,0,0.63511574,True,0,0.8935418,True,0.96741486,0.51846826,0.87594765,Easy
5279,1,0,0.51893425,False,1,0.75000507,True,1,0.84991395,True,0.9666029,0.5150486,0.7493812,Easy
5280,1,0,0.5242461,False,1,0.79643863,True,1,0.8712877,True,0.9661372,0.5064001,0.8247044,Easy
5281,1,0,0.5136396,False,1,0.8705635,True,1,0.94254434,True,0.9620073,0.5054438,0.0,Easy
5282,0,0,0.64077914,True,0,0.6309799,True,0,0.83241135,True,0.96882665,0.5174415,0.0,Easy
5283,0,0,0.60317194,True,0,0.7058494,True,0,0.77165973,True,0.9727812,0.5178028,0.0,Easy
5284,1,1,0.54133743,True,1,0.9261125,True,1,0.99613035,True,0.96553904,0.50722635,0.7067105,Easy
5285,1,0,0.50062084,False,1,0.956213,True,1,0.98542506,True,0.9582734,0.5007542,0.0,Easy
5286,0,0,0.538904,True,0,0.98579454,True,0,0.9952295,True,0.9631858,0.53016603,0.0,Easy
5287,1,0,0.5039256,False,1,0.9462057,True,1,0.88544786,True,0.96173644,0.48981857,0.77046573,Easy
5288,1,1,0.51367027,True,1,0.8457607,True,1,0.94890946,True,0.9645638,0.50158304,0.0,Easy
5289,1,1,0.5412351,True,1,0.6743349,True,1,0.987611,True,0.9674102,0.5105529,0.0,Easy
5290,0,0,0.5957945,True,0,0.84632385,True,0,0.9358722,True,0.970087,0.52347225,0.8884108,Easy
5291,0,0,0.5454351,True,0,0.8370124,True,0,0.8120075,True,0.97200704,0.52854544,0.80769145,Easy
5292,1,1,0.5208728,True,1,0.7902787,True,1,0.92612493,True,0.96596813,0.5054875,0.8473748,Easy
5293,0,0,0.5576684,True,1,0.7031871,False,0,0.62403196,True,0.965639,0.50997543,0.75979835,Graph_Only
5294,1,1,0.5785258,True,1,0.6787849,True,1,0.9625985,True,0.9677465,0.51162565,0.828937,Easy
5295,1,0,0.5369424,False,1,0.5256955,True,1,0.5115466,True,0.9661063,0.511348,0.0,Easy
5296,0,0,0.57424253,True,0,0.9067802,True,0,0.99073607,True,0.96724236,0.5215745,0.8639163,Easy
5297,1,0,0.64110315,False,0,0.70450336,False,0,0.77871996,False,0.9670569,0.52349234,0.8615429,Hard
5298,1,1,0.54379755,True,1,0.768637,True,1,0.9740927,True,0.96702635,0.51409215,0.82313395,Easy
5299,0,0,0.5273014,True,0,0.981605,True,0,0.9882712,True,0.965312,0.5283092,0.0,Easy
5300,1,0,0.5184142,False,1,0.9234302,True,1,0.9542196,True,0.96107674,0.49959952,0.0,Easy
5301,1,1,0.5315469,True,1,0.83624905,True,1,0.9665031,True,0.9652151,0.5061859,0.0,Easy
5302,0,0,0.66370255,True,0,0.557245,True,0,0.8438777,True,0.968153,0.51629955,0.74053943,Easy
5303,0,0,0.60083836,True,0,0.8650469,True,0,0.9614824,True,0.9692971,0.5178053,0.8677541,Easy
5304,0,0,0.58506936,True,0,0.6399372,True,0,0.6275502,True,0.97564006,0.51693106,0.71602917,Easy
5305,0,0,0.6184076,True,0,0.77533597,True,0,0.9625975,True,0.96790344,0.5209747,0.81213707,Easy
5306,1,0,0.53520256,False,1,0.6067559,True,1,0.8645266,True,0.9676059,0.507746,0.0,Easy
5307,1,0,0.5207894,False,1,0.5731349,True,0,0.7408171,False,0.96954393,0.5109246,0.0,Text_Only
5308,0,1,0.53271276,False,1,0.77461594,False,0,0.68115234,True,0.97050554,0.50936234,0.85258603,Graph_Only
5309,1,0,0.5537097,False,1,0.51150703,True,0,0.79436785,False,0.96892214,0.5171853,0.920351,Text_Only
5310,0,0,0.70512617,True,0,0.5053809,True,0,0.6825503,True,0.9696568,0.5148313,0.8514302,Easy
5311,1,1,0.5284107,True,1,0.89946073,True,1,0.76086587,True,0.9662336,0.5039942,0.9473531,Easy
5312,0,0,0.57151866,True,0,0.6885848,True,0,0.95223147,True,0.9744269,0.52100044,0.0,Easy
5313,0,0,0.5734382,True,0,0.7359864,True,0,0.9856227,True,0.97149134,0.5140685,0.81772417,Easy
5314,0,0,0.6714286,True,1,0.57512736,False,0,0.8102965,True,0.9672686,0.5148204,0.8308706,Graph_Only
5315,0,0,0.5983102,True,0,0.7977074,True,0,0.9024949,True,0.96876055,0.5221191,0.0,Easy
5316,1,1,0.51590115,True,1,0.79163164,True,1,0.9321413,True,0.96543443,0.50402474,0.0,Easy
5317,1,0,0.5457893,False,1,0.7462247,True,1,0.58575535,True,0.96790946,0.5027801,0.92317677,Easy
5318,0,0,0.5739645,True,0,0.6309654,True,0,0.8037453,True,0.969536,0.5232251,0.75470746,Easy
5319,1,1,0.558702,True,1,0.7113861,True,1,0.9547706,True,0.9656704,0.5121425,0.8837887,Easy
5320,1,0,0.5282412,False,1,0.5105146,True,0,0.51675713,False,0.97001886,0.5120937,0.0,Text_Only
5321,1,0,0.5257398,False,1,0.7680414,True,1,0.71462005,True,0.9659929,0.50230795,0.91821146,Easy
5322,0,0,0.56938124,True,0,0.71002865,True,0,0.9925755,True,0.9724555,0.510812,0.87386656,Easy
5323,0,0,0.60256183,True,1,0.61545044,False,0,0.61662674,True,0.96824133,0.5104172,0.0,Graph_Only
5324,1,1,0.532133,True,1,0.8968624,True,1,0.9900122,True,0.9652784,0.509482,0.78974223,Easy
5325,1,1,0.53729236,True,1,0.8517896,True,1,0.92026174,True,0.968089,0.5023957,0.9272134,Easy
5326,1,1,0.5409483,True,1,0.57035583,True,1,0.9404151,True,0.9680709,0.5171129,0.82669294,Easy
5327,0,0,0.5945091,True,0,0.75307596,True,0,0.89251703,True,0.96851146,0.52732164,0.8546994,Easy
5328,0,0,0.55656046,True,0,0.95298135,True,0,0.99628085,True,0.96578074,0.5258556,0.0,Easy
5329,1,1,0.5648066,True,1,0.81097907,True,1,0.96628034,True,0.9678784,0.50947005,0.8686409,Easy
5330,1,0,0.5022762,False,1,0.85966295,True,1,0.8836984,True,0.9669516,0.49957854,0.88736874,Easy
5331,1,1,0.5017843,True,1,0.91654915,True,1,0.97841895,True,0.9631494,0.49524242,0.8825045,Easy
5332,0,0,0.58835614,True,0,0.6840285,True,0,0.8309347,True,0.9726252,0.5201546,0.8483168,Easy
5333,1,1,0.55157226,True,1,0.8997211,True,1,0.9947088,True,0.9650235,0.5092632,0.80481285,Easy
5334,0,0,0.6589853,True,0,0.6972465,True,0,0.9873991,True,0.9684715,0.5203729,0.0,Easy
5335,0,0,0.69614446,True,1,0.6922789,False,0,0.9452664,True,0.968554,0.5060681,0.83372545,Graph_Only
5336,1,1,0.56599826,True,1,0.86801475,True,1,0.96879905,True,0.96724486,0.5057834,0.91435516,Easy
5337,0,0,0.5447455,True,0,0.5797466,True,0,0.6953733,True,0.9681016,0.52821267,0.8580878,Easy
5338,0,0,0.5030162,True,1,0.60253066,False,0,0.7137103,True,0.96960914,0.50878066,0.0,Graph_Only
5339,0,0,0.6011791,True,0,0.8035712,True,0,0.9867163,True,0.9677956,0.5185689,0.81180227,Easy
5340,1,1,0.50351,True,1,0.5717718,True,1,0.8651924,True,0.9674314,0.507555,0.0,Easy
5341,1,1,0.55049914,True,1,0.8055234,True,1,0.97557753,True,0.96722376,0.50638777,0.9164686,Easy
5342,1,1,0.5113326,True,1,0.77821493,True,1,0.745555,True,0.9659436,0.49857506,0.908442,Easy
5343,0,0,0.65992516,True,0,0.53948385,True,0,0.85500324,True,0.9699948,0.51634175,0.0,Easy
5344,1,0,0.5471126,False,1,0.64375037,True,1,0.7003814,True,0.9696707,0.5012719,0.91354555,Easy
5345,1,0,0.5735573,False,1,0.82157135,True,1,0.66071606,True,0.9703437,0.49607077,0.0,Easy
5346,1,0,0.64805824,False,0,0.6597264,False,0,0.8185658,False,0.96916413,0.52295536,0.84794056,Hard
5347,0,0,0.67130643,True,1,0.52363586,False,0,0.8319349,True,0.9701552,0.511588,0.0,Graph_Only
5348,1,1,0.5204944,True,1,0.9870411,True,1,0.9988586,True,0.956283,0.4972351,0.74197996,Easy
5349,1,0,0.50115746,False,1,0.78233397,True,1,0.8839722,True,0.96629757,0.50445145,0.0,Easy
5350,1,1,0.56893885,True,1,0.553517,True,1,0.6355176,True,0.96868145,0.5178853,0.8723242,Easy
5351,0,0,0.6089293,True,0,0.87342286,True,0,0.9673555,True,0.9685641,0.52540356,0.0,Easy
5352,0,0,0.6296276,True,0,0.7554006,True,0,0.98712486,True,0.9685519,0.5172206,0.8327918,Easy
5353,1,1,0.53325486,True,1,0.9045566,True,1,0.96692085,True,0.96464497,0.49682203,0.0,Easy
5354,0,0,0.5617456,True,0,0.87528425,True,0,0.97781247,True,0.9676134,0.5243218,0.0,Easy
5355,1,1,0.56126195,True,1,0.8794275,True,1,0.9776225,True,0.9665458,0.50455385,0.94361645,Easy
5356,1,1,0.5431444,True,1,0.8112576,True,1,0.9510033,True,0.9664147,0.50677925,0.8757801,Easy
5357,1,1,0.570915,True,1,0.66288096,True,1,0.89061,True,0.9660251,0.5153279,0.8017638,Easy
5358,1,0,0.51553565,False,1,0.759031,True,1,0.9561912,True,0.96870834,0.5034281,0.8572217,Easy
5359,1,0,0.52069306,False,1,0.5219691,True,1,0.803982,True,0.96553683,0.5133702,0.0,Easy
5360,0,0,0.5177232,True,1,0.7549139,False,0,0.5087983,True,0.96733105,0.5019727,0.0,Graph_Only
5361,1,1,0.5305242,True,1,0.77180326,True,1,0.8623152,True,0.9672148,0.502799,0.9207486,Easy
5362,1,1,0.5414866,True,1,0.8418569,True,1,0.97682184,True,0.9679257,0.50418013,0.75668347,Easy
5363,0,0,0.5682905,True,0,0.9762573,True,0,0.9877939,True,0.9635268,0.5327769,0.8105909,Easy
5364,1,1,0.53717756,True,1,0.53060395,True,1,0.6924256,True,0.96934587,0.513522,0.90634763,Easy
5365,1,1,0.5125615,True,0,0.8705064,False,1,0.8439566,True,0.9687673,0.52009594,0.7845346,Graph_Only
5366,0,0,0.5206409,True,1,0.554317,False,0,0.7784094,True,0.9690151,0.5182527,0.81083524,Graph_Only
5367,0,0,0.61674654,True,0,0.8840004,True,0,0.9868508,True,0.96564454,0.526301,0.0,Easy
5368,0,0,0.6205058,True,0,0.72203904,True,0,0.8089799,True,0.96923035,0.5177777,0.8283481,Easy
5369,0,0,0.6108007,True,0,0.62713194,True,0,0.98641694,True,0.9706123,0.51634604,0.8216722,Easy
5370,1,0,0.61030596,False,0,0.5737999,False,1,0.6088559,True,0.968987,0.5259481,0.88007104,Graph_Only
5371,0,0,0.68931794,True,0,0.7150641,True,0,0.99188143,True,0.968377,0.51135975,0.8654467,Easy
5372,1,0,0.57582515,False,0,0.50237817,False,0,0.75605834,False,0.9701768,0.5180515,0.8300829,Hard
5373,0,1,0.5526555,False,1,0.5023206,False,1,0.5412821,False,0.9690969,0.5231327,0.78002733,Hard
5374,1,0,0.5840608,False,0,0.87585205,False,0,0.9075419,False,0.9705369,0.5226086,0.8602173,Hard
5375,1,0,0.5574382,False,1,0.578235,True,1,0.68842113,True,0.96872646,0.50785327,0.88635993,Easy
5376,0,0,0.5590845,True,1,0.75376874,False,1,0.51184404,False,0.9690001,0.5024065,0.0,Hard
5377,1,1,0.56866527,True,1,0.8629148,True,1,0.99300635,True,0.9639355,0.5128721,0.8249278,Easy
5378,0,0,0.6031538,True,1,0.56157345,False,0,0.74522716,True,0.9722314,0.50919443,0.0,Graph_Only
5379,1,1,0.5132843,True,1,0.58966523,True,1,0.5187197,True,0.96911746,0.51538926,0.77034724,Easy
5380,1,1,0.55981135,True,1,0.78553843,True,1,0.9361574,True,0.9671222,0.51222783,0.93543875,Easy
5381,1,0,0.50542945,False,0,0.63697636,False,1,0.7653844,True,0.97315276,0.52477556,0.7832051,Graph_Only
5382,1,1,0.55775934,True,1,0.87541157,True,1,0.9855381,True,0.964875,0.5045751,0.0,Easy
5383,0,0,0.5844355,True,0,0.87546897,True,0,0.97783875,True,0.9656927,0.52407306,0.77932847,Easy
5384,1,1,0.5113448,True,1,0.8214408,True,1,0.81400394,True,0.9659016,0.5014054,0.8773225,Easy
5385,1,1,0.5308753,True,1,0.9334235,True,1,0.9954554,True,0.9641694,0.50450087,0.8122076,Easy
5386,1,1,0.5015333,True,1,0.83282256,True,1,0.9804704,True,0.96617407,0.5046957,0.7492237,Easy
5387,0,1,0.5620214,False,1,0.64311767,False,1,0.75958365,False,0.96567106,0.5128571,0.9365349,Hard
5388,0,0,0.5185593,True,1,0.75992125,False,0,0.54521143,True,0.96902484,0.49867833,0.9434257,Graph_Only
5389,0,1,0.5101443,False,1,0.6940956,False,1,0.70723385,False,0.967579,0.50192255,0.9088683,Hard
5390,0,0,0.5768069,True,0,0.6924129,True,0,0.9104998,True,0.971749,0.515186,0.0,Easy
5391,0,0,0.6130969,True,0,0.528369,True,1,0.55622965,False,0.96898234,0.51536214,0.8762636,Text_Only
5392,1,0,0.5135949,False,1,0.60523903,True,1,0.778258,True,0.9670416,0.51144505,0.8834083,Easy
5393,0,0,0.61589533,True,1,0.7086407,False,0,0.8463945,True,0.96928346,0.5074214,0.0,Graph_Only
5394,0,1,0.53579324,False,1,0.7772226,False,1,0.92329615,False,0.9677581,0.5072586,0.94220877,Hard
5395,0,0,0.53643006,True,1,0.5677964,False,1,0.7345127,False,0.9656788,0.51471,0.90289086,Hard
5396,0,0,0.5708048,True,0,0.6889645,True,0,0.6552266,True,0.9673645,0.52694345,0.874163,Easy
5397,0,0,0.6261765,True,1,0.6154447,False,0,0.6317168,True,0.9688158,0.50715464,0.0,Graph_Only
5398,1,1,0.5118679,True,1,0.816533,True,1,0.92154485,True,0.9668244,0.49938133,0.8442403,Easy
5399,0,0,0.5740221,True,0,0.5756292,True,0,0.8342798,True,0.96997136,0.519121,0.0,Easy
5400,0,1,0.53739864,False,1,0.78953576,False,1,0.84154016,False,0.96698415,0.5094595,0.9566876,Hard
5401,0,0,0.59511006,True,0,0.8952643,True,0,0.9945321,True,0.96603835,0.5217367,0.9339709,Easy
5402,0,0,0.59703445,True,0,0.79859644,True,0,0.9160483,True,0.96938074,0.5277116,0.80823183,Easy
5403,1,1,0.5400587,True,1,0.9273082,True,1,0.99793625,True,0.9625019,0.506854,0.90547055,Easy
5404,0,0,0.74365115,True,1,0.59782827,False,0,0.95897216,True,0.9698144,0.51091945,0.827054,Graph_Only
5405,0,0,0.5526036,True,0,0.931731,True,0,0.9913027,True,0.9678347,0.5233099,0.9216136,Easy
5406,0,0,0.6548236,True,0,0.5879052,True,0,0.69204944,True,0.96940476,0.5180369,0.0,Easy
5407,0,0,0.7158627,True,0,0.5387173,True,0,0.7484135,True,0.96650314,0.5155388,0.0,Easy
5408,1,1,0.5611093,True,1,0.83142823,True,1,0.99692875,True,0.96850306,0.51232076,0.81325835,Easy
5409,1,0,0.6029371,False,1,0.5225001,True,0,0.50049603,False,0.96677923,0.51542467,0.8297318,Text_Only
5410,1,1,0.5261418,True,1,0.90920126,True,1,0.9912982,True,0.9652552,0.50305456,0.8044503,Easy
5411,1,1,0.5555569,True,1,0.83438325,True,1,0.9840322,True,0.9664868,0.5086035,0.93701273,Easy
5412,0,0,0.51044613,True,1,0.74097764,False,0,0.6738286,True,0.967754,0.5153762,0.89074385,Graph_Only
5413,1,0,0.5474063,False,1,0.9405559,True,1,0.82279843,True,0.9647664,0.4883974,0.0,Easy
5414,0,0,0.5461525,True,0,0.7647173,True,0,0.9702383,True,0.96989495,0.5158804,0.77498484,Easy
5415,1,1,0.54777324,True,1,0.5610959,True,1,0.9356499,True,0.9666761,0.516003,0.90700614,Easy
5416,1,1,0.5192264,True,1,0.8670997,True,1,0.9669215,True,0.9649577,0.506696,0.88443637,Easy
5417,0,0,0.55029327,True,0,0.94699645,True,0,0.99715745,True,0.96751046,0.52642775,0.88213515,Easy
5418,1,0,0.56144744,False,0,0.7715097,False,1,0.6094621,True,0.96785635,0.5250039,0.8509552,Graph_Only
5419,0,0,0.67852706,True,0,0.53084457,True,0,0.6667394,True,0.9674982,0.5180574,0.889897,Easy
5420,1,1,0.53160363,True,1,0.7300321,True,0,0.6584205,False,0.9680621,0.51192343,0.8477066,Text_Only
5421,1,0,0.5219599,False,1,0.64601064,True,1,0.5267299,True,0.9685308,0.5079007,0.7954885,Easy
5422,1,1,0.51763535,True,1,0.855829,True,1,0.98849666,True,0.9677471,0.50500816,0.7908106,Easy
5423,0,0,0.6946902,True,0,0.5001017,True,0,0.69652134,True,0.9706154,0.5123443,0.82282126,Easy
5424,1,1,0.54171205,True,1,0.8842378,True,1,0.99635243,True,0.96316147,0.5069196,0.9064752,Easy
5425,0,0,0.5081162,True,1,0.82741344,False,1,0.9414754,False,0.9681505,0.4996185,0.0,Hard
5426,1,1,0.53145736,True,1,0.71966267,True,1,0.92960286,True,0.9680759,0.50381,0.0,Easy
5427,0,0,0.59861296,True,0,0.91730464,True,0,0.9623603,True,0.96757567,0.5231513,0.0,Easy
5428,1,1,0.5700596,True,1,0.66580075,True,1,0.88564736,True,0.9682308,0.51548135,0.92708933,Easy
5429,0,0,0.6058805,True,0,0.5644571,True,0,0.80743074,True,0.9705929,0.5152469,0.904618,Easy
5430,0,1,0.5380558,False,0,0.5545496,True,1,0.753577,False,0.96975386,0.5101052,0.0,Text_Only
5431,1,1,0.5496867,True,1,0.6713571,True,1,0.75934935,True,0.96773785,0.5090464,0.9340991,Easy
5432,0,0,0.57721573,True,0,0.5901628,True,0,0.750136,True,0.9680518,0.5190979,0.0,Easy
5433,1,0,0.52436024,False,0,0.73325807,False,1,0.5449024,True,0.9682429,0.5229121,0.8155034,Graph_Only
5434,1,0,0.5063027,False,1,0.76679474,True,1,0.8041863,True,0.96769077,0.5053792,0.93113613,Easy
5435,0,0,0.5614147,True,0,0.9018851,True,0,0.99110794,True,0.96760434,0.5212878,0.0,Easy
5436,0,1,0.52619886,False,1,0.80465335,False,1,0.6669248,False,0.96799624,0.5123386,0.76458585,Hard
5437,1,0,0.50758004,False,1,0.5586288,True,1,0.8098987,True,0.966653,0.51893765,0.8883827,Easy
5438,1,1,0.55623376,True,1,0.7320813,True,1,0.84330195,True,0.96656716,0.5115067,0.898221,Easy
5439,1,0,0.5534978,False,1,0.6809386,True,0,0.5805716,False,0.97015214,0.50487155,0.7775185,Text_Only
5440,0,0,0.6008041,True,0,0.7309223,True,0,0.7787892,True,0.96883786,0.5247903,0.82768,Easy
5441,1,1,0.5401654,True,1,0.9217097,True,1,0.964698,True,0.96538174,0.50669783,0.83920354,Easy
5442,0,0,0.5629072,True,0,0.78782725,True,0,0.997758,True,0.9683534,0.51409006,0.8548772,Easy
5443,0,0,0.55979496,True,0,0.7960062,True,0,0.9955149,True,0.9723357,0.5169832,0.8414936,Easy
5444,0,0,0.56105167,True,0,0.9478262,True,0,0.9812447,True,0.9679208,0.5313127,0.0,Easy
5445,1,0,0.58197993,False,1,0.691011,True,0,0.50017077,False,0.96863353,0.5038861,0.8473543,Text_Only
5446,0,0,0.53380644,True,1,0.75774145,False,1,0.6445068,False,0.96599436,0.5055316,0.0,Hard
5447,1,1,0.5042247,True,1,0.8463284,True,0,0.5605088,False,0.9684509,0.49875426,0.0,Text_Only
5448,0,0,0.65823394,True,1,0.51117057,False,0,0.90527153,True,0.9687704,0.51242006,0.8818039,Graph_Only
5449,0,0,0.56797665,True,0,0.96513754,True,0,0.9964168,True,0.96503294,0.5272023,0.0,Easy
5450,1,1,0.53386223,True,1,0.85630435,True,1,0.9701947,True,0.966589,0.5104222,0.9244017,Easy
5451,1,1,0.548824,True,1,0.90134704,True,1,0.98309624,True,0.96347725,0.5019582,0.0,Easy
5452,1,1,0.5253283,True,1,0.9142618,True,1,0.9379694,True,0.96827,0.50242203,0.6710024,Easy
5453,0,0,0.5680154,True,0,0.9451182,True,0,0.9992287,True,0.963357,0.52827424,0.7487416,Easy
5454,0,0,0.63773745,True,1,0.6345963,False,0,0.9523327,True,0.9716872,0.5106329,0.7626706,Graph_Only
5455,0,0,0.6130172,True,0,0.705618,True,0,0.8669729,True,0.9684231,0.51959765,0.0,Easy
5456,0,1,0.51174986,False,1,0.92248195,False,1,0.6995041,False,0.96501064,0.49872747,0.73822486,Hard
5457,0,0,0.5994306,True,0,0.78096765,True,0,0.8960466,True,0.96720487,0.5197551,0.0,Easy
5458,0,0,0.6444669,True,0,0.73317844,True,0,0.9025715,True,0.9689598,0.51980567,0.83670515,Easy
5459,1,1,0.5224913,True,1,0.83781135,True,1,0.9879802,True,0.9653388,0.5087707,0.9324267,Easy
5460,1,0,0.6477959,False,0,0.58428234,False,0,0.95488983,False,0.9691967,0.5128665,0.7872671,Hard
5461,1,1,0.58554286,True,1,0.58784634,True,1,0.89553213,True,0.966699,0.5193458,0.8609872,Easy
5462,0,0,0.65570307,True,1,0.6046713,False,0,0.80766165,True,0.96495295,0.5094696,0.8400814,Graph_Only
5463,0,0,0.5583019,True,0,0.97926575,True,0,0.99848086,True,0.9627775,0.53611755,0.797689,Easy
5464,0,0,0.54477584,True,0,0.8871846,True,0,0.9385957,True,0.9718696,0.52384734,0.81189835,Easy
5465,1,1,0.5119101,True,1,0.5217857,True,1,0.901746,True,0.9677597,0.5125492,0.0,Easy
5466,0,0,0.5535095,True,0,0.7401153,True,0,0.9962568,True,0.97143996,0.51979804,0.7820521,Easy
5467,0,0,0.58826244,True,1,0.6390967,False,0,0.89797187,True,0.9685258,0.50461864,0.0,Graph_Only
5468,0,0,0.5331728,True,0,0.7244665,True,0,0.6988008,True,0.97191817,0.5141887,0.88337564,Easy
5469,1,1,0.6355757,True,1,0.5638272,True,1,0.9484389,True,0.96950775,0.52225393,0.8415255,Easy
5470,1,0,0.5638007,False,1,0.5783784,True,0,0.64356744,False,0.9671963,0.5166884,0.88438046,Text_Only
5471,1,0,0.52648795,False,1,0.85228264,True,1,0.86480165,True,0.9661099,0.50809354,0.88337463,Easy
5472,0,1,0.5031528,False,1,0.6387733,False,0,0.74255437,True,0.9672953,0.5156425,0.85378605,Graph_Only
5473,0,0,0.66325986,True,0,0.64651734,True,0,0.983337,True,0.9664639,0.5117958,0.9070401,Easy
5474,1,1,0.52468956,True,1,0.87513673,True,1,0.98934245,True,0.9684218,0.50187373,0.6815812,Easy
5475,1,0,0.5179234,False,1,0.7307465,True,1,0.9569385,True,0.96509326,0.5065551,0.7750094,Easy
5476,0,0,0.59331274,True,0,0.67560416,True,0,0.94232094,True,0.9701489,0.52364695,0.8435348,Easy
5477,1,1,0.50104624,True,1,0.7010058,True,1,0.9893969,True,0.968292,0.5169589,0.8451593,Easy
5478,1,1,0.52138734,True,1,0.71766686,True,1,0.8946644,True,0.96675074,0.51434386,0.876256,Easy
5479,0,0,0.5836046,True,0,0.70197403,True,0,0.9768325,True,0.9695821,0.5150032,0.8261334,Easy
5480,1,1,0.5845962,True,1,0.76248217,True,1,0.89929736,True,0.9656513,0.51281846,0.80065525,Easy
5481,0,0,0.67589414,True,1,0.5120135,False,0,0.8193941,True,0.96784306,0.51231974,0.8952221,Graph_Only
5482,1,1,0.6223614,True,1,0.5537464,True,1,0.787925,True,0.9670509,0.52274865,0.9484222,Easy
5483,1,0,0.5346786,False,1,0.786938,True,1,0.75362146,True,0.96588343,0.4995053,0.0,Easy
5484,0,0,0.61544776,True,0,0.64640903,True,0,0.7442796,True,0.96789676,0.5129217,0.93971187,Easy
5485,1,1,0.51460963,True,0,0.81383985,False,1,0.91462547,True,0.9705883,0.5214311,0.74210733,Graph_Only
5486,0,0,0.590406,True,0,0.7458878,True,0,0.58554006,True,0.9688155,0.516144,0.8893661,Easy
5487,1,1,0.5998009,True,1,0.59626305,True,1,0.79436284,True,0.9671938,0.518749,0.930751,Easy
5488,0,1,0.5291795,False,1,0.66566056,False,1,0.9215073,False,0.9675932,0.51804835,0.87020826,Hard
5489,0,0,0.53986365,True,0,0.5814249,True,0,0.79692405,True,0.96961844,0.5193572,0.88648975,Easy
5490,0,0,0.5355014,True,1,0.7536148,False,1,0.7223697,False,0.96531343,0.5086975,0.908759,Hard
5491,1,1,0.55202067,True,0,0.52270865,False,1,0.5811829,True,0.9692944,0.5210708,0.8949615,Graph_Only
5492,0,0,0.6231201,True,0,0.7309937,True,0,0.97304285,True,0.9682563,0.5129886,0.9124032,Easy
5493,1,1,0.5476561,True,1,0.7732371,True,1,0.9638089,True,0.9662726,0.5171493,0.88321936,Easy
5494,0,0,0.5249397,True,1,0.83813006,False,1,0.68027216,False,0.965923,0.49938935,0.8677099,Hard
5495,0,0,0.62206817,True,1,0.5180774,False,0,0.54592335,True,0.9689369,0.50877035,0.8849858,Graph_Only
5496,0,1,0.55946213,False,1,0.5840139,False,0,0.6698436,True,0.9679969,0.5195089,0.8899528,Graph_Only
5497,1,0,0.5522984,False,0,0.8829182,False,0,0.6603828,False,0.96917546,0.5321106,0.9099362,Hard
5498,1,0,0.6128976,False,1,0.5080038,True,0,0.7770989,False,0.96862626,0.5117693,0.95064247,Text_Only
5499,0,0,0.54367256,True,0,0.93845004,True,0,0.97249705,True,0.9682557,0.52986944,0.0,Easy
5500,0,0,0.617347,True,0,0.77844137,True,0,0.96261793,True,0.96702945,0.5185294,0.9216278,Easy
5501,0,0,0.6177868,True,0,0.64750963,True,0,0.9179652,True,0.9718536,0.521288,0.908677,Easy
5502,1,1,0.5106675,True,1,0.94557714,True,1,0.9690842,True,0.9631438,0.49895453,0.8161788,Easy
5503,1,1,0.52012724,True,1,0.7533948,True,1,0.9504808,True,0.9681842,0.50118107,0.0,Easy
5504,1,1,0.5198415,True,1,0.76720744,True,1,0.87892604,True,0.9661646,0.5112278,0.8422346,Easy
5505,1,1,0.5473842,True,1,0.8977049,True,1,0.9899856,True,0.9666053,0.5063288,0.8094939,Easy
5506,1,1,0.53658426,True,1,0.85029685,True,1,0.9096591,True,0.9652215,0.503425,0.92591834,Easy
5507,1,1,0.50416774,True,1,0.89470553,True,1,0.9257889,True,0.96483016,0.50129867,0.88301265,Easy
5508,0,0,0.6202652,True,0,0.5229535,True,0,0.91779923,True,0.9684639,0.5186908,0.85727644,Easy
5509,1,1,0.550819,True,1,0.8223502,True,1,0.94702137,True,0.9647796,0.5116034,0.9216957,Easy
5510,0,0,0.549667,True,0,0.57671994,True,0,0.58295137,True,0.9683325,0.51105356,0.881048,Easy
5511,1,1,0.532181,True,1,0.80322725,True,1,0.9323301,True,0.96496296,0.5105803,0.77057797,Easy
5512,1,1,0.5025301,True,1,0.8480862,True,1,0.94743943,True,0.9643805,0.5093751,0.8589666,Easy
5513,1,1,0.5268474,True,1,0.9121827,True,1,0.94296837,True,0.96384585,0.49956268,0.8931415,Easy
5514,0,0,0.6471747,True,0,0.5343171,True,0,0.8404644,True,0.96605814,0.5186958,0.9071851,Easy
5515,0,0,0.6285785,True,0,0.666936,True,0,0.88687414,True,0.9676174,0.5168005,0.8923334,Easy
5516,1,0,0.5993027,False,1,0.59996754,True,0,0.6610109,False,0.9680536,0.5070633,0.88920283,Text_Only
5517,1,0,0.5242653,False,1,0.8171979,True,1,0.62936556,True,0.9681594,0.5016821,0.87025297,Easy
5518,0,0,0.52132344,True,1,0.7336534,False,1,0.5585592,False,0.9657541,0.5112196,0.8737001,Hard
5519,1,1,0.52564555,True,1,0.9683634,True,1,0.99395305,True,0.9587515,0.4995997,0.8546989,Easy
5520,0,0,0.5266108,True,0,0.9440406,True,0,0.9986999,True,0.965732,0.5219655,0.8349792,Easy
5521,0,0,0.5282881,True,1,0.6775701,False,0,0.55450153,True,0.9666647,0.5165406,0.90152013,Graph_Only
5522,1,0,0.62645227,False,1,0.5129169,True,1,0.5282233,True,0.96648633,0.5141192,0.897682,Easy
5523,0,0,0.54440355,True,1,0.7050809,False,0,0.50013214,True,0.96708214,0.5140267,0.90892076,Graph_Only
5524,1,1,0.50547194,True,1,0.7305563,True,1,0.7712376,True,0.96714306,0.50073045,0.8739041,Easy
5525,1,0,0.5233937,False,1,0.5567839,True,1,0.70928764,True,0.9701542,0.5131416,0.8515533,Easy
5526,1,1,0.508782,True,1,0.8707771,True,1,0.84010047,True,0.96523607,0.506673,0.85636026,Easy
5527,0,0,0.51156664,True,1,0.75039345,False,1,0.785725,False,0.96527666,0.5144505,0.8847513,Hard
5528,0,0,0.5849734,True,0,0.8564048,True,0,0.9827176,True,0.9662119,0.51768774,0.91800094,Easy
5529,1,0,0.51152575,False,1,0.68850535,True,1,0.7547213,True,0.96593356,0.51319385,0.8013184,Easy
5530,0,0,0.57144374,True,0,0.89028186,True,0,0.96503043,True,0.96685046,0.52397305,0.7986045,Easy
5531,0,0,0.68226266,True,1,0.5472579,False,0,0.9561758,True,0.96792865,0.505543,0.8539784,Graph_Only
5532,1,1,0.5250799,True,1,0.8941392,True,1,0.989602,True,0.967633,0.5039584,0.7122032,Easy
5533,1,1,0.53482544,True,0,0.6197882,False,1,0.8081417,True,0.96876806,0.5194058,0.9182795,Graph_Only
5534,1,1,0.58663654,True,1,0.55306387,True,1,0.91436684,True,0.969145,0.51934195,0.7938154,Easy
5535,0,0,0.5220247,True,1,0.8350157,False,1,0.82987386,False,0.96442616,0.5017722,0.8490327,Hard
5536,1,0,0.51676977,False,1,0.76471335,True,1,0.7272408,True,0.9694023,0.4984771,0.9228549,Easy
5537,1,1,0.50854194,True,1,0.7839052,True,1,0.92969126,True,0.96428275,0.51043135,0.9092393,Easy
5538,1,0,0.59338164,False,0,0.8298589,False,0,0.8953575,False,0.965785,0.520141,0.92919457,Hard
5539,0,0,0.6265237,True,0,0.69545007,True,0,0.86352605,True,0.96746427,0.51848084,0.8983638,Easy
5540,0,0,0.59935135,True,0,0.54548264,True,0,0.9761189,True,0.9696474,0.5073843,0.91792524,Easy
5541,0,0,0.5355922,True,0,0.9369387,True,0,0.9955468,True,0.96604824,0.5186893,0.83972526,Easy
5542,1,0,0.5452699,False,1,0.6827789,True,1,0.7384091,True,0.9665952,0.51213217,0.91044545,Easy
5543,1,0,0.5095556,False,1,0.5685211,True,0,0.618189,False,0.9677753,0.5186574,0.89625,Text_Only
5544,0,0,0.58634263,True,0,0.84732467,True,0,0.89585406,True,0.9724935,0.51622665,0.81264955,Easy
5545,1,1,0.6091235,True,1,0.6146138,True,1,0.6503319,True,0.96820444,0.5168154,0.91684777,Easy
5546,0,0,0.59146905,True,0,0.7248904,True,0,0.9066649,True,0.9666565,0.51402044,0.8677081,Easy
5547,1,1,0.50722647,True,1,0.829369,True,1,0.94970334,True,0.9638176,0.51282585,0.86198217,Easy
5548,1,0,0.586166,False,1,0.515427,True,1,0.5876196,True,0.97180843,0.5111932,0.8117383,Easy
5549,0,0,0.6215808,True,0,0.77123636,True,0,0.8351534,True,0.96762735,0.5197151,0.93673325,Easy
5550,0,0,0.53345007,True,0,0.89060694,True,0,0.9956168,True,0.9678986,0.5160447,0.8502824,Easy
5551,1,1,0.5629898,True,1,0.74762064,True,1,0.98255515,True,0.96918184,0.5118911,0.8926439,Easy
5552,1,1,0.51651585,True,1,0.7863668,True,1,0.98797625,True,0.96907663,0.5050499,0.87571365,Easy
5553,1,1,0.56573695,True,1,0.74151605,True,1,0.9518418,True,0.9660661,0.5157047,0.9370098,Easy
5554,1,1,0.5847001,True,1,0.8485753,True,1,0.9639679,True,0.9645182,0.5061636,0.90015554,Easy
5555,0,0,0.6157753,True,0,0.7678545,True,0,0.9917367,True,0.96688616,0.5150466,0.9397415,Easy
5556,0,0,0.51378584,True,1,0.8641147,False,1,0.80574554,False,0.96503794,0.5058156,0.8767121,Hard
5557,0,0,0.54777503,True,0,0.90038973,True,0,0.99592423,True,0.9659296,0.5179193,0.83702135,Easy
5558,1,0,0.6143845,False,0,0.6404602,False,0,0.7169068,False,0.96926403,0.52462566,0.83424735,Hard
5559,0,0,0.5744533,True,0,0.76149833,True,0,0.6594648,True,0.9699102,0.5203337,0.0,Easy
5560,0,0,0.5829823,True,0,0.7246657,True,0,0.6461983,True,0.9696587,0.51984626,0.87657017,Easy
5561,1,1,0.5482737,True,1,0.7056831,True,1,0.928672,True,0.9661933,0.5142003,0.77782124,Easy
5562,1,1,0.5866551,True,1,0.7179396,True,1,0.96003467,True,0.9665527,0.5177204,0.91589546,Easy
5563,1,0,0.510672,False,1,0.6205238,True,1,0.8606068,True,0.9646042,0.5208325,0.90647614,Easy
5564,0,1,0.502561,False,1,0.91061974,False,1,0.6876011,False,0.9642112,0.49531442,0.90586424,Hard
5565,1,1,0.5290652,True,1,0.8709018,True,1,0.96140844,True,0.96777725,0.50374293,0.8205048,Easy
5566,0,0,0.57308084,True,0,0.89809984,True,0,0.89838296,True,0.9691171,0.5284641,0.8734225,Easy
5567,1,0,0.5374639,False,1,0.82240254,True,0,0.51271766,False,0.96847284,0.5002359,0.86006474,Text_Only
5568,0,1,0.57032704,False,1,0.69277275,False,1,0.62563545,False,0.9661817,0.5169636,0.7611909,Hard
5569,0,0,0.6742494,True,0,0.5078903,True,0,0.9442617,True,0.96697223,0.5137438,0.82990795,Easy
5570,1,1,0.5355558,True,1,0.742005,True,1,0.87597847,True,0.96678054,0.506653,0.91928685,Easy
5571,0,0,0.5910556,True,0,0.91233605,True,0,0.97914886,True,0.96901673,0.52383983,0.844535,Easy
5572,0,0,0.6489544,True,0,0.5073559,True,0,0.9680215,True,0.9705144,0.509427,0.9369025,Easy
5573,1,1,0.51527303,True,1,0.8713914,True,1,0.8855617,True,0.96445554,0.4960045,0.88688624,Easy
5574,1,1,0.5907918,True,1,0.6920601,True,1,0.71648633,True,0.97013557,0.51244897,0.830704,Easy
5575,0,0,0.60049796,True,0,0.85174507,True,0,0.99179476,True,0.96786046,0.51528794,0.9168633,Easy
5576,1,0,0.506961,False,1,0.96226203,True,1,0.98866045,True,0.96130514,0.4941086,0.79510003,Easy
5577,1,1,0.51125044,True,1,0.9105514,True,1,0.9890387,True,0.9658393,0.5032912,0.7811693,Easy
5578,1,0,0.5559868,False,1,0.64688647,True,0,0.72573817,False,0.96706504,0.5050641,0.8532909,Text_Only
5579,1,1,0.50824636,True,1,0.8414024,True,1,0.91379064,True,0.9661373,0.5085834,0.86985505,Easy
5580,1,0,0.50249624,False,1,0.517706,True,0,0.5495443,False,0.9700935,0.5164145,0.84640133,Text_Only
5581,1,1,0.5639813,True,1,0.90373844,True,1,0.9787779,True,0.96535283,0.50676745,0.82307124,Easy
5582,1,1,0.54825443,True,1,0.668812,True,1,0.93663,True,0.9724153,0.5071302,0.7960489,Easy
5583,0,0,0.6683599,True,0,0.60345066,True,0,0.95956564,True,0.9673345,0.51508904,0.8316434,Easy
5584,1,1,0.55851704,True,0,0.6423412,False,1,0.77891856,True,0.97000575,0.52368146,0.7920605,Graph_Only
5585,0,0,0.57125324,True,0,0.76802576,True,0,0.85298425,True,0.96821433,0.5169143,0.8887361,Easy
5586,1,1,0.5569297,True,1,0.587556,True,1,0.908822,True,0.96650165,0.51584464,0.9045539,Easy
5587,1,1,0.5461754,True,1,0.93844974,True,1,0.9966723,True,0.963853,0.501272,0.8149726,Easy
5588,1,1,0.5149254,True,1,0.6483125,True,1,0.87969315,True,0.96895725,0.50864166,0.78675663,Easy
5589,1,1,0.5306511,True,1,0.72764224,True,1,0.7494034,True,0.9686575,0.5121598,0.8601335,Easy
5590,1,1,0.5026125,True,1,0.7359618,True,1,0.9822655,True,0.966905,0.5143882,0.8795141,Easy
5591,1,1,0.5307268,True,1,0.8598649,True,1,0.9861748,True,0.9682145,0.5041138,0.8098688,Easy
5592,1,0,0.53194636,False,1,0.6648814,True,1,0.7658195,True,0.96662354,0.5088879,0.0,Easy
5593,0,0,0.56992185,True,1,0.6726549,False,1,0.5574594,False,0.96701336,0.5041505,0.8211813,Hard
5594,0,0,0.5752429,True,0,0.913832,True,0,0.9921138,True,0.9688566,0.5268124,0.0,Easy
5595,1,0,0.58994234,False,0,0.80479336,False,0,0.7461882,False,0.9684689,0.52321976,0.88276863,Hard
5596,0,0,0.51716083,True,1,0.8038862,False,1,0.7578428,False,0.96404773,0.502081,0.0,Hard
5597,1,1,0.53154355,True,1,0.66658527,True,1,0.8848583,True,0.9686319,0.50903976,0.8230661,Easy
5598,1,0,0.66719764,False,0,0.6750942,False,0,0.875286,False,0.96648425,0.5148824,0.90694106,Hard
5599,1,1,0.5133821,True,1,0.5636396,True,1,0.83465093,True,0.969097,0.51162004,0.8506328,Easy
5600,1,1,0.56362015,True,1,0.5338039,True,1,0.9408765,True,0.9675663,0.5208213,0.80041397,Easy
5601,0,0,0.5188725,True,1,0.6143422,False,1,0.8650073,False,0.9698987,0.5144954,0.8604729,Hard
5602,1,0,0.54149157,False,1,0.6676971,True,1,0.64966565,True,0.9668102,0.50925875,0.897603,Easy
5603,0,0,0.51293033,True,1,0.8320004,False,1,0.5222835,False,0.96588665,0.4937799,0.91569424,Hard
5604,0,0,0.5808855,True,0,0.5205379,True,0,0.66115844,True,0.96797085,0.52173865,0.8780331,Easy
5605,1,0,0.50114715,False,1,0.83220714,True,1,0.9461188,True,0.96533835,0.50504315,0.8586509,Easy
5606,1,0,0.5736527,False,0,0.8556889,False,0,0.9883837,False,0.96933186,0.51958567,0.84394896,Hard
5607,1,0,0.5524632,False,1,0.68556726,True,1,0.8472478,True,0.9677496,0.52059245,0.794662,Easy
5608,1,0,0.523381,False,1,0.7675116,True,1,0.5562192,True,0.9661381,0.49880132,0.8865644,Easy
5609,0,0,0.5341416,True,1,0.6635358,False,1,0.7435413,False,0.968909,0.5084252,0.84584415,Hard
5610,0,0,0.58892286,True,0,0.8852876,True,0,0.92088395,True,0.96956974,0.5274834,0.7602831,Easy
5611,1,0,0.5256893,False,0,0.8857767,False,1,0.59831434,True,0.9683231,0.53303814,0.7895416,Graph_Only
5612,1,0,0.5360594,False,1,0.8084235,True,1,0.6602281,True,0.96493036,0.50049555,0.80795616,Easy
5613,0,0,0.5061339,True,0,0.6447444,True,0,0.6368547,True,0.9752471,0.5152265,0.7737773,Easy
5614,0,0,0.5874806,True,0,0.5852187,True,1,0.5681409,False,0.96653175,0.5207683,0.9090984,Text_Only
5615,1,1,0.5085313,True,1,0.8078745,True,1,0.8308997,True,0.96676195,0.5090176,0.87497085,Easy
5616,0,0,0.5841128,True,0,0.886291,True,0,0.995201,True,0.9677857,0.5203771,0.8973564,Easy
5617,0,0,0.687614,True,0,0.5183019,True,0,0.74520916,True,0.96746725,0.5132466,0.90195835,Easy
5618,0,0,0.6034507,True,1,0.784119,False,0,0.93378675,True,0.9667306,0.4923491,0.9386167,Graph_Only
5619,1,1,0.55096567,True,1,0.9214282,True,1,0.99105436,True,0.9652525,0.49973166,0.83764124,Easy
5620,0,0,0.596562,True,0,0.75958735,True,0,0.7782944,True,0.972789,0.51543134,0.8340126,Easy
5621,0,0,0.59166807,True,0,0.80257696,True,0,0.9476912,True,0.97059023,0.5230139,0.9156002,Easy
5622,1,0,0.5188181,False,1,0.68604606,True,1,0.8890398,True,0.9681895,0.5062768,0.843961,Easy
5623,1,1,0.60336745,True,1,0.68858093,True,1,0.9866159,True,0.96985114,0.51526535,0.8890263,Easy
5624,1,0,0.63669443,False,1,0.6110305,True,0,0.8028107,False,0.96743417,0.5090709,0.8076941,Text_Only
5625,1,0,0.5629132,False,1,0.6799829,True,1,0.6390928,True,0.96721876,0.5093248,0.8648832,Easy
5626,0,0,0.6417445,True,0,0.56646335,True,0,0.8399228,True,0.9667456,0.51831955,0.9109626,Easy
5627,0,0,0.6223417,True,0,0.86538875,True,0,0.984622,True,0.9659744,0.51837313,0.0,Easy
5628,0,0,0.5431496,True,1,0.60907274,False,0,0.527709,True,0.96644795,0.5119756,0.8923459,Graph_Only
5629,0,0,0.53905326,True,1,0.67486954,False,0,0.68055755,True,0.9665722,0.51431775,0.9046211,Graph_Only
5630,1,0,0.5124932,False,1,0.7569779,True,1,0.8763324,True,0.9654279,0.50435555,0.90439165,Easy
5631,0,0,0.52813584,True,0,0.9704241,True,0,0.99827397,True,0.96502304,0.5270975,0.7813909,Easy
5632,1,1,0.506049,True,1,0.84265655,True,1,0.9500198,True,0.9678358,0.51296645,0.6975653,Easy
5633,0,0,0.61581707,True,0,0.8168013,True,0,0.9803941,True,0.9682491,0.5202073,0.8713603,Easy
5634,0,0,0.56854904,True,1,0.7547508,False,0,0.64697844,True,0.9671247,0.50618094,0.81065726,Graph_Only
5635,0,0,0.6028181,True,0,0.5237562,True,1,0.5272258,False,0.97019994,0.5066915,0.88918066,Text_Only
5636,1,1,0.52948636,True,1,0.8927983,True,1,0.9738563,True,0.96542084,0.5003923,0.85032654,Easy
5637,1,0,0.50036395,False,1,0.9220933,True,1,0.9410356,True,0.9633498,0.5042846,0.9067082,Easy
5638,1,0,0.5106467,False,1,0.64796007,True,1,0.8490391,True,0.96909666,0.5071337,0.8617071,Easy
5639,1,1,0.5328984,True,1,0.740782,True,1,0.9162598,True,0.9668205,0.51419616,0.8819254,Easy
5640,1,1,0.5520792,True,1,0.8000026,True,1,0.6400061,True,0.9658687,0.51249397,0.7796679,Easy
5641,1,1,0.5286581,True,1,0.97156996,True,1,0.99887913,True,0.9599484,0.49889466,0.8248172,Easy
5642,1,1,0.5415362,True,1,0.6063973,True,1,0.97592056,True,0.9712208,0.51365036,0.7688153,Easy
5643,0,0,0.5475769,True,1,0.5169607,False,0,0.53123826,True,0.9674935,0.51710737,0.7749933,Graph_Only
5644,1,1,0.52385587,True,1,0.8651768,True,1,0.97259945,True,0.96534216,0.5013018,0.8457852,Easy
5645,1,1,0.51993144,True,1,0.9247353,True,1,0.98638433,True,0.96072114,0.50597227,0.83866644,Easy
5646,0,0,0.603789,True,0,0.7567371,True,0,0.9025556,True,0.96959174,0.52647907,0.90501624,Easy
5647,1,1,0.5274321,True,1,0.69092506,True,1,0.8223764,True,0.9672938,0.5167319,0.8486465,Easy
5648,0,0,0.65261644,True,0,0.7519317,True,0,0.9880961,True,0.9652544,0.5188028,0.8273361,Easy
5649,1,0,0.53331107,False,1,0.69739264,True,1,0.6341547,True,0.9665545,0.5036861,0.8424504,Easy
5650,0,0,0.57436436,True,0,0.9087655,True,0,0.95166004,True,0.9701367,0.5197131,0.8745171,Easy
5651,1,0,0.552721,False,0,0.7094348,False,0,0.850448,False,0.9675851,0.5131068,0.8485465,Hard
5652,0,0,0.5262959,True,0,0.92280406,True,0,0.9974075,True,0.9677211,0.522161,0.7652369,Easy
5653,1,0,0.6167961,False,1,0.5350767,True,0,0.60350925,False,0.9687705,0.5116119,0.8588587,Text_Only
5654,1,0,0.5304278,False,1,0.55976313,True,1,0.60626584,True,0.9668949,0.51055056,0.91043854,Easy
5655,0,1,0.5184347,False,1,0.7567464,False,1,0.5660363,False,0.9692171,0.50650275,0.8040528,Hard
5656,1,0,0.5569161,False,1,0.54043406,True,1,0.51571417,True,0.96727115,0.5096175,0.8630812,Easy
5657,1,1,0.52687496,True,0,0.6547934,False,1,0.6322484,True,0.9742838,0.50727814,0.8224082,Graph_Only
5658,1,1,0.51807326,True,1,0.87472636,True,1,0.99022317,True,0.96811825,0.50401324,0.7176008,Easy
5659,1,1,0.57583725,True,1,0.56167156,True,1,0.69719917,True,0.966227,0.52113986,0.9447727,Easy
5660,1,0,0.6178612,False,1,0.520076,True,0,0.5699691,False,0.968048,0.50679713,0.86393607,Text_Only
5661,1,0,0.53644115,False,1,0.71476233,True,0,0.52985126,False,0.9694606,0.5024337,0.8751872,Text_Only
5662,1,1,0.50911695,True,1,0.6601872,True,1,0.74208283,True,0.9684139,0.50048673,0.92414004,Easy
5663,1,1,0.5463679,True,1,0.87155646,True,1,0.9863325,True,0.964069,0.5074081,0.81237614,Easy
5664,1,1,0.5441632,True,1,0.91979486,True,1,0.9955344,True,0.9672658,0.50637925,0.79413927,Easy
5665,1,0,0.57947063,False,0,0.6764382,False,0,0.73924094,False,0.9715323,0.5201974,0.8230351,Hard
5666,1,1,0.5689575,True,1,0.8548792,True,1,0.9938983,True,0.9638772,0.51561445,0.9492117,Easy
5667,1,1,0.56612605,True,1,0.61385083,True,0,0.64460045,False,0.9682717,0.52175474,0.8673066,Text_Only
5668,0,0,0.6383024,True,1,0.61966854,False,0,0.79077125,True,0.96817124,0.50963116,0.8975238,Graph_Only
5669,1,1,0.5168624,True,1,0.87527657,True,1,0.92316824,True,0.96484846,0.5090384,0.88226205,Easy
5670,1,1,0.5183226,True,1,0.96989787,True,1,0.9925566,True,0.9602461,0.4981831,0.83680767,Easy
5671,1,0,0.5074204,False,0,0.90942705,False,0,0.72088414,False,0.9663615,0.5257047,0.7749685,Hard
5672,1,1,0.533189,True,1,0.59266764,True,1,0.58233196,True,0.9693161,0.5143635,0.90289736,Easy
5673,0,0,0.5798574,True,1,0.53345454,False,0,0.9564176,True,0.9670891,0.51256543,0.8196995,Graph_Only
5674,1,1,0.56279135,True,1,0.7293746,True,1,0.9078767,True,0.96606886,0.5062094,0.9192397,Easy
5675,0,0,0.5658252,True,0,0.53192025,True,0,0.8407981,True,0.9719721,0.5198995,0.8038144,Easy
5676,0,0,0.55190104,True,0,0.64724684,True,0,0.82347906,True,0.9657271,0.5214675,0.782415,Easy
5677,1,0,0.5552258,False,0,0.7147544,False,1,0.5291514,True,0.9686045,0.5189063,0.0,Graph_Only
5678,0,0,0.5674707,True,0,0.7472577,True,0,0.7797172,True,0.9674172,0.5257303,0.85726184,Easy
5679,0,0,0.6039685,True,0,0.60464823,True,0,0.7253239,True,0.96824557,0.51949537,0.87459886,Easy
5680,1,1,0.5523917,True,1,0.75361943,True,1,0.9717283,True,0.96411383,0.506024,0.0,Easy
5681,1,0,0.523885,False,1,0.78850144,True,1,0.8938719,True,0.96420956,0.50275713,0.0,Easy
5682,0,0,0.53835297,True,1,0.65621275,False,1,0.5782745,False,0.96704644,0.5064635,0.0,Hard
5683,1,1,0.5503367,True,1,0.9037645,True,1,0.98811764,True,0.96529144,0.50540096,0.76294744,Easy
5684,1,1,0.53078806,True,1,0.6127098,True,1,0.559874,True,0.9675685,0.50894266,0.0,Easy
5685,1,0,0.6428134,False,0,0.56313413,False,0,0.53127104,False,0.9682539,0.5165261,0.0,Hard
5686,1,0,0.5730612,False,0,0.53359294,False,1,0.7503974,True,0.9652498,0.52240354,0.92332876,Graph_Only
5687,1,0,0.57303625,False,0,0.6171061,False,0,0.7572449,False,0.9677347,0.5181525,0.9225407,Hard
5688,0,0,0.6362812,True,0,0.69575614,True,0,0.87402064,True,0.96812737,0.52378327,0.8918131,Easy
5689,0,0,0.51033133,True,1,0.8677622,False,1,0.5848979,False,0.964718,0.5034613,0.9169495,Hard
5690,1,1,0.5608424,True,1,0.91153085,True,1,0.98317325,True,0.96406233,0.50177616,0.0,Easy
5691,1,1,0.5255518,True,1,0.8625832,True,1,0.97121125,True,0.9632539,0.5014904,0.0,Easy
5692,0,0,0.5758928,True,0,0.6182234,True,0,0.75833875,True,0.96896946,0.5280819,0.89296705,Easy
5693,1,1,0.5254828,True,1,0.636807,True,1,0.609527,True,0.9669191,0.5167462,0.948201,Easy
5694,1,1,0.52960247,True,1,0.8453343,True,1,0.9916998,True,0.96651196,0.5087099,0.89060026,Easy
5695,1,1,0.5133972,True,1,0.86784804,True,1,0.9847024,True,0.962894,0.5012519,0.86797184,Easy
5696,1,0,0.56166357,False,0,0.56257445,False,0,0.5291976,False,0.9671103,0.5206861,0.8766763,Hard
5697,0,0,0.5649002,True,1,0.80721486,False,1,0.64770013,False,0.9656816,0.50280297,0.8525425,Hard
5698,1,1,0.5334016,True,1,0.85076624,True,1,0.8919304,True,0.96449256,0.50048786,0.0,Easy
5699,1,1,0.5128042,True,1,0.5048227,True,1,0.7718667,True,0.9654721,0.51172227,0.847738,Easy
5700,0,0,0.63367563,True,0,0.55222446,True,0,0.61099607,True,0.96626794,0.5141597,0.0,Easy
5701,1,0,0.54533917,False,1,0.57729024,True,0,0.81084585,False,0.9690724,0.51170564,0.9136818,Text_Only
5702,1,1,0.5665536,True,1,0.7952486,True,1,0.89209867,True,0.9646019,0.50521845,0.91325647,Easy
5703,0,1,0.53187275,False,1,0.5886227,False,0,0.6607377,True,0.9684477,0.5173975,0.79751015,Graph_Only
5704,1,1,0.53675437,True,1,0.79390264,True,1,0.95627636,True,0.9687144,0.5100829,0.8259415,Easy
5705,0,0,0.5437741,True,1,0.6932453,False,0,0.62555045,True,0.9667027,0.5075924,0.9055287,Graph_Only
5706,1,1,0.5265585,True,1,0.8415212,True,1,0.9400646,True,0.96598566,0.5091346,0.86465484,Easy
5707,0,1,0.5501372,False,1,0.6766093,False,0,0.61111164,True,0.96707916,0.51491094,0.85711956,Graph_Only
5708,1,0,0.5547722,False,0,0.5143256,False,0,0.84380406,False,0.97120166,0.5215587,0.82600164,Hard
5709,1,1,0.5948319,True,1,0.6054513,True,1,0.77072966,True,0.9669003,0.5183158,0.8956522,Easy
5710,1,1,0.5224948,True,1,0.5556941,True,1,0.6082028,True,0.96699196,0.5143247,0.8066908,Easy
5711,1,1,0.5109583,True,1,0.9467631,True,1,0.98247933,True,0.96248806,0.4976011,0.8961021,Easy
5712,1,0,0.63875437,False,0,0.6227812,False,1,0.57566124,True,0.9647599,0.5154526,0.0,Graph_Only
5713,1,1,0.5762768,True,1,0.6142663,True,1,0.62929565,True,0.96825194,0.51748633,0.9094647,Easy
5714,1,1,0.56960213,True,1,0.6339928,True,1,0.7714647,True,0.9697115,0.52079546,0.8194226,Easy
5715,0,0,0.56839526,True,0,0.85914135,True,0,0.94865125,True,0.96938497,0.523098,0.87165624,Easy
5716,1,0,0.5557781,False,0,0.75085676,False,0,0.84677184,False,0.9696896,0.5257572,0.8310758,Hard
5717,0,0,0.61404747,True,0,0.76613903,True,0,0.9474063,True,0.9660475,0.5173581,0.8861699,Easy
5718,0,0,0.550347,True,0,0.969584,True,0,0.99884987,True,0.96299595,0.52596384,0.84190124,Easy
5719,0,0,0.56730306,True,0,0.8959045,True,0,0.9014443,True,0.96806276,0.5200613,0.8573885,Easy
5720,1,1,0.5354808,True,1,0.88581795,True,1,0.99467385,True,0.96394426,0.5064491,0.8943735,Easy
5721,0,0,0.51815516,True,1,0.54048616,False,0,0.67555887,True,0.967773,0.5123291,0.9386177,Graph_Only
5722,0,0,0.6496305,True,0,0.6946796,True,0,0.955475,True,0.96905184,0.5220814,0.7830954,Easy
5723,0,0,0.50090146,True,1,0.86337805,False,0,0.5313292,True,0.9704238,0.50392157,0.79763174,Graph_Only
5724,0,1,0.5714727,False,0,0.5012426,True,0,0.54527646,True,0.9706249,0.5201844,0.76161283,Easy
5725,1,0,0.5073371,False,1,0.83060837,True,1,0.8319991,True,0.96309566,0.5044175,0.7963971,Easy
5726,0,1,0.5185008,False,1,0.621099,False,0,0.6713131,True,0.9669592,0.5184857,0.88869596,Graph_Only
5727,1,1,0.5492777,True,1,0.6149189,True,1,0.90575314,True,0.9670993,0.51308995,0.0,Easy
5728,1,0,0.62692213,False,0,0.70716786,False,0,0.7941074,False,0.96906716,0.5141158,0.89023966,Hard
5729,1,1,0.5481766,True,1,0.8792972,True,1,0.994632,True,0.9676976,0.5057094,0.0,Easy
5730,1,1,0.5491482,True,1,0.93881303,True,1,0.9953153,True,0.961445,0.5035338,0.0,Easy
5731,0,0,0.6311023,True,0,0.7821702,True,0,0.97718585,True,0.9651351,0.51527375,0.8919488,Easy
5732,1,0,0.5385252,False,0,0.50883716,False,0,0.56454927,False,0.96868384,0.5154501,0.9095778,Hard
5733,1,1,0.5279383,True,1,0.81606334,True,1,0.8891175,True,0.96912575,0.5019212,0.866765,Easy
5734,0,0,0.5443258,True,0,0.5419459,True,0,0.7122962,True,0.9687811,0.51734495,0.8941161,Easy
5735,0,0,0.564005,True,0,0.57643163,True,0,0.79959095,True,0.96861005,0.51632535,0.9178287,Easy
5736,0,0,0.5646847,True,1,0.5925103,False,0,0.70352834,True,0.96964276,0.5111694,0.0,Graph_Only
5737,0,0,0.57992226,True,0,0.74055153,True,0,0.8533806,True,0.96576035,0.51376945,0.8751626,Easy
5738,0,1,0.5077634,False,0,0.52446306,True,0,0.5375197,True,0.96768874,0.51518047,0.84235203,Easy
5739,0,0,0.5900433,True,1,0.653689,False,1,0.5819144,False,0.963674,0.51205134,0.0,Hard
5740,0,0,0.5093761,True,1,0.5849607,False,0,0.7491852,True,0.9697912,0.51546735,0.82136554,Graph_Only
5741,0,1,0.553524,False,1,0.5334869,False,1,0.53449863,False,0.9703715,0.51957977,0.7754319,Hard
5742,0,0,0.54337984,True,0,0.58155423,True,0,0.793408,True,0.9688827,0.52345556,0.93919957,Easy
5743,0,1,0.54963654,False,1,0.50396526,False,1,0.5355535,False,0.9709474,0.51520365,0.8467848,Hard
5744,0,0,0.57863486,True,0,0.64814043,True,0,0.93110746,True,0.9689139,0.51993525,0.9035286,Easy
5745,1,1,0.50889015,True,1,0.89695823,True,1,0.9742174,True,0.96456605,0.5018955,0.7929354,Easy
5746,0,1,0.5051556,False,0,0.5045161,True,0,0.678687,True,0.9671933,0.52057976,0.93603814,Easy
5747,1,1,0.5254933,True,1,0.8512179,True,1,0.994507,True,0.9638425,0.5083383,0.8612327,Easy
5748,0,0,0.59668803,True,0,0.8070221,True,0,0.9774129,True,0.9702182,0.52535087,0.8194822,Easy
5749,0,1,0.5338723,False,0,0.56640977,True,0,0.5834185,True,0.97004974,0.51614153,0.844912,Easy
5750,1,1,0.5337704,True,1,0.8796556,True,1,0.97068566,True,0.9678362,0.5065372,0.7821216,Easy
5751,1,1,0.5369461,True,1,0.6594101,True,1,0.56086,True,0.96634185,0.5142305,0.828602,Easy
5752,1,1,0.5883427,True,1,0.5580331,True,1,0.91137135,True,0.9708911,0.519701,0.76787734,Easy
5753,1,0,0.5122248,False,1,0.81075454,True,1,0.6994505,True,0.96473765,0.5000555,0.0,Easy
5754,1,1,0.51202273,True,1,0.7491716,True,1,0.84095985,True,0.96542764,0.50514585,0.0,Easy
5755,0,0,0.5302036,True,0,0.5423193,True,1,0.53447205,False,0.9694652,0.514808,0.88122976,Text_Only
5756,1,0,0.5711393,False,0,0.88336813,False,0,0.6294369,False,0.96667105,0.52369165,0.0,Hard
5757,0,0,0.53539574,True,0,0.506777,True,0,0.7571698,True,0.96712786,0.5201076,0.7569966,Easy
5758,1,0,0.54943955,False,1,0.5706944,True,0,0.57551354,False,0.9659914,0.512533,0.0,Text_Only
5759,0,0,0.53170615,True,0,0.7630736,True,1,0.5373055,False,0.969183,0.5321826,0.87015414,Text_Only
5760,0,1,0.5901301,False,0,0.53718907,True,0,0.710336,True,0.96874416,0.5254219,0.9218058,Easy
5761,0,0,0.63844544,True,0,0.6711248,True,0,0.757573,True,0.9711664,0.51692176,0.0,Easy
5762,1,0,0.6058921,False,0,0.7368691,False,0,0.80559164,False,0.9648691,0.51457137,0.90662515,Hard
5763,1,0,0.51282084,False,1,0.546128,True,0,0.5625692,False,0.96722,0.51020813,0.0,Text_Only
5764,1,1,0.5617202,True,1,0.9203947,True,1,0.98289996,True,0.9646047,0.49830738,0.7272005,Easy
5765,1,0,0.5274878,False,0,0.5954266,False,1,0.87539726,True,0.96438086,0.52173,0.8188183,Graph_Only
5766,1,1,0.53734314,True,0,0.54263407,False,1,0.60270286,True,0.97032565,0.5161672,0.8317342,Graph_Only
5767,0,0,0.5122921,True,1,0.5499524,False,0,0.6020013,True,0.96811444,0.5186106,0.841801,Graph_Only
5768,0,0,0.530447,True,0,0.76992154,True,0,0.7238499,True,0.9687699,0.5246014,0.89614606,Easy
5769,0,0,0.5124306,True,1,0.75705,False,1,0.81222284,False,0.96586156,0.5068375,0.7912942,Hard
5770,1,1,0.57255614,True,1,0.5832195,True,1,0.5623697,True,0.9679316,0.51260924,0.8435204,Easy
5771,1,0,0.5811827,False,0,0.7558496,False,0,0.61805004,False,0.9763689,0.5192711,0.0,Hard
5772,0,1,0.5016451,False,1,0.8847181,False,1,0.56873995,False,0.9659249,0.50223786,0.86338836,Hard
5773,1,1,0.51945853,True,1,0.9704555,True,1,0.9967719,True,0.960989,0.5034054,0.77513015,Easy
5774,1,1,0.58317673,True,1,0.67844397,True,1,0.63816196,True,0.9663876,0.5151603,0.8811501,Easy
5775,1,0,0.60553837,False,0,0.54048985,False,0,0.66059947,False,0.9680897,0.5161553,0.92433846,Hard
5776,1,0,0.50612265,False,1,0.5673547,True,1,0.8279483,True,0.9687629,0.50929093,0.80879784,Easy
5777,1,1,0.54273856,True,1,0.85465354,True,1,0.9899653,True,0.96859443,0.5057924,0.0,Easy
5778,0,1,0.5091681,False,0,0.5100378,True,0,0.53175634,True,0.9658154,0.51689786,0.93066114,Easy
5779,1,1,0.5738666,True,1,0.6948118,True,1,0.76852703,True,0.96591914,0.51958275,0.8338779,Easy
5780,1,1,0.51351994,True,1,0.95583874,True,1,0.98798776,True,0.9644376,0.50433016,0.6688556,Easy
5781,1,1,0.54882556,True,1,0.57703835,True,1,0.7875698,True,0.96843266,0.51839775,0.89199454,Easy
5782,1,0,0.50458145,False,1,0.925298,True,1,0.8652683,True,0.9650541,0.4949806,0.0,Easy
5783,1,0,0.5070463,False,1,0.72615755,True,1,0.9548477,True,0.96692866,0.518906,0.8671086,Easy
5784,1,1,0.6139974,True,1,0.5504456,True,1,0.7672671,True,0.9682261,0.52126,0.8700242,Easy
5785,0,0,0.6097624,True,0,0.85522765,True,0,0.9877038,True,0.9654032,0.5181383,0.8987913,Easy
5786,0,0,0.6017663,True,0,0.7958141,True,0,0.98555803,True,0.9668097,0.5169409,0.0,Easy
5787,1,0,0.5089821,False,1,0.77405685,True,1,0.7659721,True,0.96696997,0.51101774,0.86809194,Easy
5788,1,0,0.60691905,False,1,0.6331199,True,1,0.6407974,True,0.96706706,0.5097951,0.7881632,Easy
5789,0,1,0.5622534,False,1,0.7261971,False,1,0.6121391,False,0.96842647,0.5048564,0.8669542,Hard
5790,0,0,0.70500535,True,0,0.69234943,True,0,0.9513456,True,0.96995753,0.51177967,0.8432282,Easy
5791,1,0,0.5178268,False,1,0.87701464,True,1,0.9675811,True,0.9640435,0.50130516,0.80424887,Easy
5792,0,1,0.5067745,False,1,0.5350148,False,0,0.8017127,True,0.9683614,0.5212717,0.8199728,Graph_Only
5793,0,0,0.6228717,True,1,0.52326506,False,0,0.57520115,True,0.9663924,0.5091682,0.0,Graph_Only
5794,1,0,0.52702624,False,0,0.7435453,False,1,0.6791269,True,0.96878237,0.53018284,0.77580035,Graph_Only
5795,1,1,0.54839176,True,1,0.70385826,True,1,0.96855956,True,0.96395695,0.5061055,0.8520393,Easy
5796,1,1,0.55113727,True,0,0.6696736,False,1,0.9468356,True,0.9714179,0.52602416,0.749647,Graph_Only
5797,1,0,0.544806,False,1,0.63812166,True,1,0.9738066,True,0.96888804,0.50986034,0.7913852,Easy
5798,1,0,0.5468486,False,1,0.65001404,True,0,0.6044292,False,0.9722621,0.505441,0.7461401,Text_Only
5799,1,0,0.59232503,False,1,0.59250045,True,1,0.71505964,True,0.9662856,0.51404375,0.77336824,Easy
5800,1,0,0.56270766,False,0,0.61772573,False,0,0.7022303,False,0.9683996,0.5138568,0.0,Hard
5801,0,0,0.63571626,True,0,0.79001,True,0,0.95034707,True,0.9681044,0.5202305,0.0,Easy
5802,0,1,0.5167224,False,1,0.512196,False,0,0.610202,True,0.9693033,0.5135112,0.90015686,Graph_Only
5803,0,1,0.5578636,False,1,0.778795,False,1,0.9700721,False,0.96307683,0.50451916,0.87892234,Hard
5804,1,0,0.6022466,False,0,0.692257,False,1,0.62290585,True,0.9658397,0.5237159,0.8690344,Graph_Only
5805,1,0,0.50161374,False,0,0.66464996,False,1,0.69617116,True,0.96913534,0.52909064,0.8990858,Graph_Only
5806,1,0,0.524699,False,0,0.5386812,False,1,0.54416585,True,0.9680408,0.5178317,0.7950619,Graph_Only
5807,1,1,0.5321439,True,1,0.6509237,True,1,0.98098445,True,0.9707153,0.5194757,0.7527091,Easy
5808,1,1,0.54793495,True,1,0.83162236,True,1,0.989514,True,0.96549714,0.5108271,0.9000356,Easy
5809,0,0,0.6044327,True,0,0.6640429,True,0,0.8013364,True,0.96746075,0.52525795,0.7909781,Easy
5810,0,0,0.63101465,True,0,0.7292168,True,0,0.97948027,True,0.9659841,0.51102173,0.85637105,Easy
5811,1,1,0.5113439,True,1,0.8233683,True,1,0.93944585,True,0.96878207,0.5009529,0.8079925,Easy
5812,1,1,0.51737016,True,1,0.681212,True,1,0.94023824,True,0.9667136,0.51974225,0.9204534,Easy
5813,0,0,0.59742606,True,0,0.90244216,True,0,0.9878214,True,0.96507514,0.5209034,0.87588215,Easy
5814,1,1,0.51015663,True,0,0.60042477,False,1,0.5546709,True,0.96887183,0.5198665,0.790149,Graph_Only
5815,1,1,0.5405522,True,1,0.7689026,True,1,0.8833034,True,0.9643626,0.507537,0.84633493,Easy
5816,1,1,0.5140715,True,1,0.5369872,True,1,0.8491651,True,0.9672382,0.5119146,0.83015186,Easy
5817,1,1,0.5510129,True,1,0.8834608,True,1,0.9969433,True,0.96389085,0.508189,0.84753656,Easy
5818,1,1,0.54068214,True,1,0.81257236,True,1,0.9721934,True,0.9669193,0.51601654,0.80249655,Easy
5819,0,0,0.52475005,True,1,0.50724447,False,0,0.8055842,True,0.96993196,0.5149957,0.9315383,Graph_Only
5820,1,1,0.5198745,True,1,0.9703359,True,1,0.9920791,True,0.9586435,0.4976319,0.0,Easy
5821,0,0,0.5401351,True,0,0.561066,True,0,0.61820805,True,0.96786827,0.5180651,0.8526758,Easy
5822,1,1,0.5396627,True,1,0.7713516,True,1,0.8800042,True,0.9683005,0.5056922,0.0,Easy
5823,0,0,0.5876507,True,0,0.87947273,True,0,0.9965173,True,0.96465534,0.51654994,0.90480775,Easy
5824,1,0,0.50716853,False,1,0.8493107,True,1,0.92191875,True,0.9658504,0.50845295,0.7835882,Easy
5825,1,1,0.53754383,True,1,0.8266147,True,1,0.95529294,True,0.9701657,0.504141,0.0,Easy
5826,1,1,0.5394671,True,1,0.6798782,True,1,0.6684886,True,0.97059643,0.51137066,0.7860825,Easy
5827,1,1,0.5128833,True,0,0.6228902,False,1,0.88337505,True,0.96644896,0.5172273,0.0,Graph_Only
5828,0,0,0.5103419,True,1,0.501544,False,1,0.5089013,False,0.9677664,0.5188445,0.83289313,Hard
5829,1,0,0.50583017,False,1,0.7874347,True,1,0.77301836,True,0.96638316,0.50247514,0.9066334,Easy
5830,1,1,0.53640294,True,1,0.965354,True,1,0.9897494,True,0.96218026,0.49598357,0.77183145,Easy
5831,1,1,0.5374358,True,1,0.8366157,True,1,0.948315,True,0.96973157,0.50776047,0.80645955,Easy
5832,0,1,0.59676707,False,1,0.58294743,False,0,0.5412458,True,0.96729213,0.5195736,0.89536417,Graph_Only
5833,1,1,0.57153285,True,1,0.62664115,True,0,0.7310418,False,0.9684049,0.51840854,0.88811946,Text_Only
5834,0,0,0.57987493,True,0,0.6172065,True,0,0.8863577,True,0.9677613,0.51471525,0.0,Easy
5835,0,0,0.5824327,True,0,0.73429775,True,0,0.96729094,True,0.9687693,0.5222348,0.680965,Easy
5836,1,1,0.5045436,True,0,0.53574866,False,0,0.5048616,False,0.96824026,0.5145346,0.8375608,Hard
5837,1,0,0.506049,False,1,0.9008327,True,1,0.7904486,True,0.9642792,0.5011113,0.8545417,Easy
5838,0,1,0.5642755,False,1,0.67624646,False,1,0.80848986,False,0.96629965,0.5172483,0.8614769,Hard
5839,0,0,0.5697818,True,0,0.8198475,True,0,0.88325363,True,0.97209656,0.5234856,0.83472884,Easy
5840,1,1,0.5376889,True,1,0.620456,True,1,0.7003984,True,0.9661012,0.5124079,0.90722346,Easy
5841,1,0,0.5430417,False,1,0.74649906,True,1,0.50044113,True,0.96570295,0.5030032,0.0,Easy
5842,0,0,0.68053687,True,0,0.585466,True,0,0.8537165,True,0.96290827,0.5142548,0.0,Easy
5843,0,0,0.50185174,True,0,0.5939427,True,0,0.766512,True,0.9679922,0.5245793,0.9002294,Easy
5844,1,0,0.52125,False,0,0.5856738,False,0,0.61158,False,0.9675411,0.51837075,0.0,Hard
5845,0,1,0.54862314,False,1,0.55412596,False,0,0.50809306,True,0.9701216,0.51052934,0.9054653,Graph_Only
5846,1,0,0.5527023,False,0,0.51557606,False,1,0.7689107,True,0.9645957,0.5134701,0.0,Graph_Only
5847,1,0,0.55208534,False,1,0.74383354,True,0,0.57446414,False,0.9663887,0.49873248,0.8655591,Text_Only
5848,1,1,0.5283781,True,1,0.8208902,True,1,0.9915386,True,0.9670257,0.5042292,0.726015,Easy
5849,1,0,0.5367854,False,0,0.5592291,False,1,0.59676886,True,0.96649325,0.51806897,0.86159515,Graph_Only
5850,0,0,0.5543316,True,1,0.6792105,False,0,0.8215535,True,0.9655671,0.5068372,0.8948873,Graph_Only
5851,0,0,0.5102247,True,0,0.6631001,True,0,0.7414908,True,0.9687687,0.5281522,0.8763757,Easy
5852,0,1,0.6077329,False,1,0.5636701,False,0,0.62028366,True,0.9688636,0.5231783,0.89011455,Graph_Only
5853,1,1,0.5814997,True,1,0.62449086,True,1,0.9627124,True,0.9701958,0.5197655,0.9183931,Easy
5854,1,1,0.5059268,True,1,0.64507943,True,1,0.6158934,True,0.9646305,0.507806,0.0,Easy
5855,1,1,0.53693473,True,1,0.50120515,True,1,0.89518285,True,0.9684766,0.51412505,0.8299824,Easy
5856,1,1,0.54578674,True,1,0.9667259,True,1,0.99157846,True,0.9608784,0.4993575,0.8143499,Easy
5857,1,1,0.5525846,True,1,0.82517576,True,1,0.98326516,True,0.9655696,0.5132824,0.89653623,Easy
5858,1,1,0.50771856,True,1,0.87750745,True,1,0.96452934,True,0.96733737,0.5018311,0.7345424,Easy
5859,1,1,0.5102424,True,1,0.74116987,True,1,0.60520715,True,0.9662844,0.51224923,0.8653097,Easy
5860,0,0,0.56765145,True,0,0.898376,True,0,0.990715,True,0.9658046,0.52126026,0.0,Easy
5861,1,1,0.53007394,True,1,0.9318087,True,1,0.9927891,True,0.9645219,0.49836925,0.69719183,Easy
5862,0,0,0.6585214,True,0,0.75082797,True,0,0.9299013,True,0.9680982,0.5198813,0.0,Easy
5863,1,0,0.5213002,False,1,0.762122,True,1,0.90970254,True,0.96480584,0.50667155,0.0,Easy
5864,1,1,0.53252894,True,1,0.9257882,True,1,0.99321085,True,0.9601449,0.5134935,0.8616819,Easy
5865,0,0,0.6480328,True,0,0.55520403,True,0,0.91777015,True,0.96469045,0.51287276,0.9076526,Easy
5866,1,1,0.5207593,True,1,0.9409705,True,1,0.9931525,True,0.9596014,0.50915897,0.8711515,Easy
5867,1,0,0.70887643,False,0,0.5311519,False,0,0.66701853,False,0.9663992,0.5119229,0.91101116,Hard
5868,0,0,0.6090477,True,0,0.8430407,True,0,0.7967446,True,0.9689592,0.5221375,0.88174355,Easy
5869,0,0,0.64843684,True,0,0.7418786,True,0,0.926038,True,0.96476567,0.5207842,0.0,Easy
5870,1,0,0.5800075,False,0,0.5832684,False,0,0.5175155,False,0.96770585,0.51868945,0.88902116,Hard
5871,1,0,0.5445632,False,0,0.5203419,False,0,0.5389562,False,0.968323,0.51890755,0.8827864,Hard
5872,1,0,0.5805035,False,0,0.7629102,False,1,0.69062144,True,0.96864134,0.51674235,0.0,Graph_Only
5873,1,0,0.5808562,False,0,0.5979149,False,1,0.68538576,True,0.9672099,0.5205212,0.87701327,Graph_Only
5874,1,0,0.50577456,False,0,0.55714,False,0,0.54178464,False,0.97077596,0.51938665,0.8474777,Hard
5875,0,0,0.58405733,True,0,0.9285945,True,0,0.9672668,True,0.9672948,0.5244793,0.90186083,Easy
5876,1,0,0.5094155,False,1,0.93984634,True,1,0.960613,True,0.96005166,0.5074706,0.79874754,Easy
5877,0,0,0.6058766,True,0,0.5149955,True,0,0.54520714,True,0.9682307,0.51626754,0.9132086,Easy
5878,0,1,0.5048564,False,1,0.8026334,False,1,0.7917903,False,0.9693552,0.49958107,0.0,Hard
5879,0,0,0.5687006,True,0,0.6265303,True,1,0.51421237,False,0.9753525,0.51561445,0.0,Text_Only
5880,1,1,0.5032195,True,1,0.8123868,True,1,0.7207884,True,0.96646786,0.5064158,0.8956584,Easy
5881,0,0,0.6237802,True,0,0.8268549,True,0,0.9796538,True,0.9669374,0.52079624,0.9094047,Easy
5882,0,1,0.54550815,False,0,0.5310825,True,0,0.7133771,True,0.96962905,0.5241057,0.7190639,Easy
5883,1,0,0.5627213,False,0,0.9241263,False,0,0.8645512,False,0.96852577,0.5247291,0.86547756,Hard
5884,0,1,0.5089316,False,0,0.59310544,True,1,0.554701,False,0.9685577,0.5243159,0.8320709,Text_Only
5885,1,1,0.5991563,True,1,0.63346213,True,1,0.77807504,True,0.96800697,0.52279747,0.8033882,Easy
5886,0,0,0.5733366,True,0,0.93364,True,0,0.97726864,True,0.96521306,0.53024524,0.8564384,Easy
5887,0,0,0.50166637,True,1,0.57991856,False,0,0.5993529,True,0.96673554,0.5159557,0.88031125,Graph_Only
5888,0,0,0.67970055,True,1,0.61818403,False,0,0.527798,True,0.96664095,0.5099344,0.89921635,Graph_Only
5889,0,0,0.6679065,True,0,0.5783569,True,0,0.5522487,True,0.9661725,0.51680034,0.87220097,Easy
5890,0,0,0.6932614,True,0,0.58124524,True,0,0.7133097,True,0.9664357,0.51603997,0.894529,Easy
5891,1,1,0.54670924,True,1,0.92671597,True,1,0.99534374,True,0.96330595,0.5051431,0.8033881,Easy
5892,1,1,0.51444674,True,1,0.9004231,True,1,0.9798258,True,0.9622021,0.5008105,0.8504459,Easy
5893,0,0,0.65831643,True,0,0.6475025,True,0,0.6797029,True,0.96761686,0.51709163,0.9157064,Easy
5894,0,1,0.5742375,False,1,0.73145217,False,0,0.61199456,True,0.9673024,0.5084477,0.84027547,Graph_Only
5895,1,1,0.5081552,True,1,0.97152966,True,1,0.96183306,True,0.96069,0.49514046,0.92110336,Easy
5896,1,0,0.50069445,False,1,0.93545496,True,1,0.9838853,True,0.960809,0.5048965,0.0,Easy
5897,0,0,0.5713063,True,0,0.89569306,True,0,0.9809769,True,0.9800427,0.5231388,0.0,Easy
5898,1,1,0.51730865,True,1,0.9330097,True,1,0.9899781,True,0.9619122,0.50025517,0.8519601,Easy
5899,1,1,0.5179947,True,1,0.7475249,True,1,0.96963453,True,0.96485853,0.5165171,0.8819443,Easy
5900,1,0,0.59278035,False,0,0.704422,False,0,0.6813658,False,0.97052425,0.51771283,0.0,Hard
5901,1,1,0.5266783,True,1,0.9436201,True,1,0.9602771,True,0.9618097,0.48960853,0.8594388,Easy
5902,1,1,0.5464152,True,1,0.7479241,True,1,0.9254427,True,0.9640308,0.50190204,0.0,Easy
5903,0,0,0.5759035,True,0,0.61506075,True,0,0.78632075,True,0.968101,0.52036494,0.7960919,Easy
5904,0,0,0.5752534,True,0,0.8841624,True,0,0.8110421,True,0.96786326,0.5251753,0.8874104,Easy
5905,1,1,0.5458969,True,1,0.67338485,True,1,0.9057147,True,0.9684019,0.51703733,0.8298498,Easy
5906,1,1,0.5218302,True,1,0.9183225,True,1,0.9889176,True,0.9631076,0.5019235,0.87438,Easy
5907,0,0,0.6191162,True,0,0.8247026,True,0,0.9256155,True,0.96849304,0.5264295,0.7212784,Easy
5908,1,1,0.5583438,True,1,0.838207,True,1,0.98512864,True,0.9650328,0.50700206,0.74875295,Easy
5909,1,1,0.5399998,True,1,0.83191895,True,1,0.98156595,True,0.9660654,0.50576013,0.8025565,Easy
5910,1,1,0.525384,True,1,0.9386204,True,1,0.99179006,True,0.9599588,0.5068368,0.7862146,Easy
5911,0,0,0.6612613,True,1,0.62754637,False,0,0.9587305,True,0.9642558,0.5111533,0.0,Graph_Only
5912,1,1,0.5323146,True,1,0.9691739,True,1,0.9886308,True,0.9614142,0.49872196,0.70961535,Easy
5913,0,0,0.58811945,True,1,0.58520937,False,0,0.60729754,True,0.9690362,0.5118118,0.86146563,Graph_Only
5914,1,0,0.529771,False,1,0.71959025,True,1,0.5386616,True,0.9664614,0.50408614,0.0,Easy
5915,1,1,0.5413172,True,1,0.7355096,True,1,0.99152434,True,0.9667621,0.51091033,0.77501,Easy
5916,0,0,0.64903766,True,0,0.82648206,True,0,0.982031,True,0.9681219,0.51916265,0.0,Easy
5917,1,1,0.51057434,True,1,0.92751575,True,1,0.97873896,True,0.96132445,0.50743365,0.0,Easy
5918,0,0,0.5898591,True,0,0.88298136,True,0,0.9892402,True,0.9672198,0.520179,0.84100896,Easy
5919,1,1,0.5191623,True,1,0.9335975,True,1,0.9956273,True,0.9602957,0.50164485,0.8601617,Easy
5920,1,1,0.5146746,True,1,0.9657237,True,1,0.99508035,True,0.9579869,0.50488573,0.0,Easy
5921,1,1,0.5304818,True,1,0.8040784,True,1,0.9173438,True,0.96518385,0.5053684,0.0,Easy
5922,0,0,0.6027032,True,0,0.8167717,True,0,0.97052574,True,0.966858,0.52139014,0.8404105,Easy
5923,1,1,0.5084394,True,1,0.96296835,True,1,0.99154526,True,0.95909756,0.5008647,0.8392917,Easy
5924,1,0,0.5077519,False,1,0.7515304,True,1,0.8816363,True,0.96580255,0.5028938,0.8853229,Easy
5925,1,0,0.6128665,False,0,0.8465375,False,0,0.8784818,False,0.9686826,0.51841867,0.9357313,Hard
5926,1,0,0.501346,False,1,0.93827736,True,1,0.9878699,True,0.96043456,0.4994841,0.85090995,Easy
5927,0,0,0.67207533,True,1,0.59603816,False,0,0.7580216,True,0.9668555,0.5149775,0.86275655,Graph_Only
5928,0,1,0.5055256,False,0,0.58127016,True,1,0.65623385,False,0.9663192,0.5303447,0.8487965,Text_Only
5929,1,1,0.5029552,True,1,0.869444,True,1,0.73667616,True,0.9646293,0.5032373,0.8559624,Easy
5930,1,0,0.5286879,False,1,0.6444716,True,1,0.75915456,True,0.9688135,0.5117891,0.7752231,Easy
5931,1,1,0.58934945,True,1,0.5865435,True,1,0.9559825,True,0.9721997,0.519014,0.76963615,Easy
5932,1,1,0.56894934,True,1,0.8600292,True,1,0.9868492,True,0.96489567,0.51074743,0.82154214,Easy
5933,1,1,0.5678107,True,1,0.81390685,True,1,0.99207425,True,0.9629749,0.51563597,0.7371205,Easy
5934,0,0,0.5884293,True,0,0.9520729,True,0,0.97758055,True,0.9677093,0.5288608,0.0,Easy
5935,1,0,0.51326835,False,1,0.8804731,True,1,0.9657064,True,0.9632236,0.50130767,0.83588105,Easy
5936,1,1,0.56152356,True,1,0.6944503,True,1,0.7877378,True,0.9664872,0.5076435,0.89132804,Easy
5937,0,0,0.6840783,True,0,0.61900854,True,0,0.84319896,True,0.9647163,0.51329535,0.0,Easy
5938,1,0,0.514349,False,1,0.8064029,True,1,0.7711025,True,0.96679807,0.5004504,0.76228154,Easy
5939,1,0,0.65654004,False,0,0.7151301,False,0,0.86121553,False,0.9683757,0.5169935,0.0,Hard
5940,1,0,0.5020006,False,1,0.8458064,True,1,0.96203196,True,0.9639753,0.5064728,0.0,Easy
5941,0,0,0.5380927,True,1,0.5278965,False,0,0.53675747,True,0.9696398,0.52068037,0.85693675,Graph_Only
5942,0,0,0.5778162,True,0,0.9230391,True,0,0.994934,True,0.9672834,0.5247683,0.89852923,Easy
5943,0,0,0.58043396,True,0,0.91398793,True,0,0.9874637,True,0.9673498,0.5224914,0.8701726,Easy
5944,1,0,0.6040908,False,0,0.83671594,False,0,0.87038934,False,0.96855295,0.52163637,0.0,Hard
5945,1,0,0.55753475,False,0,0.5905913,False,0,0.65012217,False,0.9675199,0.5216222,0.88931453,Hard
5946,0,0,0.5583281,True,0,0.90807253,True,0,0.99607146,True,0.9672241,0.52256703,0.77787703,Easy
5947,1,0,0.5761642,False,1,0.5179628,True,0,0.58491707,False,0.97039914,0.5127913,0.81447387,Text_Only
5948,1,0,0.6100855,False,0,0.792434,False,0,0.72274333,False,0.9681854,0.5181585,0.0,Hard
5949,1,1,0.57111335,True,1,0.75639784,True,1,0.8914716,True,0.97086775,0.5038971,0.0,Easy
5950,0,1,0.5032345,False,1,0.57747924,False,0,0.57558674,True,0.9674066,0.5225468,0.81221676,Graph_Only
5951,0,0,0.59750056,True,0,0.85315794,True,0,0.94271827,True,0.9675529,0.5244334,0.82817465,Easy
5952,0,0,0.6150665,True,0,0.5389211,True,1,0.5761957,False,0.9698558,0.5156993,0.8772352,Text_Only
5953,1,1,0.5334638,True,1,0.9361409,True,1,0.98276746,True,0.96189886,0.5029534,0.82004106,Easy
5954,1,1,0.5116472,True,1,0.5474254,True,1,0.86239743,True,0.97322893,0.5075837,0.83768463,Easy
5955,0,0,0.563579,True,0,0.96898097,True,0,0.9976121,True,0.96344507,0.5321316,0.8553314,Easy
5956,1,1,0.5086641,True,1,0.9181353,True,1,0.986278,True,0.95990896,0.50386184,0.90488595,Easy
5957,1,0,0.5023777,False,1,0.8770993,True,1,0.9726917,True,0.9616983,0.50552875,0.87200797,Easy
5958,1,1,0.5289622,True,1,0.8250537,True,1,0.96285695,True,0.96456695,0.50275964,0.0,Easy
5959,1,0,0.5232523,False,1,0.7951412,True,1,0.8121131,True,0.966162,0.49688226,0.82279575,Easy
5960,1,1,0.51773465,True,1,0.8083409,True,1,0.99162334,True,0.96693623,0.5050149,0.8487965,Easy
5961,1,1,0.5187173,True,1,0.9558398,True,1,0.99156475,True,0.9648738,0.4981917,0.6551283,Easy
5962,1,0,0.6284613,False,0,0.75835246,False,0,0.8987247,False,0.9673442,0.51935387,0.84809697,Hard
5963,0,0,0.5939352,True,0,0.9185074,True,0,0.856344,True,0.9686624,0.5257405,0.0,Easy
5964,1,1,0.5253985,True,1,0.80528355,True,1,0.90711826,True,0.9666505,0.50156724,0.7821199,Easy
5965,1,0,0.5009279,False,1,0.7787543,True,1,0.9533783,True,0.9634587,0.5075314,0.89571345,Easy
5966,1,0,0.53082496,False,1,0.8130617,True,1,0.659803,True,0.9687411,0.4964338,0.8373765,Easy
5967,1,1,0.5231646,True,1,0.86164296,True,1,0.9671149,True,0.96517015,0.5091229,0.7415882,Easy
5968,0,0,0.66189456,True,0,0.5363667,True,0,0.54476297,True,0.9689921,0.5113818,0.8414215,Easy
5969,0,0,0.6983403,True,1,0.59426594,False,0,0.91143024,True,0.9675529,0.5103538,0.88117445,Graph_Only
5970,1,0,0.51419663,False,1,0.8428556,True,1,0.78472155,True,0.96535265,0.50597626,0.84887195,Easy
5971,1,1,0.50564986,True,1,0.9033304,True,1,0.9742236,True,0.96134675,0.5056996,0.82711834,Easy
5972,0,0,0.63739294,True,0,0.825675,True,0,0.75704074,True,0.9693269,0.51659906,0.8869244,Easy
5973,1,1,0.5053578,True,1,0.63479006,True,1,0.5053586,True,0.9680122,0.51130605,0.8349536,Easy
5974,0,0,0.5941551,True,0,0.86540884,True,0,0.97033024,True,0.9660395,0.52571344,0.85289425,Easy
5975,0,0,0.58285147,True,0,0.94790727,True,0,0.99624866,True,0.9640515,0.53037685,0.88011235,Easy
5976,0,0,0.59529555,True,1,0.55753714,False,0,0.8637246,True,0.96684116,0.5157765,0.89649737,Graph_Only
5977,0,0,0.65095264,True,0,0.6782294,True,0,0.81222737,True,0.96868134,0.5211832,0.82681036,Easy
5978,0,0,0.6479997,True,0,0.70833176,True,0,0.92910576,True,0.96571577,0.52085507,0.7719462,Easy
5979,0,0,0.6045501,True,0,0.7197323,True,0,0.8180345,True,0.9677217,0.52029675,0.91299534,Easy
5980,1,1,0.50397295,True,1,0.8579408,True,1,0.92577493,True,0.96466637,0.5112485,0.8298131,Easy
5981,0,1,0.52470607,False,0,0.51735693,True,0,0.55306387,True,0.9700383,0.51302594,0.8569367,Easy
5982,1,0,0.5008454,False,1,0.8669049,True,1,0.9692552,True,0.9623003,0.5013377,0.90744585,Easy
5983,1,1,0.5280218,True,1,0.9405404,True,1,0.99103737,True,0.9599805,0.50314146,0.8560356,Easy
5984,1,0,0.6251211,False,1,0.63149405,True,0,0.628489,False,0.96938145,0.50608367,0.0,Text_Only
5985,1,1,0.52151823,True,1,0.97834945,True,1,0.997182,True,0.95599496,0.5007372,0.91763353,Easy
5986,0,0,0.5849882,True,0,0.91782403,True,0,0.9812339,True,0.9656702,0.5225858,0.8839284,Easy
5987,0,0,0.583218,True,1,0.6185082,False,0,0.57152075,True,0.9716878,0.503006,0.8652587,Graph_Only
5988,1,1,0.5375406,True,1,0.9544672,True,1,0.99581015,True,0.96070474,0.5047835,0.80329335,Easy
5989,1,0,0.63143814,False,0,0.51623493,False,1,0.5251861,True,0.97111845,0.5114023,0.0,Graph_Only
5990,0,0,0.55259573,True,0,0.89953035,True,0,0.85979825,True,0.97063494,0.5287878,0.0,Easy
5991,1,1,0.524166,True,1,0.7356954,True,1,0.98464,True,0.9648293,0.5135963,0.7460188,Easy
5992,1,0,0.5369509,False,1,0.7465915,True,1,0.6657262,True,0.9651642,0.50917655,0.8552584,Easy
5993,1,1,0.53738886,True,1,0.85194963,True,1,0.9641882,True,0.96375406,0.50413615,0.79529566,Easy
5994,0,0,0.5930429,True,0,0.88708496,True,0,0.9744771,True,0.96726465,0.5230484,0.7596333,Easy
5995,1,1,0.5297689,True,1,0.9640365,True,1,0.9793267,True,0.9608133,0.48819146,0.82802343,Easy
5996,1,0,0.6226456,False,0,0.6426937,False,0,0.7912014,False,0.96808314,0.5219623,0.75924647,Hard
5997,0,0,0.5941018,True,0,0.93654746,True,0,0.9935463,True,0.965728,0.522788,0.0,Easy
5998,0,0,0.6701136,True,1,0.6962186,False,0,0.99378383,True,0.9668782,0.4950889,0.81458914,Graph_Only
5999,1,0,0.5422535,False,1,0.736797,True,1,0.9197096,True,0.9663869,0.5104376,0.78821695,Easy
6000,1,1,0.5000897,True,1,0.9088389,True,1,0.9444676,True,0.96176016,0.50296783,0.8266666,Easy
6001,0,1,0.5134219,False,0,0.70771825,True,0,0.5743588,True,0.97126603,0.5196661,0.76228154,Easy
6002,0,1,0.50979465,False,1,0.96308357,False,1,0.9104132,False,0.9627948,0.4971601,0.8973556,Hard
6003,1,0,0.64810055,False,0,0.53084457,False,0,0.780807,False,0.9655417,0.51734287,0.9197635,Hard
6004,1,0,0.5304291,False,0,0.6470115,False,1,0.819185,True,0.9670732,0.5175832,0.8332801,Graph_Only
6005,1,1,0.52225494,True,1,0.9692187,True,1,0.99771583,True,0.9569106,0.5059386,0.81333745,Easy
6006,1,1,0.5006808,True,1,0.84631693,True,1,0.97135293,True,0.963246,0.5098844,0.821341,Easy
6007,1,1,0.50462806,True,1,0.8956269,True,1,0.9813912,True,0.962608,0.5004949,0.0,Easy
6008,0,0,0.57657415,True,0,0.8907814,True,0,0.8176598,True,0.9734255,0.5199602,0.0,Easy
6009,1,1,0.5034412,True,1,0.8827144,True,1,0.9061723,True,0.96323776,0.5003629,0.765703,Easy
6010,0,0,0.60879165,True,0,0.89633286,True,0,0.9886558,True,0.9662941,0.520275,0.8762352,Easy
6011,0,0,0.6049418,True,0,0.85734516,True,0,0.95183593,True,0.96698785,0.52425784,0.0,Easy
6012,0,0,0.51792115,True,1,0.68434215,False,0,0.52440834,True,0.9667264,0.5103752,0.8114738,Graph_Only
6013,1,1,0.54307526,True,0,0.6562089,False,1,0.7301819,True,0.96764,0.5176407,0.8214543,Graph_Only
6014,1,1,0.5041608,True,1,0.9367031,True,1,0.9890302,True,0.963344,0.496299,0.85240513,Easy
6015,0,0,0.61352086,True,0,0.55196553,True,0,0.9373049,True,0.9667473,0.51674104,0.8452794,Easy
6016,1,0,0.5256992,False,0,0.944608,False,1,0.7003606,True,0.9692606,0.52681684,0.8663743,Graph_Only
6017,1,0,0.51547104,False,1,0.6283109,True,1,0.80277634,True,0.9666138,0.51896346,0.8839446,Easy
6018,0,1,0.5124408,False,1,0.9615577,False,1,0.9871063,False,0.9610344,0.4883632,0.86275136,Hard
6019,0,1,0.5399807,False,1,0.67258525,False,0,0.5302802,True,0.9668551,0.5150174,0.91279405,Graph_Only
6020,0,0,0.63911074,True,0,0.71879184,True,0,0.9680178,True,0.968381,0.5191907,0.8661101,Easy
6021,0,0,0.51634777,True,1,0.5237219,False,0,0.5597327,True,0.9667358,0.51546705,0.90145916,Graph_Only
6022,1,1,0.5284665,True,1,0.9359028,True,1,0.9919886,True,0.96281356,0.49802318,0.83168197,Easy
6023,1,0,0.55037606,False,1,0.71721154,True,1,0.73648113,True,0.9693707,0.5047702,0.8255031,Easy
6024,1,0,0.50907445,False,0,0.9234131,False,1,0.92856777,True,0.9674852,0.5269021,0.896863,Graph_Only
6025,0,0,0.50311774,True,1,0.8032782,False,1,0.8279558,False,0.96528614,0.49652827,0.88030255,Hard
6026,1,0,0.54575086,False,1,0.68780214,True,1,0.77953345,True,0.96634424,0.51193136,0.87085116,Easy
6027,1,0,0.5755967,False,0,0.80680406,False,0,0.79556954,False,0.966738,0.524846,0.83837205,Hard
6028,0,0,0.66719407,True,1,0.6200831,False,0,0.9597395,True,0.96860284,0.5125858,0.78040314,Graph_Only
6029,1,1,0.5274539,True,1,0.9195857,True,1,0.9778375,True,0.9622508,0.49740738,0.9071554,Easy
6030,1,1,0.5335254,True,1,0.96879834,True,1,0.99791056,True,0.9612429,0.49883473,0.7791667,Easy
6031,1,1,0.5182771,True,1,0.8971919,True,1,0.961343,True,0.96383834,0.49981505,0.81059283,Easy
6032,0,0,0.55449075,True,0,0.8580427,True,1,0.6400626,False,0.9727712,0.5228843,0.88521516,Text_Only
6033,0,0,0.6438198,True,1,0.7534276,False,0,0.9017699,True,0.9691222,0.5032571,0.79947925,Graph_Only
6034,0,0,0.6199139,True,1,0.5081858,False,0,0.8867187,True,0.96406543,0.51472557,0.8694134,Graph_Only
6035,1,0,0.5920213,False,1,0.57263047,True,0,0.7408532,False,0.96750486,0.5157957,0.91972464,Text_Only
6036,1,1,0.54323155,True,1,0.9188674,True,1,0.99840325,True,0.96428823,0.50727403,0.8543931,Easy
6037,1,1,0.54627794,True,1,0.94890136,True,1,0.9962702,True,0.9618074,0.5053756,0.8193667,Easy
6038,0,0,0.5947174,True,0,0.8802491,True,0,0.9637712,True,0.96755445,0.52268314,0.0,Easy
6039,1,1,0.53048295,True,1,0.9080268,True,1,0.981911,True,0.96479964,0.49384668,0.8660438,Easy
6040,0,0,0.54559994,True,0,0.94854313,True,0,0.9721061,True,0.9685146,0.52925485,0.9411601,Easy
6041,0,0,0.5428026,True,0,0.6850176,True,0,0.8731706,True,0.9703691,0.5273902,0.7826743,Easy
6042,1,1,0.5823991,True,1,0.6352875,True,1,0.70106906,True,0.96894574,0.51546365,0.7742541,Easy
6043,1,1,0.54913294,True,1,0.9382564,True,1,0.99573356,True,0.9632666,0.5043529,0.9227379,Easy
6044,0,0,0.5140362,True,1,0.6982225,False,0,0.64248395,True,0.96828943,0.51361716,0.8754722,Graph_Only
6045,0,0,0.59711283,True,0,0.9135681,True,0,0.9385997,True,0.96936655,0.52770686,0.7924676,Easy
6046,0,0,0.61268044,True,0,0.7429507,True,0,0.85926914,True,0.9708673,0.519159,0.9169409,Easy
6047,1,1,0.5412003,True,1,0.65400106,True,1,0.9669953,True,0.96945524,0.5034966,0.7706783,Easy
6048,0,0,0.5411928,True,1,0.89611465,False,1,0.77763486,False,0.9651339,0.4964427,0.8702164,Hard
6049,1,1,0.5371843,True,1,0.939499,True,1,0.996521,True,0.9610057,0.512259,0.8270923,Easy
6050,1,1,0.5529806,True,1,0.7627598,True,1,0.9095351,True,0.9681963,0.5014506,0.8738191,Easy
6051,0,0,0.59873974,True,0,0.9066857,True,0,0.9549877,True,0.96849734,0.52476,0.8325855,Easy
6052,1,0,0.5193821,False,0,0.9041502,False,1,0.86095834,True,0.97014433,0.5262054,0.86087,Graph_Only
6053,1,1,0.54509753,True,1,0.8524374,True,1,0.9964553,True,0.96458197,0.51140195,0.83035386,Easy
6054,1,1,0.52587384,True,1,0.97776914,True,1,0.99843496,True,0.9580607,0.50077575,0.8641419,Easy
6055,1,1,0.5764944,True,1,0.7752731,True,1,0.99374443,True,0.96442807,0.5143245,0.84401834,Easy
6056,1,0,0.5114834,False,1,0.83930427,True,1,0.79340106,True,0.9671061,0.49952728,0.8888205,Easy
6057,1,1,0.5243699,True,1,0.8193689,True,1,0.95945024,True,0.9654779,0.5091257,0.8377669,Easy
6058,1,1,0.5302,True,1,0.81153506,True,1,0.9686575,True,0.9661249,0.49965563,0.860047,Easy
6059,1,1,0.55674297,True,1,0.928398,True,1,0.9930742,True,0.96339905,0.5010545,0.9137536,Easy
6060,1,0,0.5529542,False,1,0.6158656,True,0,0.6988866,False,0.9654592,0.5066261,0.8334201,Text_Only
6061,1,0,0.59748244,False,0,0.73299956,False,0,0.70599705,False,0.9681214,0.52306056,0.85833824,Hard
6062,1,1,0.52503717,True,1,0.9812657,True,1,0.99930596,True,0.9590927,0.5019268,0.8525982,Easy
6063,1,1,0.5470822,True,1,0.6742327,True,1,0.9294621,True,0.96525466,0.51839197,0.83527684,Easy
6064,1,1,0.55447686,True,1,0.87246245,True,1,0.9706041,True,0.9695444,0.50913227,0.651049,Easy
6065,1,0,0.50553435,False,1,0.66299343,True,1,0.8602473,True,0.96897644,0.50973445,0.85646135,Easy
6066,1,1,0.5425878,True,1,0.9315704,True,1,0.9980615,True,0.9620084,0.5033547,0.92670393,Easy
6067,1,1,0.5068873,True,1,0.80590534,True,1,0.9266121,True,0.9657562,0.50223684,0.80577135,Easy
6068,0,0,0.52856106,True,1,0.75359863,False,0,0.5557362,True,0.9682298,0.50742066,0.7385198,Graph_Only
6069,1,0,0.5197964,False,1,0.75716,True,1,0.94457763,True,0.96532214,0.502948,0.9082842,Easy
6070,1,1,0.52365005,True,1,0.97364354,True,1,0.97685677,True,0.96042705,0.49975637,0.8302969,Easy
6071,1,1,0.5153459,True,1,0.92444766,True,1,0.9918972,True,0.9654249,0.49758497,0.81377804,Easy
6072,1,1,0.5159127,True,1,0.6870815,True,1,0.82589865,True,0.96583426,0.5120098,0.8646611,Easy
6073,1,1,0.6009591,True,1,0.5340153,True,1,0.5953815,True,0.96746445,0.53038406,0.89492035,Easy
6074,1,0,0.53915733,False,0,0.8155117,False,0,0.6296041,False,0.9695554,0.52863324,0.8844944,Hard
6075,1,1,0.5326557,True,1,0.95934176,True,1,0.99371403,True,0.96228397,0.49687687,0.75969946,Easy
6076,1,0,0.5539219,False,1,0.6366746,True,1,0.84893394,True,0.96703964,0.51051044,0.7854322,Easy
6077,0,0,0.5244562,True,0,0.8486514,True,1,0.5369771,False,0.97039914,0.5270291,0.7979689,Text_Only
6078,1,1,0.52095145,True,1,0.9361944,True,1,0.98622245,True,0.96701527,0.4984648,0.0,Easy
6079,1,1,0.5281188,True,1,0.95028955,True,1,0.99422604,True,0.96155196,0.49282345,0.82128036,Easy
6080,0,0,0.6042539,True,1,0.78475094,False,0,0.83528817,True,0.9691305,0.5123901,0.81061125,Graph_Only
6081,1,1,0.5052887,True,1,0.8435959,True,1,0.8176291,True,0.96365523,0.5039059,0.9249246,Easy
6082,1,1,0.5258582,True,1,0.8751376,True,1,0.9852998,True,0.96519744,0.49944872,0.8798529,Easy
6083,1,1,0.529558,True,1,0.7831503,True,1,0.85205853,True,0.9659568,0.5166499,0.86244476,Easy
6084,0,0,0.5901022,True,0,0.9257162,True,0,0.9465393,True,0.9657334,0.52478975,0.7668929,Easy
6085,1,0,0.53842044,False,1,0.6728887,True,1,0.76164854,True,0.96767974,0.509442,0.8358141,Easy
6086,1,1,0.55392724,True,1,0.95259565,True,1,0.99452364,True,0.96175575,0.49926555,0.86619484,Easy
6087,1,1,0.5122817,True,1,0.9259424,True,1,0.97254264,True,0.9639656,0.48902735,0.919414,Easy
6088,0,0,0.5586659,True,0,0.8262979,True,0,0.9813641,True,0.9696865,0.5152954,0.9315945,Easy
6089,0,0,0.5554066,True,0,0.83955544,True,0,0.9963319,True,0.9701462,0.5201995,0.9324314,Easy
6090,1,1,0.5225391,True,1,0.8697088,True,1,0.9849556,True,0.97047424,0.50391275,0.6603221,Easy
6091,0,0,0.6189317,True,0,0.7611501,True,0,0.8093119,True,0.96793324,0.52164906,0.8448738,Easy
6092,1,0,0.52426636,False,1,0.8387578,True,1,0.5858666,True,0.96729374,0.5036937,0.85241634,Easy
6093,0,0,0.61088,True,0,0.7474358,True,0,0.5789691,True,0.97147024,0.5165776,0.8455159,Easy
6094,1,1,0.53837895,True,1,0.83590573,True,1,0.98918366,True,0.964416,0.50215614,0.8514116,Easy
6095,1,1,0.5322349,True,1,0.8514167,True,1,0.94808245,True,0.9652693,0.49328578,0.8016328,Easy
6096,1,0,0.5092361,False,1,0.6758073,True,1,0.96139467,True,0.9663781,0.50702935,0.8300581,Easy
6097,1,1,0.53410274,True,1,0.77766544,True,1,0.711832,True,0.9666034,0.5114586,0.8233648,Easy
6098,1,1,0.5427455,True,1,0.95445687,True,1,0.99746287,True,0.96120256,0.5004734,0.84402084,Easy
6099,1,1,0.5627435,True,1,0.65191436,True,1,0.9941188,True,0.9704322,0.5171808,0.79318845,Easy
6100,1,1,0.51248366,True,1,0.9209843,True,1,0.99290645,True,0.96153635,0.5158284,0.8489962,Easy
6101,1,1,0.5372747,True,1,0.73083,True,1,0.96178883,True,0.9656472,0.513971,0.8670823,Easy
6102,0,0,0.53673065,True,0,0.84906286,True,0,0.99015933,True,0.9682799,0.53071415,0.7396309,Easy
6103,1,0,0.5413198,False,0,0.7112136,False,1,0.9507273,True,0.9682435,0.51646227,0.8789041,Graph_Only
6104,0,0,0.65492576,True,0,0.5832409,True,0,0.5303794,True,0.9694119,0.5200921,0.8801639,Easy
6105,1,1,0.5116065,True,1,0.897566,True,1,0.9742954,True,0.96323436,0.49559146,0.8936758,Easy
6106,1,0,0.5506956,False,0,0.8765267,False,1,0.7927076,True,0.96701986,0.5287222,0.90184164,Graph_Only
6107,1,1,0.5245206,True,1,0.9337855,True,1,0.9985636,True,0.96302575,0.5036075,0.85289437,Easy
6108,1,0,0.53496027,False,1,0.62227637,True,1,0.8207253,True,0.96717775,0.50757027,0.9075266,Easy
6109,1,0,0.5602187,False,1,0.72497296,True,1,0.7177473,True,0.96721804,0.5019846,0.88003814,Easy
6110,1,0,0.65513825,False,1,0.56004417,True,0,0.76724255,False,0.9680418,0.5157108,0.9178172,Text_Only
6111,1,1,0.5757973,True,1,0.8769486,True,1,0.99415565,True,0.9644537,0.51172966,0.8804843,Easy
6112,0,0,0.588603,True,0,0.94996274,True,0,0.9588257,True,0.96711993,0.5278172,0.80412537,Easy
6113,0,0,0.54684335,True,0,0.9653447,True,0,0.97893846,True,0.96788555,0.5319332,0.90417457,Easy
6114,1,1,0.5235379,True,1,0.9269253,True,1,0.9912601,True,0.96353483,0.49379373,0.91825205,Easy
6115,1,0,0.5010243,False,1,0.9075174,True,1,0.9822864,True,0.96387744,0.49714833,0.85073507,Easy
6116,0,0,0.51541656,True,1,0.8746703,False,1,0.77141035,False,0.96499133,0.49845892,0.8044249,Hard
6117,0,0,0.5367289,True,0,0.98790646,True,0,0.9899714,True,0.96315175,0.53543544,0.94497085,Easy
6118,1,1,0.5003909,True,1,0.7623673,True,1,0.53959435,True,0.96913946,0.50609505,0.75750685,Easy
6119,1,0,0.51421094,False,1,0.6185056,True,1,0.9294072,True,0.9666029,0.51452845,0.8371475,Easy
6120,1,1,0.55498195,True,1,0.8094303,True,1,0.9504319,True,0.9641401,0.5079991,0.8279276,Easy
6121,1,1,0.5038178,True,1,0.747734,True,1,0.91701233,True,0.9677819,0.5051,0.89054847,Easy
6122,0,1,0.5592565,False,1,0.6308679,False,0,0.5394204,True,0.9686173,0.5152874,0.8457755,Graph_Only
6123,0,0,0.5993135,True,0,0.7204574,True,0,0.9931251,True,0.96992815,0.5186397,0.91306126,Easy
6124,1,1,0.54989296,True,1,0.9123247,True,1,0.9940578,True,0.9634074,0.5029497,0.77732635,Easy
6125,1,1,0.5378059,True,1,0.81407726,True,1,0.86264426,True,0.9673384,0.49639073,0.8825353,Easy
6126,1,0,0.5799703,False,1,0.6750923,True,1,0.81915617,True,0.9650569,0.5093971,0.86258256,Easy
6127,0,0,0.57601255,True,0,0.80627984,True,0,0.95178956,True,0.97354347,0.5275244,0.7863929,Easy
6128,1,0,0.5207894,False,0,0.9317089,False,1,0.81563437,True,0.96827257,0.5276763,0.9154667,Graph_Only
6129,0,0,0.60208565,True,0,0.74719524,True,0,0.99288553,True,0.9700899,0.5173043,0.90365237,Easy
6130,1,0,0.5046274,False,1,0.77807665,True,1,0.5178535,True,0.96592987,0.509956,0.91135335,Easy
6131,0,0,0.62841314,True,0,0.6203482,True,0,0.94574225,True,0.9671013,0.52765346,0.79511446,Easy
6132,1,1,0.5185441,True,1,0.9740112,True,1,0.998565,True,0.9589565,0.49496028,0.80629015,Easy
6133,0,0,0.6589826,True,0,0.53623027,True,0,0.9804966,True,0.97024935,0.51261216,0.85863626,Easy
6134,1,1,0.52629006,True,1,0.91523695,True,1,0.98994094,True,0.96407014,0.4998139,0.7953135,Easy
6135,1,0,0.63953716,False,1,0.74683017,True,0,0.9271863,False,0.9657179,0.49602136,0.88542116,Text_Only
6136,1,0,0.5674523,False,0,0.5279328,False,1,0.7288982,True,0.97281,0.5157279,0.80662525,Graph_Only
6137,0,0,0.54407126,True,1,0.91994846,False,1,0.73089504,False,0.96496,0.49220294,0.875298,Hard
6138,1,1,0.5303066,True,1,0.8744178,True,1,0.9310876,True,0.9643049,0.5059159,0.83056754,Easy
6139,0,1,0.5100218,False,1,0.7251382,False,1,0.5251429,False,0.96716523,0.5142277,0.89979154,Hard
6140,1,1,0.52708423,True,1,0.727085,True,1,0.9530568,True,0.9671942,0.50657266,0.8761297,Easy
6141,1,0,0.52660114,False,1,0.8013029,True,1,0.82352334,True,0.96988034,0.5053497,0.8792149,Easy
6142,0,0,0.6336604,True,0,0.76768374,True,0,0.9221388,True,0.9708394,0.5190335,0.8213022,Easy
6143,1,0,0.53477126,False,1,0.72569734,True,1,0.6934286,True,0.96624047,0.5109566,0.8206635,Easy
6144,0,0,0.6957237,True,1,0.59862554,False,0,0.8922758,True,0.9674102,0.5128449,0.85879636,Graph_Only
6145,0,0,0.6425201,True,0,0.5977931,True,0,0.9677797,True,0.9710525,0.5220084,0.853226,Easy
6146,0,0,0.6225311,True,0,0.7426271,True,0,0.9005194,True,0.97110826,0.52098846,0.7572099,Easy
6147,1,1,0.5042733,True,1,0.7584007,True,1,0.9396123,True,0.9658711,0.50476354,0.88726604,Easy
6148,1,1,0.519312,True,1,0.7069306,True,1,0.8191048,True,0.96995485,0.5010369,0.8595146,Easy
6149,0,0,0.61243373,True,0,0.82079685,True,0,0.8340349,True,0.9713301,0.5239754,0.8142584,Easy
6150,1,1,0.53748685,True,1,0.77365243,True,1,0.99287695,True,0.96734136,0.51408464,0.913333,Easy
6151,1,1,0.53786445,True,1,0.9427068,True,1,0.99607456,True,0.96245766,0.50318766,0.8343241,Easy
6152,1,1,0.5422257,True,1,0.81768966,True,1,0.9182115,True,0.964086,0.5069679,0.917669,Easy
6153,0,0,0.5775819,True,1,0.800335,False,1,0.6353273,False,0.9653661,0.49803215,0.8647015,Hard
6154,1,1,0.51351565,True,1,0.9398097,True,1,0.988504,True,0.9647335,0.49673873,0.8050746,Easy
6155,1,0,0.53758246,False,1,0.74075586,True,1,0.9387501,True,0.96725047,0.5016328,0.7734717,Easy
6156,0,0,0.5037585,True,1,0.7676193,False,1,0.592034,False,0.96648264,0.5113916,0.910019,Hard
6157,1,1,0.5245011,True,1,0.9590476,True,1,0.9988673,True,0.96165466,0.49949098,0.8891367,Easy
6158,0,0,0.54465157,True,1,0.7913628,False,1,0.5739804,False,0.9656832,0.50119954,0.79225844,Hard
6159,0,0,0.5606589,True,0,0.90163857,True,0,0.9825613,True,0.9679242,0.526419,0.7690923,Easy
6160,1,1,0.6205575,True,1,0.8139618,True,1,0.98442876,True,0.9657376,0.5159738,0.8814177,Easy
6161,1,0,0.57006395,False,0,0.5304959,False,1,0.70712507,True,0.9673392,0.51573294,0.8515218,Graph_Only
6162,1,0,0.5170129,False,1,0.79176974,True,1,0.9374263,True,0.9654939,0.5063525,0.91055703,Easy
6163,0,0,0.5725369,True,0,0.75165766,True,0,0.97951424,True,0.9695128,0.52919155,0.78154576,Easy
6164,0,0,0.69885266,True,1,0.5954061,False,0,0.9652474,True,0.9677979,0.51706463,0.91061157,Graph_Only
6165,0,0,0.56259006,True,0,0.8195094,True,0,0.9910129,True,0.9688142,0.51619244,0.81064546,Easy
6166,1,1,0.5215411,True,1,0.9584318,True,1,0.9985378,True,0.95984066,0.50553936,0.8542403,Easy
6167,1,1,0.52556676,True,1,0.9616044,True,1,0.996994,True,0.9602304,0.4980289,0.78168404,Easy
6168,1,1,0.5236407,True,1,0.9389495,True,1,0.9242869,True,0.96370316,0.49827445,0.9389545,Easy
6169,0,0,0.54692453,True,0,0.88826275,True,0,0.9959258,True,0.9670843,0.51934373,0.80226123,Easy
6170,0,0,0.7289656,True,1,0.532848,False,0,0.8237942,True,0.9672998,0.51310897,0.8240827,Graph_Only
6171,1,1,0.52205676,True,1,0.96467173,True,1,0.99813867,True,0.9576484,0.50739145,0.87349457,Easy
6172,1,1,0.5446623,True,1,0.90256286,True,1,0.9807726,True,0.9643328,0.49575806,0.8645564,Easy
6173,1,1,0.5452362,True,1,0.8731719,True,1,0.99272436,True,0.9666061,0.4974741,0.7556585,Easy
6174,1,1,0.5444384,True,1,0.6080159,True,1,0.8626988,True,0.96805274,0.5027044,0.0,Easy
6175,1,1,0.5611039,True,1,0.9147141,True,1,0.9924293,True,0.9642408,0.49756238,0.8984973,Easy
6176,1,1,0.5385028,True,1,0.848111,True,1,0.9866682,True,0.9669285,0.5036672,0.87688893,Easy
6177,1,1,0.5863966,True,1,0.83426607,True,1,0.9969459,True,0.96491176,0.51517355,0.9373163,Easy
6178,1,1,0.5105101,True,1,0.8788652,True,1,0.9453104,True,0.96302974,0.50981164,0.89113295,Easy
6179,0,0,0.5391062,True,0,0.9779779,True,0,0.98059803,True,0.96609306,0.5323157,0.9107433,Easy
6180,1,1,0.5218279,True,1,0.8322807,True,1,0.9006532,True,0.9665907,0.50092435,0.8587308,Easy
6181,1,0,0.50393575,False,1,0.63726187,True,1,0.93434536,True,0.9663177,0.51346743,0.8803496,Easy
6182,1,1,0.5235961,True,1,0.9507628,True,1,0.9970498,True,0.9619701,0.49524564,0.91483426,Easy
6183,1,1,0.5422366,True,1,0.6001395,True,1,0.9428678,True,0.9658101,0.52410996,0.8868613,Easy
6184,1,1,0.53220785,True,1,0.9571492,True,1,0.9920393,True,0.963295,0.50609887,0.6853303,Easy
6185,1,0,0.59409606,False,1,0.6509998,True,1,0.7722728,True,0.967286,0.51068777,0.9006594,Easy
6186,1,1,0.5925728,True,1,0.76729757,True,1,0.98884994,True,0.96724695,0.5229314,0.8237415,Easy
6187,0,0,0.55773467,True,0,0.904044,True,0,0.7853315,True,0.96898365,0.53039217,0.876413,Easy
6188,1,1,0.5511575,True,1,0.7468814,True,1,0.76388544,True,0.96594405,0.5003365,0.8506316,Easy
6189,1,1,0.53983146,True,1,0.96235996,True,1,0.9989145,True,0.96061635,0.500962,0.77032554,Easy
6190,0,0,0.65019643,True,0,0.80806637,True,0,0.9902542,True,0.96670854,0.5232072,0.802369,Easy
6191,1,1,0.55721945,True,1,0.7335503,True,1,0.9912327,True,0.9626652,0.5133701,0.75048935,Easy
6192,1,0,0.5261744,False,1,0.6291765,True,0,0.6191949,False,0.9685515,0.51056683,0.0,Text_Only
6193,0,0,0.5720247,True,0,0.853429,True,0,0.94292045,True,0.9710274,0.52563864,0.0,Easy
6194,1,1,0.5105488,True,1,0.69945097,True,1,0.9669753,True,0.96700823,0.5052541,0.79318106,Easy
6195,0,0,0.54594606,True,0,0.9773078,True,0,0.9793736,True,0.9646965,0.5319998,0.8968111,Easy
6196,1,1,0.5450372,True,1,0.88409436,True,1,0.99606305,True,0.963564,0.5074727,0.85415196,Easy
6197,1,1,0.53866947,True,1,0.9664429,True,1,0.998868,True,0.958813,0.5002884,0.8640949,Easy
6198,1,1,0.52199256,True,1,0.9594754,True,1,0.99135137,True,0.962346,0.49690908,0.7592327,Easy
6199,1,1,0.5364044,True,1,0.901162,True,1,0.9803853,True,0.9625513,0.49876237,0.789134,Easy
6200,0,0,0.5855938,True,0,0.6887882,True,0,0.929255,True,0.97140145,0.5195666,0.759652,Easy
6201,0,0,0.5535114,True,0,0.83409536,True,0,0.77650666,True,0.9728719,0.52621347,0.82399714,Easy
6202,0,0,0.63203263,True,0,0.603666,True,0,0.99343574,True,0.971082,0.5144478,0.87159085,Easy
6203,1,0,0.5001582,False,1,0.9275958,True,1,0.9841208,True,0.9645034,0.49506676,0.8548461,Easy
6204,1,0,0.5612286,False,0,0.90524817,False,0,0.5112798,False,0.96983016,0.52671796,0.78270227,Hard
6205,0,0,0.66410816,True,0,0.6681508,True,0,0.93119097,True,0.9667625,0.5186439,0.88658726,Easy
6206,1,1,0.5109525,True,1,0.96188724,True,1,0.9959288,True,0.9614068,0.49713528,0.8275416,Easy
6207,1,1,0.50451756,True,1,0.91333765,True,1,0.9701264,True,0.9643792,0.49696144,0.85158646,Easy
6208,1,1,0.5478679,True,1,0.8252113,True,1,0.9108522,True,0.9675637,0.502556,0.8159015,Easy
6209,0,1,0.5010937,False,1,0.6732518,False,1,0.8834046,False,0.9686095,0.51040596,0.8575145,Hard
6210,1,1,0.522869,True,1,0.8630147,True,1,0.97477674,True,0.9632212,0.5041411,0.86095095,Easy
6211,0,1,0.506109,False,1,0.86385655,False,1,0.8298001,False,0.9652143,0.5078942,0.84873724,Hard
6212,1,1,0.5222213,True,1,0.9446853,True,1,0.9947254,True,0.96272165,0.49451432,0.82786185,Easy
6213,1,1,0.55667657,True,1,0.8960022,True,1,0.9959098,True,0.9628734,0.507397,0.7534344,Easy
6214,1,1,0.5515746,True,1,0.86290425,True,1,0.9720691,True,0.9647591,0.50717264,0.88385236,Easy
6215,1,1,0.5137677,True,1,0.92899483,True,1,0.96860844,True,0.9640648,0.50154,0.9163046,Easy
6216,1,0,0.59706193,False,0,0.5272224,False,1,0.7916151,True,0.97224873,0.51258254,0.9191513,Graph_Only
6217,1,1,0.5699144,True,1,0.7463247,True,1,0.9713055,True,0.96453995,0.5123791,0.842072,Easy
6218,1,1,0.5479791,True,1,0.8657743,True,1,0.98924494,True,0.96572435,0.50769174,0.7658732,Easy
6219,1,1,0.52616394,True,1,0.93957824,True,1,0.9888586,True,0.96125567,0.5028871,0.8131664,Easy
6220,1,0,0.6666248,False,0,0.58685577,False,1,0.5600102,True,0.96965957,0.51315063,0.88107085,Graph_Only
6221,0,0,0.67524123,True,0,0.70973676,True,0,0.94776314,True,0.9662629,0.52122617,0.8479111,Easy
6222,1,1,0.5413428,True,1,0.84221137,True,1,0.95309925,True,0.96549654,0.49912423,0.0,Easy
6223,1,1,0.55599284,True,1,0.88472605,True,1,0.9868917,True,0.9642565,0.5011339,0.8450849,Easy
6224,1,1,0.5227261,True,1,0.96568584,True,1,0.9925736,True,0.9611913,0.49339557,0.76639736,Easy
6225,1,1,0.55807656,True,1,0.8027357,True,1,0.9703747,True,0.9655768,0.50751853,0.88543355,Easy
6226,1,0,0.55824286,False,0,0.60312635,False,1,0.887746,True,0.9682238,0.51730067,0.86606526,Graph_Only
6227,1,1,0.54329735,True,1,0.8454097,True,1,0.9691105,True,0.96528447,0.4988513,0.8102262,Easy
6228,1,1,0.53018934,True,1,0.84157056,True,1,0.8573654,True,0.9661795,0.50324464,0.93361163,Easy
6229,0,0,0.65605354,True,1,0.63842386,False,0,0.94904375,True,0.9681298,0.5074069,0.8090473,Graph_Only
6230,1,0,0.5902066,False,1,0.66554946,True,0,0.50870675,False,0.9683651,0.51159227,0.8239393,Text_Only
6231,0,0,0.5996207,True,1,0.5424765,False,0,0.56006247,True,0.96893024,0.50977576,0.81048584,Graph_Only
6232,1,0,0.5426544,False,1,0.7399153,True,1,0.8386066,True,0.96849716,0.50441134,0.79246366,Easy
6233,1,0,0.504973,False,1,0.692471,True,1,0.8834652,True,0.9720919,0.5049465,0.8206233,Easy
6234,1,1,0.5219015,True,1,0.83538103,True,1,0.98323387,True,0.96407723,0.5174657,0.9001396,Easy
6235,1,1,0.53889257,True,1,0.8431927,True,1,0.96367437,True,0.9649588,0.5130117,0.86006844,Easy
6236,1,0,0.5010283,False,1,0.8703124,True,1,0.97302,True,0.9645902,0.4962982,0.872375,Easy
6237,0,0,0.5587398,True,0,0.8978708,True,0,0.992448,True,0.96937525,0.52359015,0.0,Easy
6238,1,1,0.58302915,True,1,0.7880586,True,1,0.94869375,True,0.96717966,0.51213455,0.8922425,Easy
6239,0,0,0.6185757,True,0,0.82709795,True,0,0.8335949,True,0.9708954,0.5247795,0.8190457,Easy
6240,1,0,0.52731216,False,0,0.88915986,False,1,0.77550125,True,0.9725874,0.525197,0.8467297,Graph_Only
6241,1,0,0.50909173,False,1,0.58395565,True,1,0.7818127,True,0.96681285,0.520304,0.821648,Easy
6242,1,1,0.5170906,True,1,0.6622912,True,1,0.9501558,True,0.96581113,0.507865,0.8154964,Easy
6243,1,1,0.5295659,True,1,0.93375766,True,1,0.99760026,True,0.9627969,0.49962437,0.83088005,Easy
6244,1,1,0.5206862,True,1,0.9572176,True,1,0.9976695,True,0.96133125,0.4964508,0.86003345,Easy
6245,1,0,0.5013502,False,1,0.9147627,True,1,0.97535014,True,0.9642666,0.49785557,0.80214006,Easy
6246,1,0,0.5741168,False,0,0.8475426,False,0,0.5483124,False,0.97070557,0.5210854,0.7776365,Hard
6247,0,0,0.5670544,True,0,0.71884835,True,0,0.98566544,True,0.97042334,0.51391053,0.8841104,Easy
6248,1,1,0.52864003,True,1,0.7681846,True,1,0.94562554,True,0.964968,0.5079318,0.8695778,Easy
6249,0,0,0.53710556,True,0,0.96882665,True,0,0.99002457,True,0.9669038,0.5310063,0.9309995,Easy
6250,1,1,0.5516566,True,1,0.9034999,True,1,0.98113084,True,0.9648412,0.50478697,0.8397818,Easy
6251,0,0,0.5826592,True,0,0.8413377,True,0,0.74538666,True,0.969103,0.52819127,0.8036561,Easy
6252,1,0,0.5116373,False,1,0.58292973,True,1,0.9754097,True,0.9701588,0.5128175,0.8634229,Easy
6253,1,1,0.55145025,True,1,0.5463721,True,0,0.5147662,False,0.9660664,0.5209419,0.9405558,Text_Only
6254,0,0,0.5457942,True,0,0.91963106,True,0,0.9973937,True,0.9654354,0.5313819,0.8096131,Easy
6255,1,1,0.5278791,True,1,0.88667005,True,1,0.9929947,True,0.96321917,0.50465244,0.8003007,Easy
6256,0,0,0.6131139,True,1,0.80823344,False,0,0.87004113,True,0.96662354,0.50138366,0.84078145,Graph_Only
6257,1,1,0.5728838,True,1,0.66001517,True,1,0.8018936,True,0.9662368,0.516995,0.850492,Easy
6258,1,1,0.51779246,True,1,0.93324584,True,1,0.9952494,True,0.96373934,0.49847534,0.8359432,Easy
6259,0,0,0.62254995,True,0,0.66203725,True,0,0.68743885,True,0.9710729,0.51752156,0.8438002,Easy
6260,1,1,0.54279375,True,1,0.64563215,True,1,0.8746215,True,0.9657302,0.5078173,0.89721864,Easy
6261,1,0,0.6153794,False,0,0.74504673,False,0,0.8759889,False,0.96782863,0.52280205,0.84676576,Hard
6262,1,0,0.55519146,False,0,0.5357288,False,1,0.5162268,True,0.9701046,0.51598066,0.7764813,Graph_Only
6263,1,1,0.540945,True,1,0.92041814,True,1,0.9722892,True,0.9646273,0.5014006,0.0,Easy
6264,1,1,0.55501914,True,1,0.8653292,True,1,0.9649666,True,0.9649471,0.5151914,0.92711544,Easy
6265,1,1,0.51584864,True,1,0.94541836,True,1,0.9805474,True,0.96143013,0.50576097,0.805791,Easy
6266,0,1,0.525224,False,1,0.63213956,False,1,0.58370525,False,0.97173405,0.51372087,0.819234,Hard
6267,1,1,0.5639868,True,1,0.7380345,True,1,0.92917913,True,0.9659745,0.5142411,0.8713835,Easy
6268,1,0,0.52961594,False,1,0.6035916,True,1,0.5322373,True,0.96685547,0.5083655,0.9071858,Easy
6269,1,0,0.6233918,False,0,0.676129,False,0,0.6181527,False,0.9676609,0.5180568,0.0,Hard
6270,0,0,0.53300786,True,1,0.65895253,False,0,0.55550236,True,0.9689953,0.5078164,0.0,Graph_Only
6271,1,1,0.5295921,True,1,0.9655385,True,1,0.99706846,True,0.9608432,0.50375175,0.85289776,Easy
6272,1,0,0.5507354,False,1,0.612436,True,1,0.5940278,True,0.96692324,0.51141906,0.0,Easy
6273,1,0,0.5045321,False,0,0.89458025,False,1,0.9120275,True,0.966596,0.53653437,0.8042829,Graph_Only
6274,0,1,0.5191002,False,1,0.84214246,False,1,0.9007022,False,0.9640855,0.5017321,0.0,Hard
6275,1,0,0.59917486,False,0,0.7090068,False,0,0.7080235,False,0.97121507,0.5215961,0.0,Hard
6276,1,1,0.5293167,True,1,0.8937994,True,1,0.98390424,True,0.9641534,0.5056435,0.79254687,Easy
6277,1,1,0.511534,True,1,0.9539347,True,1,0.9916168,True,0.9594219,0.50422287,0.0,Easy
6278,1,1,0.5094402,True,1,0.9521435,True,1,0.9897765,True,0.9613998,0.494632,0.0,Easy
6279,0,0,0.5657262,True,0,0.90712935,True,0,0.9417406,True,0.96941245,0.53194124,0.7933999,Easy
6280,1,1,0.5309418,True,1,0.81642795,True,1,0.97498226,True,0.9652109,0.5101541,0.8958557,Easy
6281,1,1,0.5713727,True,1,0.8067876,True,1,0.96683663,True,0.9662632,0.5057006,0.8127276,Easy
6282,0,1,0.5102003,False,1,0.50516856,False,0,0.51923496,True,0.96730006,0.5188612,0.9170022,Graph_Only
6283,0,0,0.6208987,True,0,0.8055829,True,0,0.9217267,True,0.9688065,0.5208901,0.0,Easy
6284,1,1,0.5613416,True,1,0.91848177,True,1,0.998099,True,0.9651512,0.5117136,0.79425406,Easy
6285,0,0,0.5006879,True,0,0.59363043,True,0,0.62791467,True,0.9681051,0.5257136,0.87121665,Easy
6286,1,1,0.52356017,True,1,0.6951596,True,1,0.87686425,True,0.96479344,0.5060035,0.0,Easy
6287,0,0,0.5465916,True,0,0.87296426,True,0,0.9579118,True,0.9673282,0.5188711,0.7849841,Easy
6288,1,1,0.51757723,True,1,0.9091228,True,1,0.976394,True,0.96389544,0.5061916,0.8540882,Easy
6289,0,0,0.58161986,True,0,0.9031213,True,0,0.9168873,True,0.9695821,0.52286494,0.81614155,Easy
6290,0,1,0.52898854,False,1,0.76165634,False,1,0.7208237,False,0.9666272,0.5096087,0.7600182,Hard
6291,0,0,0.7103456,True,1,0.61397845,False,0,0.96405256,True,0.9712608,0.5016512,0.8644593,Graph_Only
6292,0,0,0.5652049,True,0,0.77761215,True,0,0.91828775,True,0.9672206,0.51996875,0.8687668,Easy
6293,1,0,0.5079058,False,1,0.92930144,True,1,0.9777117,True,0.95995474,0.5032493,0.0,Easy
6294,1,0,0.51000524,False,1,0.9058992,True,1,0.94009745,True,0.963271,0.49783078,0.83480823,Easy
6295,1,0,0.5872605,False,1,0.5082734,True,0,0.63222814,False,0.9688767,0.5119724,0.0,Text_Only
6296,1,0,0.5724336,False,1,0.6346765,True,0,0.5562154,False,0.9658844,0.50538987,0.9205111,Text_Only
6297,1,1,0.5135409,True,1,0.9444218,True,1,0.98944384,True,0.9608722,0.5013585,0.0,Easy
6298,0,0,0.6152185,True,0,0.8574417,True,0,0.92804456,True,0.96780205,0.52101666,0.0,Easy
6299,1,1,0.5052232,True,1,0.8397416,True,1,0.94363827,True,0.9643593,0.5078021,0.86065185,Easy
6300,1,1,0.518751,True,1,0.9146221,True,1,0.98746,True,0.96100163,0.5072144,0.0,Easy
6301,1,1,0.51632553,True,1,0.7338374,True,1,0.7725593,True,0.97155845,0.5052118,0.73761725,Easy
6302,0,0,0.5470385,True,0,0.7523391,True,0,0.60904545,True,0.9681585,0.5281449,0.88032484,Easy
6303,0,0,0.5705428,True,0,0.8634459,True,0,0.9414862,True,0.97059697,0.5287086,0.8942281,Easy
6304,0,0,0.6142234,True,0,0.90041304,True,0,0.9915086,True,0.9678533,0.522609,0.0,Easy
6305,1,0,0.60369223,False,1,0.5248639,True,0,0.7015468,False,0.96757257,0.5169253,0.0,Text_Only
6306,0,0,0.51646614,True,1,0.8672514,False,1,0.93985856,False,0.9650744,0.5097171,0.8892939,Hard
6307,1,0,0.5588729,False,1,0.6801509,True,0,0.73656946,False,0.96722263,0.5068348,0.0,Text_Only
6308,1,0,0.5106928,False,1,0.90165436,True,1,0.7567771,True,0.96760774,0.4966774,0.7531123,Easy
6309,1,1,0.519821,True,1,0.5523093,True,1,0.746716,True,0.96963024,0.5116908,0.8682708,Easy
6310,1,1,0.53621566,True,1,0.71333766,True,1,0.75090134,True,0.96771675,0.5150366,0.9136483,Easy
6311,0,0,0.574426,True,0,0.91639584,True,0,0.9933547,True,0.96668994,0.52362883,0.8892201,Easy
6312,0,0,0.552528,True,0,0.81855595,True,0,0.72052634,True,0.9686483,0.52642417,0.7709918,Easy
6313,0,0,0.56030434,True,0,0.9232681,True,0,0.9405782,True,0.9703015,0.52406764,0.83530825,Easy
6314,0,0,0.56601435,True,0,0.94070846,True,0,0.9663783,True,0.96965444,0.53078526,0.8600991,Easy
6315,0,0,0.56118655,True,0,0.96870404,True,0,0.99607277,True,0.96338177,0.5318973,0.8115658,Easy
6316,1,0,0.50661105,False,1,0.8108694,True,1,0.9607688,True,0.9643285,0.50237685,0.80471575,Easy
6317,1,0,0.5331349,False,0,0.6866343,False,1,0.5829946,True,0.9671506,0.52102005,0.86720926,Graph_Only
6318,0,0,0.65254194,True,0,0.589212,True,0,0.6724863,True,0.9674895,0.5172923,0.8406192,Easy
6319,1,0,0.7145985,False,1,0.54234916,True,0,0.6089147,False,0.9665419,0.5096816,0.0,Text_Only
6320,1,0,0.51590735,False,1,0.89742696,True,1,0.834872,True,0.96376204,0.50752854,0.7966222,Easy
6321,1,1,0.50412357,True,1,0.6173753,True,1,0.5762953,True,0.9649209,0.5056497,0.8636334,Easy
6322,1,1,0.51713824,True,1,0.9180672,True,1,0.9861502,True,0.96161425,0.5044538,0.0,Easy
6323,0,0,0.5859296,True,0,0.947704,True,0,0.99349666,True,0.9639698,0.5245136,0.0,Easy
6324,1,0,0.6203974,False,1,0.60700935,True,1,0.518717,True,0.96903235,0.5100896,0.78789026,Easy
6325,1,0,0.5337857,False,1,0.74998933,True,1,0.5732639,True,0.96414864,0.4976397,0.7907198,Easy
6326,0,0,0.5957055,True,1,0.61028486,False,0,0.63726276,True,0.9667021,0.50937676,0.86896193,Graph_Only
6327,1,0,0.5024312,False,1,0.7803213,True,1,0.7293348,True,0.9663632,0.5010428,0.8829199,Easy
6328,1,1,0.536639,True,1,0.63936293,True,0,0.57170147,False,0.9676051,0.52041733,0.88529754,Text_Only
6329,0,0,0.5726515,True,0,0.9092717,True,0,0.95546126,True,0.97029614,0.5312149,0.72936827,Easy
6330,0,0,0.62944865,True,1,0.568225,False,0,0.67993504,True,0.9685244,0.5082635,0.0,Graph_Only
6331,1,0,0.50501764,False,1,0.7539677,True,1,0.83621174,True,0.96380824,0.5095402,0.79610837,Easy
6332,1,0,0.54459745,False,1,0.6740103,True,1,0.8855876,True,0.9648874,0.51399964,0.8362888,Easy
6333,1,1,0.5339732,True,1,0.85936034,True,1,0.93410736,True,0.9654608,0.50061274,0.0,Easy
6334,1,1,0.520644,True,1,0.6337798,True,1,0.9260539,True,0.9688006,0.5152405,0.8225545,Easy
6335,0,0,0.67897046,True,0,0.5838674,True,0,0.9491638,True,0.9645903,0.51692986,0.0,Easy
6336,1,1,0.52421504,True,1,0.82769984,True,1,0.89896613,True,0.96727407,0.50406885,0.8463706,Easy
6337,0,0,0.5657044,True,1,0.55521494,False,1,0.6416149,False,0.9677102,0.5166698,0.8369433,Hard
6338,0,0,0.5676641,True,0,0.9544054,True,0,0.99517703,True,0.96424115,0.5302087,0.91640043,Easy
6339,1,1,0.52252215,True,1,0.8998506,True,1,0.9688797,True,0.96270895,0.5020853,0.87395376,Easy
6340,0,0,0.626038,True,0,0.61335,True,0,0.80311793,True,0.9671526,0.5200444,0.82711905,Easy
6341,0,0,0.62776905,True,1,0.6414596,False,0,0.95414454,True,0.9663509,0.50585884,0.86627555,Graph_Only
6342,1,1,0.53807867,True,1,0.91678035,True,1,0.99595875,True,0.9616723,0.50946254,0.849958,Easy
6343,1,1,0.5329405,True,1,0.8198828,True,1,0.97132313,True,0.966168,0.50777066,0.9299103,Easy
6344,1,0,0.51731,False,1,0.8799949,True,1,0.8300367,True,0.96565557,0.49880952,0.0,Easy
6345,0,0,0.61937225,True,0,0.77800465,True,0,0.9399805,True,0.9694996,0.52279174,0.81162184,Easy
6346,0,0,0.5812679,True,0,0.9502366,True,0,0.9947824,True,0.9653559,0.5300388,0.8561541,Easy
6347,0,0,0.60168076,True,0,0.75318325,True,0,0.8446911,True,0.9712145,0.5242493,0.78400314,Easy
6348,1,1,0.5110282,True,1,0.8016073,True,1,0.95119673,True,0.9672359,0.5095039,0.9210474,Easy
6349,0,0,0.5717642,True,0,0.8618465,True,0,0.93319714,True,0.97067404,0.5284913,0.8527051,Easy
6350,0,0,0.55358607,True,1,0.8936207,False,1,0.5869712,False,0.9657965,0.49218345,0.75597984,Hard
6351,1,0,0.50295573,False,1,0.8370149,True,1,0.91298556,True,0.963667,0.50637084,0.0,Easy
6352,0,0,0.56087184,True,0,0.9742666,True,0,0.99295616,True,0.96333313,0.5309992,0.0,Easy
6353,0,0,0.5970067,True,0,0.87920153,True,0,0.9752558,True,0.9683296,0.5237571,0.0,Easy
6354,1,0,0.63030094,False,0,0.5516331,False,0,0.57710445,False,0.9676186,0.51822686,0.0,Hard
6355,0,0,0.5627017,True,1,0.8230954,False,1,0.6297493,False,0.9684997,0.496665,0.0,Hard
6356,1,0,0.50708926,False,0,0.53771293,False,0,0.65039945,False,0.96918756,0.5170754,0.0,Hard
6357,0,0,0.5267171,True,1,0.76801723,False,1,0.87682724,False,0.9645742,0.50214654,0.0,Hard
6358,0,0,0.5292172,True,1,0.6100872,False,0,0.6560193,True,0.9678767,0.5083825,0.0,Graph_Only
6359,1,0,0.54148173,False,1,0.69268954,True,1,0.8129584,True,0.96520877,0.50694263,0.0,Easy
6360,1,1,0.5327816,True,1,0.9419648,True,1,0.9935087,True,0.9587756,0.5061035,0.0,Easy
6361,1,1,0.5382858,True,1,0.929796,True,1,0.99615365,True,0.9633771,0.5046635,0.0,Easy
6362,1,0,0.5199198,False,1,0.58139694,True,1,0.90095544,True,0.9650774,0.5151072,0.0,Easy
6363,1,0,0.6187475,False,1,0.5074281,True,0,0.68687195,False,0.9699903,0.5213332,0.8160601,Text_Only
6364,1,1,0.5519393,True,1,0.8634522,True,1,0.9238968,True,0.9652213,0.49643093,0.0,Easy
6365,0,0,0.56766915,True,0,0.9575399,True,0,0.9948442,True,0.965137,0.5287176,0.0,Easy
6366,1,0,0.55069345,False,1,0.70534414,True,1,0.88443655,True,0.9655395,0.50980955,0.8001481,Easy
6367,1,1,0.5128398,True,1,0.8333917,True,1,0.83736604,True,0.9646354,0.5015234,0.8563825,Easy
6368,1,0,0.6183031,False,0,0.57379913,False,1,0.6595235,True,0.96688247,0.5180577,0.8282708,Graph_Only
6369,1,0,0.52654254,False,0,0.701874,False,1,0.94263536,True,0.97075987,0.5190369,0.0,Graph_Only
6370,1,0,0.6172215,False,1,0.5619959,True,1,0.6117439,True,0.9644693,0.5175586,0.0,Easy
6371,1,1,0.5639748,True,1,0.6328529,True,1,0.75232124,True,0.96617365,0.51136553,0.9011142,Easy
6372,1,1,0.5121159,True,1,0.8722125,True,1,0.9454745,True,0.9633516,0.50111514,0.0,Easy
6373,1,1,0.5269556,True,1,0.79557174,True,1,0.92458224,True,0.9653897,0.5040423,0.0,Easy
6374,0,0,0.6260259,True,1,0.607383,False,1,0.55278295,False,0.9678509,0.5077115,0.0,Hard
6375,0,0,0.5619126,True,0,0.9153581,True,0,0.9804639,True,0.9665222,0.52892613,0.77719605,Easy
6376,1,0,0.52324605,False,1,0.711054,True,1,0.8631154,True,0.9661343,0.5025072,0.0,Easy
6377,0,0,0.574499,True,0,0.9761001,True,0,0.9964485,True,0.9626432,0.53289324,0.0,Easy
6378,1,0,0.50137323,False,1,0.7228446,True,1,0.90131974,True,0.96717477,0.5072229,0.895491,Easy
6379,1,1,0.552945,True,1,0.5793577,True,1,0.65714127,True,0.96862596,0.5217278,0.8572736,Easy
6380,1,1,0.5126287,True,1,0.8353104,True,0,0.5864232,False,0.9665488,0.50713056,0.8789153,Text_Only
6381,1,0,0.5291731,False,0,0.9070204,False,1,0.6543025,True,0.969679,0.52062726,0.0,Graph_Only
6382,1,0,0.5125823,False,1,0.8979278,True,1,0.94409406,True,0.9610567,0.50643504,0.0,Easy
6383,1,1,0.51685613,True,1,0.9571275,True,1,0.9810472,True,0.963852,0.50162476,0.7375802,Easy
6384,1,1,0.50138783,True,0,0.5540622,False,1,0.5440235,True,0.96680105,0.5173255,0.90248024,Graph_Only
6385,1,1,0.51284164,True,0,0.5116887,False,0,0.54757845,False,0.9693059,0.5197389,0.7881665,Hard
6386,1,0,0.5319587,False,1,0.5974662,True,1,0.8903606,True,0.96545213,0.5121367,0.0,Easy
6387,1,1,0.55962557,True,1,0.63784456,True,1,0.8948703,True,0.967708,0.50479615,0.0,Easy
6388,1,1,0.5759934,True,1,0.84605104,True,1,0.9864943,True,0.96561563,0.5138587,0.9275199,Easy
6389,1,1,0.5789766,True,1,0.62130064,True,1,0.69520295,True,0.96850824,0.5107267,0.905609,Easy
6390,1,0,0.5165315,False,1,0.8520663,True,1,0.8526316,True,0.9662204,0.4988098,0.0,Easy
6391,1,1,0.52783287,True,1,0.8357593,True,1,0.92119783,True,0.9652495,0.5067648,0.90000063,Easy
6392,1,0,0.5649891,False,1,0.6295084,True,0,0.66362786,False,0.9656836,0.50506586,0.8964584,Text_Only
6393,1,1,0.5246393,True,1,0.9239485,True,1,0.93711907,True,0.96483624,0.5030026,0.82332754,Easy
6394,1,0,0.51120615,False,1,0.7954984,True,1,0.7803537,True,0.9674157,0.50087684,0.0,Easy
6395,1,1,0.5241888,True,1,0.86030126,True,1,0.98488533,True,0.96363115,0.5122242,0.0,Easy
6396,1,1,0.5368173,True,1,0.9415718,True,1,0.9973127,True,0.9614284,0.5068622,0.0,Easy
6397,0,0,0.58634955,True,0,0.7611802,True,0,0.7300282,True,0.9723428,0.52112633,0.82453996,Easy
6398,1,1,0.5702803,True,1,0.8906705,True,1,0.9861487,True,0.9646479,0.51400334,0.9081199,Easy
6399,1,1,0.5023511,True,1,0.85448134,True,1,0.94113266,True,0.96301746,0.5034831,0.84284556,Easy
6400,1,0,0.5044768,False,1,0.75665814,True,1,0.96245474,True,0.96534437,0.5089748,0.8473244,Easy
6401,1,1,0.573922,True,1,0.8572586,True,1,0.99379855,True,0.965462,0.5122373,0.8555348,Easy
6402,1,1,0.6321797,True,1,0.7309101,True,1,0.9699469,True,0.9671104,0.5201123,0.8868365,Easy
6403,1,1,0.5248328,True,1,0.9534336,True,1,0.9881329,True,0.96132076,0.5009278,0.81961536,Easy
6404,0,0,0.6560864,True,0,0.6724266,True,0,0.78727347,True,0.96796715,0.51907706,0.0,Easy
6405,1,0,0.6009893,False,0,0.6283655,False,0,0.5611952,False,0.96606684,0.5183306,0.8320787,Hard
6406,0,0,0.58345026,True,0,0.9492289,True,0,0.99748343,True,0.96462184,0.52395815,0.0,Easy
6407,0,1,0.510502,False,1,0.7123539,False,1,0.5356475,False,0.96580094,0.50240004,0.8289678,Hard
6408,1,1,0.54270154,True,1,0.7616824,True,1,0.9049545,True,0.9661497,0.50795126,0.0,Easy
6409,0,0,0.5144917,True,1,0.74137396,False,1,0.52402425,False,0.9643404,0.5109869,0.85416794,Hard
6410,1,0,0.50723934,False,1,0.8439115,True,1,0.9505537,True,0.96772563,0.49707288,0.0,Easy
6411,1,0,0.5076275,False,1,0.5905603,True,1,0.80913854,True,0.96741384,0.51935554,0.8007761,Easy
6412,0,0,0.51945555,True,1,0.55778503,False,0,0.5528927,True,0.96990633,0.5083298,0.0,Graph_Only
6413,1,0,0.579095,False,0,0.7214424,False,0,0.8960574,False,0.9692637,0.5242387,0.8359627,Hard
6414,1,0,0.5116013,False,1,0.93591624,True,1,0.98010594,True,0.9613858,0.49736145,0.75497556,Easy
6415,1,0,0.5336005,False,1,0.82746243,True,1,0.9613561,True,0.9668027,0.50158405,0.0,Easy
6416,1,1,0.54305905,True,1,0.68743676,True,1,0.90261346,True,0.96683747,0.5083373,0.8505448,Easy
6417,0,0,0.52384275,True,1,0.8515044,False,1,0.7648838,False,0.964932,0.5039498,0.8943038,Hard
6418,1,1,0.50313765,True,1,0.89517224,True,1,0.98308647,True,0.96229154,0.50482565,0.0,Easy
6419,1,1,0.53103834,True,1,0.9259628,True,1,0.99685067,True,0.9605683,0.51659757,0.77172625,Easy
6420,0,0,0.6052475,True,0,0.87396795,True,0,0.94166213,True,0.9701701,0.5293031,0.9121883,Easy
6421,1,1,0.52123564,True,1,0.89031214,True,1,0.9811359,True,0.96357286,0.5132382,0.79425895,Easy
6422,1,0,0.65514463,False,1,0.69416535,True,0,0.579859,False,0.9679661,0.5075098,0.81171834,Text_Only
6423,0,1,0.5160149,False,1,0.750443,False,1,0.90296346,False,0.96497965,0.5055112,0.841249,Hard
6424,0,0,0.56141657,True,0,0.7952866,True,0,0.6971701,True,0.97097003,0.5296127,0.8466623,Easy
6425,0,0,0.5632025,True,1,0.69456804,False,1,0.68101704,False,0.9670545,0.5060263,0.0,Hard
6426,1,0,0.5862147,False,0,0.57325053,False,0,0.5488739,False,0.9694308,0.51811683,0.8255172,Hard
6427,1,0,0.58189505,False,1,0.52157724,True,0,0.73397154,False,0.96739984,0.5137425,0.8692484,Text_Only
6428,0,0,0.6110601,True,0,0.65322363,True,0,0.91686904,True,0.97297245,0.5194204,0.0,Easy
6429,0,1,0.5064789,False,1,0.86565715,False,1,0.97748965,False,0.9635942,0.5186118,0.9144943,Hard
6430,0,1,0.54622346,False,0,0.5396796,True,0,0.51597804,True,0.9684527,0.5210886,0.875921,Easy
6431,1,1,0.5911156,True,1,0.7246979,True,1,0.57648164,True,0.9661615,0.5170437,0.87368715,Easy
6432,1,1,0.5286962,True,1,0.93364334,True,1,0.99530375,True,0.96487427,0.50149727,0.0,Easy
6433,0,0,0.6518138,True,1,0.6294797,False,0,0.8971813,True,0.96680397,0.5103555,0.0,Graph_Only
6434,1,1,0.51490617,True,1,0.890029,True,1,0.9500142,True,0.96433794,0.5051257,0.87033594,Easy
6435,1,0,0.5642336,False,1,0.75690305,True,1,0.7646982,True,0.96489453,0.5069785,0.0,Easy
6436,0,0,0.5501628,True,0,0.67285967,True,0,0.64790756,True,0.96765566,0.51859456,0.8990061,Easy
6437,0,0,0.6522495,True,1,0.57295555,False,0,0.55495995,True,0.9661312,0.5116791,0.0,Graph_Only
6438,1,1,0.52854866,True,1,0.96383446,True,1,0.9968394,True,0.9613476,0.5063495,0.8268177,Easy
6439,0,1,0.5141729,False,1,0.6759178,False,0,0.6090225,True,0.96746504,0.51533127,0.84900963,Graph_Only
6440,0,0,0.6747478,True,1,0.5471121,False,0,0.56556696,True,0.9680348,0.5109002,0.7788967,Graph_Only
6441,0,1,0.5254548,False,1,0.7981133,False,1,0.9740794,False,0.96468747,0.5167105,0.85525155,Hard
6442,1,0,0.5039479,False,1,0.8861047,True,1,0.9479754,True,0.9638999,0.50239974,0.0,Easy
6443,1,1,0.54905266,True,1,0.88288933,True,1,0.98835444,True,0.9622795,0.5094086,0.7895261,Easy
6444,0,0,0.524852,True,0,0.5737524,True,0,0.60179937,True,0.9673077,0.52307516,0.880213,Easy
6445,0,0,0.5245303,True,0,0.53781563,True,0,0.74120283,True,0.9704772,0.513745,0.0,Easy
6446,1,1,0.5351043,True,1,0.9046917,True,1,0.99053395,True,0.96472824,0.5092156,0.8322478,Easy
6447,0,0,0.63544923,True,0,0.79242575,True,0,0.9479779,True,0.9669134,0.5239252,0.0,Easy
6448,1,1,0.5437204,True,1,0.71457547,True,1,0.95049244,True,0.9657458,0.51322794,0.847045,Easy
6449,0,0,0.56144845,True,1,0.65124124,False,1,0.66425604,False,0.96522367,0.50639766,0.0,Hard
6450,0,0,0.5228909,True,1,0.9104271,False,1,0.68729115,False,0.9678564,0.49762157,0.76213,Hard
6451,0,0,0.55379874,True,1,0.5359781,False,0,0.7289567,True,0.97040725,0.513328,0.0,Graph_Only
6452,1,0,0.5780323,False,0,0.9109968,False,0,0.97396165,False,0.9693577,0.52388084,0.91239333,Hard
6453,1,0,0.53111815,False,1,0.50002825,True,1,0.9339732,True,0.9657738,0.5174303,0.9266716,Easy
6454,0,0,0.5427229,True,0,0.97829115,True,0,0.9993273,True,0.96250206,0.5277984,0.85039437,Easy
6455,1,1,0.544659,True,1,0.7890375,True,1,0.92170334,True,0.9632025,0.5048159,0.9247181,Easy
6456,1,1,0.53735703,True,1,0.92346954,True,1,0.99384934,True,0.96493256,0.50321776,0.0,Easy
6457,0,1,0.5153622,False,1,0.6936385,False,0,0.57666147,True,0.9663256,0.50844634,0.86005974,Graph_Only
6458,0,0,0.57879627,True,0,0.8994606,True,0,0.9709991,True,0.96895266,0.52527297,0.9329427,Easy
6459,0,0,0.5018091,True,1,0.6335281,False,0,0.57001895,True,0.96732557,0.51141423,0.8749468,Graph_Only
6460,0,0,0.51814604,True,1,0.8674485,False,1,0.85294837,False,0.9643915,0.50214416,0.8275201,Hard
6461,1,0,0.5117083,False,1,0.7373636,True,1,0.5436204,True,0.96781087,0.5099838,0.82215124,Easy
6462,0,1,0.5636189,False,1,0.8412567,False,1,0.9209878,False,0.96540856,0.50655603,0.8073152,Hard
6463,0,0,0.6829028,True,0,0.5140395,True,0,0.7203856,True,0.9669603,0.5184739,0.8660066,Easy
6464,0,0,0.52476984,True,1,0.81132185,False,1,0.5174526,False,0.9667313,0.50298184,0.8671026,Hard
6465,1,1,0.54394066,True,1,0.8631692,True,1,0.9244507,True,0.9638836,0.5041867,0.87602055,Easy
6466,1,1,0.52731013,True,1,0.783415,True,1,0.885663,True,0.9639362,0.50603324,0.8921925,Easy
6467,0,0,0.61347175,True,1,0.53486603,False,0,0.76805496,True,0.9648408,0.51546377,0.9038913,Graph_Only
6468,0,1,0.52346385,False,1,0.7048022,False,1,0.8187838,False,0.9657357,0.50378186,0.9211838,Hard
6469,1,1,0.52535486,True,1,0.921624,True,1,0.9701351,True,0.96200824,0.5045026,0.8412143,Easy
6470,1,1,0.5134994,True,0,0.5855269,False,1,0.7864189,True,0.96675014,0.51863503,0.84473825,Graph_Only
6471,1,0,0.5189432,False,1,0.6430764,True,1,0.6435551,True,0.9669689,0.51734,0.9297699,Easy
6472,1,0,0.54777294,False,1,0.6956491,True,1,0.7030179,True,0.96418756,0.5065154,0.92740095,Easy
6473,1,1,0.50397336,True,1,0.8779346,True,1,0.8999955,True,0.9630083,0.5014507,0.87593144,Easy
6474,0,0,0.646696,True,0,0.59403473,True,0,0.6087216,True,0.96861917,0.51414585,0.84066796,Easy
6475,0,0,0.6070576,True,0,0.8513175,True,0,0.98817575,True,0.9650301,0.5227033,0.88830364,Easy
6476,1,1,0.5473158,True,0,0.5134459,False,1,0.6548717,True,0.9676807,0.51967865,0.78200996,Graph_Only
6477,1,0,0.5102913,False,1,0.68226475,True,0,0.58895695,False,0.9647538,0.5078761,0.0,Text_Only
6478,1,1,0.5226615,True,1,0.5716292,True,0,0.76860267,False,0.9667767,0.5173166,0.8490906,Text_Only
6479,1,0,0.52426136,False,1,0.64999217,True,0,0.6363661,False,0.96537507,0.5115137,0.92243934,Text_Only
6480,1,0,0.51156527,False,1,0.901436,True,1,0.93083483,True,0.96283305,0.49921924,0.9030222,Easy
6481,1,1,0.512502,True,1,0.9528398,True,1,0.94763917,True,0.9628484,0.4903333,0.86090374,Easy
6482,1,1,0.53091764,True,1,0.8754434,True,1,0.8101682,True,0.9653498,0.5054278,0.82943344,Easy
6483,0,0,0.5695003,True,0,0.938922,True,0,0.99690706,True,0.9645361,0.5240473,0.7933339,Easy
6484,0,0,0.5592261,True,0,0.8279293,True,0,0.7575582,True,0.9681411,0.52472556,0.94419825,Easy
6485,1,0,0.55720735,False,0,0.53246874,False,1,0.51563615,True,0.9681524,0.5120527,0.87333953,Graph_Only
6486,0,0,0.5929167,True,0,0.91608423,True,0,0.97921467,True,0.9686048,0.52559376,0.84245074,Easy
6487,1,1,0.5799181,True,1,0.81583875,True,1,0.97026753,True,0.964671,0.51126176,0.8832454,Easy
6488,1,1,0.5501292,True,1,0.92028254,True,1,0.9907113,True,0.96267945,0.5043786,0.0,Easy
6489,1,1,0.53293854,True,1,0.89689624,True,1,0.9884779,True,0.9612974,0.5039998,0.8753668,Easy
6490,0,0,0.6028176,True,0,0.6267496,True,0,0.9338028,True,0.96787417,0.51416844,0.84532094,Easy
6491,1,1,0.53835064,True,1,0.8346875,True,1,0.9646162,True,0.9640857,0.50596136,0.8397628,Easy
6492,1,1,0.52715766,True,1,0.7351521,True,1,0.874766,True,0.96423113,0.5085799,0.9227827,Easy
6493,0,0,0.59874415,True,0,0.7303163,True,0,0.7339275,True,0.9682003,0.5248895,0.8680135,Easy
6494,0,0,0.50195324,True,1,0.86160845,False,1,0.57233137,False,0.9647968,0.5062033,0.80760735,Hard
6495,0,1,0.5041486,False,1,0.7013608,False,0,0.7875894,True,0.9673246,0.50959253,0.90052944,Graph_Only
6496,0,0,0.5837836,True,0,0.8604892,True,0,0.89822197,True,0.9666085,0.5259592,0.8586235,Easy
6497,1,1,0.5251209,True,1,0.74026465,True,1,0.89505583,True,0.9686624,0.51073027,0.77135277,Easy
6498,1,1,0.53536725,True,1,0.7642661,True,1,0.7098797,True,0.9653923,0.5098634,0.8868861,Easy
6499,1,0,0.51122564,False,1,0.66335374,True,1,0.6948856,True,0.9659924,0.5109262,0.8431751,Easy
6500,0,0,0.5697866,True,0,0.966077,True,0,0.97132057,True,0.96522284,0.5265781,0.0,Easy
6501,0,0,0.5985492,True,0,0.7475804,True,0,0.8999131,True,0.9710274,0.52393335,0.80455154,Easy
6502,1,1,0.5596208,True,1,0.6042102,True,1,0.9310066,True,0.9706981,0.5162071,0.82327425,Easy
6503,1,1,0.5592589,True,1,0.77605987,True,1,0.9727462,True,0.96314746,0.51070255,0.8795865,Easy
6504,0,0,0.60707396,True,0,0.69723576,True,0,0.96838814,True,0.9681368,0.51436716,0.9200873,Easy
6505,0,0,0.59293646,True,0,0.69682205,True,0,0.8872507,True,0.96982,0.5187833,0.7959229,Easy
6506,1,1,0.53897804,True,1,0.95168376,True,1,0.9935268,True,0.960959,0.500709,0.8019577,Easy
6507,0,0,0.55816716,True,0,0.9191047,True,0,0.73406327,True,0.9660776,0.5275852,0.0,Easy
6508,1,1,0.5101969,True,1,0.6884884,True,1,0.89655614,True,0.96727693,0.5062079,0.86482894,Easy
6509,1,0,0.5011503,False,1,0.7552959,True,1,0.56668353,True,0.96505046,0.50850636,0.9166924,Easy
6510,1,1,0.51040345,True,1,0.94476086,True,1,0.9268084,True,0.9638953,0.49880478,0.6271824,Easy
6511,1,0,0.5457039,False,0,0.73026633,False,0,0.7177071,False,0.9690597,0.5256116,0.9108245,Hard
6512,0,0,0.57307,True,0,0.8700476,True,0,0.8867552,True,0.9673308,0.52522594,0.8424645,Easy
6513,0,0,0.52803755,True,1,0.6538447,False,1,0.63612133,False,0.9659265,0.51073855,0.89823925,Hard
6514,0,0,0.5828349,True,0,0.93415636,True,0,0.97405124,True,0.9678528,0.52758574,0.79086107,Easy
6515,0,1,0.5369764,False,1,0.69909877,False,1,0.7858592,False,0.9668925,0.50623155,0.0,Hard
6516,1,0,0.5164458,False,0,0.569675,False,1,0.9839802,True,0.9665996,0.51993436,0.85721517,Graph_Only
6517,1,0,0.5199117,False,1,0.6135338,True,1,0.5290616,True,0.9670298,0.5196786,0.90150666,Easy
6518,1,0,0.5273552,False,1,0.76586795,True,1,0.63022727,True,0.96503794,0.5055025,0.90237916,Easy
6519,1,1,0.5376351,True,1,0.52665126,True,1,0.8147121,True,0.9668835,0.5170026,0.88435555,Easy
6520,0,0,0.54665196,True,1,0.52438915,False,1,0.75831366,False,0.9679604,0.51108944,0.7800468,Hard
6521,1,1,0.54669374,True,1,0.7729841,True,0,0.51129436,False,0.96829045,0.51214296,0.69325763,Text_Only
6522,1,0,0.51180965,False,1,0.6932516,True,1,0.8252557,True,0.96547484,0.5119606,0.9240702,Easy
6523,0,0,0.64828557,True,0,0.6833292,True,0,0.98699147,True,0.9674813,0.5119404,0.92401737,Easy
6524,1,1,0.5151857,True,1,0.80732095,True,1,0.7872829,True,0.9640971,0.50582755,0.90309167,Easy
6525,1,1,0.5217541,True,1,0.8342413,True,1,0.9742167,True,0.9631597,0.5071265,0.9079248,Easy
6526,1,0,0.54168177,False,1,0.5292146,True,1,0.89614266,True,0.9681873,0.51993555,0.8915855,Easy
6527,0,0,0.5819304,True,0,0.93559724,True,0,0.99493814,True,0.96785104,0.5270217,0.8948864,Easy
6528,1,0,0.5937015,False,1,0.55412775,True,0,0.73043984,False,0.96751124,0.5126636,0.0,Text_Only
6529,1,1,0.54841065,True,1,0.5758937,True,1,0.7009587,True,0.9660662,0.5119391,0.8860328,Easy
6530,0,0,0.553591,True,1,0.6409007,False,1,0.5703772,False,0.9654034,0.5089086,0.92527884,Hard
6531,1,0,0.5075006,False,1,0.7267809,True,1,0.9647141,True,0.96507347,0.5105037,0.88645405,Easy
6532,0,0,0.53817606,True,1,0.61215305,False,0,0.6859406,True,0.9673321,0.512503,0.898458,Graph_Only
6533,1,1,0.51496005,True,1,0.6279007,True,1,0.96850544,True,0.96656734,0.510434,0.0,Easy
6534,1,1,0.5772139,True,1,0.66595703,True,1,0.8823711,True,0.9661668,0.5066314,0.8588538,Easy
6535,1,0,0.5019108,False,1,0.9259597,True,1,0.8596128,True,0.9623785,0.50179684,0.8354784,Easy
6536,0,1,0.58541685,False,1,0.6474445,False,1,0.8812983,False,0.96663153,0.5238127,0.8522856,Hard
6537,1,1,0.5305929,True,1,0.91562074,True,1,0.9837382,True,0.96168,0.49958166,0.8879248,Easy
6538,1,1,0.56056,True,1,0.83059454,True,1,0.995555,True,0.96567094,0.5179771,0.9222703,Easy
6539,1,0,0.5215264,False,1,0.8201211,True,1,0.8499225,True,0.96466434,0.51009196,0.90053487,Easy
6540,1,1,0.5241623,True,1,0.9312154,True,1,0.9384977,True,0.9621427,0.49667615,0.0,Easy
6541,1,1,0.55776596,True,1,0.8204602,True,1,0.98329943,True,0.9624423,0.5053468,0.906755,Easy
6542,1,0,0.51373106,False,1,0.7016893,True,1,0.75615174,True,0.9653037,0.50992286,0.90349835,Easy
6543,1,0,0.50288504,False,1,0.81390697,True,1,0.86190116,True,0.9652467,0.49984446,0.89288616,Easy
6544,0,0,0.56778395,True,0,0.87124985,True,0,0.85314304,True,0.96782625,0.5228995,0.8710703,Easy
6545,1,0,0.622338,False,0,0.5059809,False,0,0.7830757,False,0.9672699,0.518313,0.89637804,Hard
6546,0,0,0.5964016,True,0,0.7309796,True,0,0.7635372,True,0.9655609,0.52220774,0.90607655,Easy
6547,1,1,0.5644082,True,1,0.8379135,True,1,0.9502966,True,0.96473145,0.5033882,0.8009533,Easy
6548,0,0,0.5615624,True,1,0.65570724,False,1,0.5616874,False,0.96501267,0.5127676,0.9219692,Hard
6549,1,1,0.53060585,True,0,0.746943,False,1,0.95096785,True,0.9691547,0.5219942,0.7844004,Graph_Only
6550,1,1,0.52247685,True,1,0.703499,True,1,0.59091526,True,0.96868604,0.5032173,0.77050185,Easy
6551,0,0,0.62058353,True,0,0.55352175,True,0,0.9128062,True,0.96778846,0.5173887,0.907359,Easy
6552,0,0,0.5642894,True,0,0.8106389,True,0,0.9689451,True,0.96613514,0.51286685,0.82179374,Easy
6553,1,1,0.56058514,True,1,0.8675211,True,1,0.9603306,True,0.9643549,0.5141418,0.93046504,Easy
6554,1,1,0.5276668,True,1,0.85740334,True,1,0.6800275,True,0.9660727,0.5073113,0.9133792,Easy
6555,1,1,0.63561916,True,1,0.53389734,True,1,0.8006442,True,0.96728164,0.5269257,0.8500476,Easy
6556,1,1,0.5513192,True,1,0.75028026,True,1,0.91566145,True,0.9665545,0.51372993,0.74425393,Easy
6557,1,0,0.53192693,False,0,0.5550575,False,1,0.8289634,True,0.9675989,0.51724726,0.9355216,Graph_Only
6558,1,0,0.58888113,False,0,0.87641984,False,0,0.8952317,False,0.9698032,0.51981884,0.0,Hard
6559,0,0,0.63393635,True,0,0.70641565,True,0,0.8967598,True,0.9678229,0.5180279,0.9282133,Easy
6560,1,1,0.54198295,True,1,0.8816756,True,1,0.9921697,True,0.9645001,0.51409477,0.8073152,Easy
6561,0,0,0.5658397,True,0,0.7978616,True,0,0.52974594,True,0.9650758,0.51897275,0.8925574,Easy
6562,1,0,0.50158936,False,0,0.8599303,False,1,0.7807825,True,0.96732545,0.5220592,0.75502527,Graph_Only
6563,1,0,0.50897133,False,1,0.94102645,True,1,0.9876302,True,0.964007,0.5007333,0.7735753,Easy
6564,1,0,0.5348444,False,1,0.8389697,True,1,0.5591414,True,0.96470034,0.5052875,0.907357,Easy
6565,1,1,0.55041677,True,1,0.79413444,True,1,0.99499786,True,0.9669223,0.5155719,0.80522007,Easy
6566,1,1,0.5448139,True,1,0.5400919,True,1,0.7821818,True,0.9682233,0.51820135,0.8579405,Easy
6567,0,0,0.53463465,True,1,0.6200803,False,0,0.5306421,True,0.9664188,0.5125958,0.9436743,Graph_Only
6568,1,1,0.52811617,True,1,0.9148393,True,1,0.9734972,True,0.9626967,0.5056414,0.82732415,Easy
6569,0,0,0.6683916,True,1,0.52906424,False,0,0.84608305,True,0.9665324,0.5129039,0.9164331,Graph_Only
6570,1,0,0.6294981,False,0,0.7587906,False,0,0.98732996,False,0.9680947,0.51912165,0.8969732,Hard
6571,0,0,0.51527417,True,1,0.7152547,False,0,0.5343511,True,0.9668225,0.5049509,0.83588314,Graph_Only
6572,1,1,0.532171,True,1,0.94508165,True,1,0.98645,True,0.9635803,0.49981225,0.83966684,Easy
6573,1,0,0.5124965,False,0,0.6126982,False,1,0.7518655,True,0.96892416,0.5165042,0.90520775,Graph_Only
6574,1,1,0.50075155,True,1,0.6518525,True,1,0.9266128,True,0.9642637,0.5121372,0.89269423,Easy
6575,1,0,0.52789885,False,0,0.7922221,False,1,0.7991018,True,0.9677356,0.52318025,0.8854053,Graph_Only
6576,1,1,0.56960064,True,1,0.71867776,True,1,0.81542027,True,0.96763563,0.512923,0.8296126,Easy
6577,0,0,0.5849268,True,0,0.5909055,True,0,0.5618357,True,0.9645138,0.5219044,0.91825116,Easy
6578,1,0,0.5221498,False,1,0.82498085,True,1,0.71371025,True,0.9655893,0.5019521,0.8293506,Easy
6579,1,1,0.5001119,True,1,0.6161359,True,1,0.667936,True,0.96423316,0.50983244,0.9366543,Easy
6580,1,0,0.5822627,False,0,0.54056734,False,0,0.65277076,False,0.96989167,0.5173752,0.0,Hard
6581,1,1,0.5485501,True,1,0.87706435,True,1,0.97862774,True,0.963816,0.5071216,0.808329,Easy
6582,1,1,0.5421892,True,1,0.9259873,True,1,0.991591,True,0.96126795,0.4994353,0.8864032,Easy
6583,1,1,0.51788217,True,1,0.8957652,True,1,0.9879595,True,0.96709454,0.5007258,0.65582323,Easy
6584,1,0,0.52688026,False,1,0.6062944,True,1,0.6596949,True,0.9696127,0.50709164,0.7871839,Easy
6585,1,0,0.51362026,False,1,0.7574811,True,1,0.6279564,True,0.9645072,0.5121129,0.9012422,Easy
6586,1,1,0.53395605,True,1,0.8031372,True,1,0.9237726,True,0.9654419,0.5054186,0.0,Easy
6587,1,1,0.5303836,True,1,0.85745883,True,1,0.97378653,True,0.9663751,0.501612,0.0,Easy
6588,1,1,0.5606665,True,1,0.8785422,True,1,0.99141264,True,0.9641564,0.50626683,0.78391224,Easy
6589,1,0,0.57812583,False,1,0.6225658,True,1,0.8290664,True,0.96933013,0.5098772,0.87364733,Easy
6590,0,0,0.55367833,True,1,0.6674864,False,1,0.5476909,False,0.96519077,0.51179373,0.92576987,Hard
6591,1,0,0.5857865,False,0,0.5915836,False,1,0.5242678,True,0.96665025,0.5155522,0.8293506,Graph_Only
6592,1,1,0.54004616,True,1,0.68080837,True,1,0.957715,True,0.96568877,0.5135279,0.9191878,Easy
6593,0,0,0.58120465,True,0,0.85906446,True,0,0.9241482,True,0.9695811,0.52465266,0.0,Easy
6594,1,0,0.55677944,False,0,0.82027984,False,1,0.53661275,True,0.96727145,0.5242967,0.0,Graph_Only
6595,0,0,0.6139219,True,0,0.7467089,True,0,0.92790866,True,0.9666206,0.52196455,0.84038323,Easy
6596,1,1,0.529895,True,1,0.5878521,True,0,0.56785506,False,0.96836555,0.5175437,0.8768873,Text_Only
6597,1,0,0.52057034,False,0,0.5059114,False,1,0.6325012,True,0.9659001,0.5127843,0.0,Graph_Only
6598,0,0,0.52868557,True,1,0.66477567,False,0,0.67587864,True,0.9677784,0.5169224,0.90483266,Graph_Only
6599,1,0,0.51536256,False,1,0.7940793,True,1,0.8680818,True,0.9653874,0.5040282,0.8241667,Easy
6600,1,1,0.55907714,True,1,0.723147,True,1,0.98273486,True,0.9653803,0.51587135,0.87649304,Easy
6601,1,1,0.55299276,True,1,0.76520735,True,1,0.9701058,True,0.96615845,0.5148351,0.8794942,Easy
6602,1,1,0.5269176,True,1,0.90057844,True,1,0.965411,True,0.96767044,0.50307995,0.7157409,Easy
6603,1,1,0.52108884,True,1,0.84024155,True,1,0.9738261,True,0.9653126,0.50456995,0.81401014,Easy
6604,1,1,0.5247548,True,1,0.77073324,True,1,0.92575514,True,0.96425164,0.50671,0.9319887,Easy
6605,1,0,0.69055855,False,1,0.5406972,True,0,0.64460087,False,0.9717623,0.5071612,0.0,Text_Only
6606,0,0,0.56899947,True,1,0.61231524,False,0,0.68542826,True,0.96840644,0.513451,0.89485437,Graph_Only
6607,0,0,0.6430194,True,1,0.5137128,False,0,0.91891706,True,0.96976954,0.509833,0.8656856,Graph_Only
6608,1,0,0.57031435,False,0,0.73349255,False,1,0.7449535,True,0.9672724,0.5147643,0.0,Graph_Only
6609,1,1,0.5172474,True,1,0.8778212,True,1,0.9221581,True,0.96275437,0.5022759,0.89805347,Easy
6610,0,1,0.51253754,False,1,0.7287082,False,0,0.60413855,True,0.96737057,0.5080451,0.7498652,Graph_Only
6611,0,0,0.6371393,True,0,0.73633164,True,0,0.9587184,True,0.9689703,0.52041143,0.8845267,Easy
6612,0,0,0.61535263,True,0,0.83445114,True,0,0.9968189,True,0.96649945,0.51541317,0.9354875,Easy
6613,1,0,0.5094652,False,1,0.7535291,True,1,0.9648175,True,0.96549773,0.511446,0.87488616,Easy
6614,0,0,0.6036958,True,0,0.78045297,True,0,0.75481933,True,0.9683416,0.5258906,0.8465332,Easy
6615,1,0,0.50563926,False,1,0.85121775,True,1,0.8508674,True,0.9643352,0.50558317,0.80998296,Easy
6616,1,1,0.53549767,True,1,0.88537997,True,1,0.98407346,True,0.9628422,0.50805485,0.8862381,Easy
6617,0,0,0.54099977,True,0,0.94804054,True,0,0.98419446,True,0.96508956,0.5267378,0.8070447,Easy
6618,0,0,0.5765394,True,0,0.9426155,True,0,0.99836177,True,0.9659827,0.5228082,0.9323834,Easy
6619,1,0,0.50436175,False,1,0.9125271,True,1,0.95208234,True,0.961411,0.50394756,0.89823925,Easy
6620,0,1,0.50240403,False,1,0.7789463,False,1,0.72705686,False,0.9634094,0.50730693,0.9160874,Hard
6621,0,0,0.5734051,True,1,0.5116108,False,0,0.80153334,True,0.96594256,0.51603955,0.95532894,Graph_Only
6622,1,0,0.5539224,False,1,0.6339756,True,0,0.5265085,False,0.9657448,0.5134982,0.88907504,Text_Only
6623,1,0,0.5407949,False,1,0.7129776,True,1,0.75257856,True,0.96576774,0.50614965,0.0,Easy
6624,0,0,0.6174191,True,0,0.6852173,True,0,0.9733951,True,0.9699054,0.5131063,0.9112394,Easy
6625,1,0,0.504509,False,1,0.6673793,True,1,0.66197306,True,0.9659662,0.51055735,0.9168818,Easy
6626,1,0,0.5095686,False,1,0.5944128,True,1,0.8154932,True,0.9653729,0.52024245,0.8296126,Easy
6627,1,1,0.5161411,True,1,0.8336359,True,1,0.9621297,True,0.9631201,0.5014879,0.0,Easy
6628,0,0,0.6513781,True,0,0.6276984,True,0,0.8414902,True,0.96944946,0.5211845,0.7952169,Easy
6629,1,1,0.55423373,True,1,0.7921809,True,1,0.87599593,True,0.9692386,0.49995002,0.8393876,Easy
6630,1,0,0.55562973,False,1,0.8085636,True,1,0.80941993,True,0.96432996,0.5137606,0.9036423,Easy
6631,1,1,0.54545957,True,1,0.5801369,True,1,0.9859584,True,0.97065276,0.52603215,0.8284796,Easy
6632,1,1,0.5086272,True,1,0.6109901,True,1,0.5204918,True,0.96901536,0.5194139,0.85230774,Easy
6633,1,1,0.5331892,True,1,0.9061877,True,1,0.797098,True,0.9646572,0.50421655,0.81582165,Easy
6634,1,1,0.51561534,True,1,0.97941566,True,1,0.99771774,True,0.95567536,0.50420344,0.9227323,Easy
6635,1,1,0.52435726,True,1,0.9466132,True,1,0.9970253,True,0.9590531,0.5119924,0.9213,Easy
6636,1,1,0.5077287,True,1,0.91551006,True,1,0.98813987,True,0.9617392,0.51223135,0.88049793,Easy
6637,1,1,0.511696,True,1,0.94162285,True,1,0.9893895,True,0.959733,0.5047917,0.921898,Easy
6638,1,0,0.5561301,False,1,0.6316857,True,1,0.5631876,True,0.9657836,0.5164861,0.9120416,Easy
6639,1,1,0.5050024,True,1,0.8624382,True,1,0.9792475,True,0.96317786,0.51774997,0.7933943,Easy
6640,1,1,0.50862134,True,1,0.89679,True,1,0.96354187,True,0.9631551,0.5117785,0.86376715,Easy
6641,0,0,0.59973365,True,0,0.857713,True,0,0.9961014,True,0.9672806,0.5133372,0.8985523,Easy
6642,0,0,0.6707923,True,0,0.63864964,True,0,0.6971792,True,0.9691141,0.517115,0.79583675,Easy
6643,1,0,0.501179,False,1,0.95891047,True,1,0.9804216,True,0.95819354,0.50097805,0.8778025,Easy
6644,1,0,0.52173287,False,0,0.5974648,False,0,0.7051847,False,0.97184765,0.5302687,0.76428246,Hard
6645,1,0,0.55042183,False,1,0.7836117,True,1,0.841988,True,0.96480346,0.5074551,0.7562951,Easy
6646,1,1,0.5091697,True,1,0.93822473,True,1,0.99154156,True,0.96220225,0.51167446,0.812829,Easy
6647,1,0,0.5175741,False,1,0.6636538,True,1,0.9492502,True,0.96482503,0.5146432,0.9080958,Easy
6648,1,1,0.5123761,True,1,0.9032334,True,1,0.99009925,True,0.9620024,0.5041833,0.8955486,Easy
6649,1,0,0.55549103,False,0,0.81022507,False,0,0.56971043,False,0.9670707,0.52382904,0.84432924,Hard
6650,0,0,0.5815656,True,1,0.84656644,False,0,0.73139596,True,0.96437865,0.5036506,0.8165245,Graph_Only
6651,1,1,0.5249862,True,1,0.92399025,True,1,0.9954295,True,0.95937395,0.51479554,0.94596195,Easy
6652,1,1,0.5208415,True,1,0.9809147,True,1,0.99662966,True,0.9586587,0.49692878,0.8086324,Easy
6653,1,1,0.5055,True,1,0.8216864,True,1,0.52481854,True,0.96949655,0.51268166,0.78809464,Easy
6654,1,1,0.5202154,True,1,0.8633038,True,1,0.9319817,True,0.9661074,0.5008161,0.80545646,Easy
6655,1,1,0.522525,True,1,0.86328626,True,1,0.972937,True,0.96227354,0.51163375,0.76312363,Easy
6656,1,1,0.5412751,True,1,0.8626906,True,1,0.9890099,True,0.9646909,0.5115177,0.8586546,Easy
6657,0,1,0.53078985,False,1,0.65455574,False,1,0.58707017,False,0.96729064,0.508943,0.82752126,Hard
6658,1,1,0.5190568,True,1,0.96616924,True,1,0.99791425,True,0.9573948,0.5078947,0.7931819,Easy
6659,1,1,0.5066269,True,1,0.7943708,True,1,0.93265,True,0.9648602,0.50973237,0.8520386,Easy
6660,1,1,0.5202257,True,1,0.85078543,True,1,0.87409806,True,0.9656814,0.5108825,0.8178365,Easy
6661,0,1,0.5298246,False,1,0.89278775,False,1,0.8951296,False,0.96404856,0.4982459,0.9089742,Hard
6662,1,1,0.5263882,True,1,0.94986945,True,1,0.9853452,True,0.95918024,0.5072225,0.91374254,Easy
6663,1,1,0.5318008,True,1,0.8546503,True,1,0.8531922,True,0.9643923,0.50752866,0.837539,Easy
6664,0,0,0.59724736,True,0,0.8909771,True,0,0.9834774,True,0.97143656,0.52879125,0.789467,Easy
6665,1,1,0.5006628,True,1,0.96058774,True,1,0.9937127,True,0.9583913,0.5048158,0.8033458,Easy
6666,1,1,0.5389265,True,1,0.87488997,True,1,0.9896764,True,0.9689814,0.50739485,0.665793,Easy
6667,1,0,0.5873859,False,1,0.5746764,True,1,0.84624034,True,0.96596956,0.5176428,0.9108076,Easy
6668,1,1,0.5185014,True,1,0.959418,True,1,0.9838901,True,0.9611965,0.495252,0.8421454,Easy
6669,1,1,0.52610797,True,1,0.92342734,True,1,0.9963104,True,0.96097016,0.51350576,0.91061044,Easy
6670,1,1,0.5493054,True,1,0.65976965,True,1,0.54638004,True,0.9675903,0.5194637,0.85106695,Easy
6671,1,0,0.5015873,False,1,0.90118676,True,1,0.97803545,True,0.9606948,0.51495993,0.9517076,Easy
6672,1,1,0.571735,True,1,0.6802422,True,1,0.8106658,True,0.96661216,0.51485157,0.9001809,Easy
6673,1,1,0.5496254,True,1,0.89279974,True,1,0.99633336,True,0.9620428,0.51361316,0.84677887,Easy
6674,1,1,0.5405799,True,1,0.9171731,True,1,0.9708896,True,0.9631707,0.50695515,0.8724914,Easy
6675,0,0,0.5198478,True,0,0.6550521,True,0,0.50718,True,0.9722743,0.5201223,0.789785,Easy
6676,1,1,0.5234858,True,1,0.956271,True,1,0.9973865,True,0.9610681,0.5061551,0.7809012,Easy
6677,0,0,0.5054798,True,1,0.7077453,False,1,0.8825734,False,0.967183,0.51283205,0.93459326,Hard
6678,1,1,0.5640227,True,1,0.8862574,True,1,0.99538726,True,0.96628785,0.51200646,0.7862091,Easy
6679,0,0,0.52693003,True,1,0.82359254,False,1,0.7102064,False,0.96648556,0.49825636,0.82790816,Hard
6680,1,1,0.5074178,True,1,0.96807855,True,1,0.9921147,True,0.95884144,0.50154793,0.79115045,Easy
6681,1,1,0.52492136,True,1,0.97307885,True,1,0.9976388,True,0.95996827,0.49915352,0.75276977,Easy
6682,1,1,0.5260419,True,1,0.98236257,True,1,0.9980263,True,0.9585584,0.49885657,0.9068992,Easy
6683,1,1,0.5063779,True,0,0.6741134,False,0,0.53195286,False,0.96891284,0.52009165,0.8185947,Hard
6684,1,1,0.5204768,True,1,0.9015405,True,1,0.99255,True,0.96080077,0.50890607,0.9000805,Easy
6685,1,1,0.5493209,True,1,0.7920538,True,1,0.99350077,True,0.9675762,0.5097435,0.7697511,Easy
6686,0,1,0.53572905,False,1,0.7639649,False,1,0.8170693,False,0.9672499,0.5065971,0.8572005,Hard
6687,0,1,0.5280572,False,1,0.76510406,False,1,0.7462121,False,0.96549904,0.5076089,0.89136803,Hard
6688,1,1,0.52492106,True,1,0.88820463,True,1,0.9887544,True,0.9631935,0.506643,0.7772156,Easy
6689,0,0,0.5926049,True,0,0.52746856,True,0,0.95148784,True,0.96713907,0.5203285,0.79095423,Easy
6690,0,0,0.5280471,True,1,0.76822567,False,1,0.77733755,False,0.9635806,0.50630414,0.8974755,Hard
6691,0,0,0.56105286,True,0,0.8794275,True,0,0.944801,True,0.9699688,0.52042645,0.86819255,Easy
6692,1,1,0.5203845,True,1,0.9481767,True,1,0.9891784,True,0.9595553,0.5025103,0.841347,Easy
6693,1,1,0.57105577,True,1,0.6066645,True,0,0.56499195,False,0.9682014,0.5154634,0.86204106,Text_Only
6694,1,1,0.525074,True,1,0.9620843,True,1,0.9954325,True,0.959084,0.5061237,0.92316234,Easy
6695,1,1,0.51202536,True,1,0.8653261,True,1,0.97459507,True,0.9637482,0.5070899,0.905597,Easy
6696,1,1,0.5204388,True,1,0.89211667,True,1,0.97451496,True,0.9619681,0.5071609,0.8569586,Easy
6697,1,1,0.51627177,True,1,0.86057085,True,1,0.9583709,True,0.964097,0.5152593,0.7431629,Easy
6698,1,1,0.50665545,True,1,0.9007688,True,1,0.94304883,True,0.9614656,0.50562656,0.8611332,Easy
6699,0,0,0.5511197,True,1,0.63887554,False,1,0.5764726,False,0.96356404,0.5140878,0.798382,Hard
6700,0,1,0.50687784,False,1,0.8915607,False,1,0.9739503,False,0.9619044,0.5071885,0.7931214,Hard
6701,1,0,0.5573339,False,0,0.702852,False,1,0.87101066,True,0.96845263,0.51608247,0.7748019,Graph_Only
6702,0,0,0.60074604,True,0,0.78528374,True,0,0.77260256,True,0.9663309,0.524219,0.74320763,Easy
6703,0,0,0.61104655,True,0,0.7834566,True,0,0.715855,True,0.9677245,0.52810806,0.8666484,Easy
6704,0,0,0.6079971,True,1,0.6212029,False,1,0.5500021,False,0.96709734,0.51475364,0.8209728,Hard
6705,0,0,0.53651,True,1,0.79412705,False,0,0.51729596,True,0.9672369,0.5006053,0.9378917,Graph_Only
6706,0,0,0.5401124,True,1,0.7487862,False,0,0.6956629,True,0.9647623,0.50764793,0.8855214,Graph_Only
6707,1,1,0.50954884,True,1,0.94091415,True,1,0.92226076,True,0.96227485,0.49818137,0.8319217,Easy
6708,0,0,0.65905946,True,0,0.62658507,True,0,0.9964986,True,0.9653025,0.50932395,0.8755847,Easy
6709,1,1,0.5258353,True,1,0.89230686,True,1,0.8868707,True,0.9661747,0.50524145,0.7501969,Easy
6710,1,0,0.5026187,False,1,0.7407554,True,1,0.5801099,True,0.96560466,0.50528663,0.8244375,Easy
6711,1,1,0.5402544,True,1,0.9314616,True,1,0.9908529,True,0.9623848,0.5090099,0.84707177,Easy
6712,0,0,0.63783026,True,0,0.76045144,True,0,0.9655216,True,0.9664943,0.5170182,0.9464414,Easy
6713,1,0,0.5311343,False,1,0.60999745,True,1,0.9455881,True,0.97374684,0.5094024,0.806762,Easy
6714,1,1,0.520147,True,1,0.8990594,True,1,0.98328376,True,0.9612447,0.51111066,0.9120962,Easy
6715,1,0,0.51195425,False,1,0.7316799,True,1,0.5513604,True,0.9665518,0.503826,0.9233738,Easy
6716,1,1,0.51519334,True,1,0.9446954,True,1,0.9809615,True,0.9596474,0.5052864,0.83710784,Easy
6717,0,0,0.5190099,True,1,0.86455536,False,1,0.8571315,False,0.9669996,0.50471246,0.7978554,Hard
6718,0,0,0.6060639,True,0,0.80508995,True,0,0.9810276,True,0.96696335,0.51628566,0.8599533,Easy
6719,1,1,0.50388944,True,1,0.8713571,True,1,0.9521554,True,0.96355695,0.5114763,0.90698195,Easy
6720,0,1,0.52443427,False,1,0.94140524,False,1,0.807947,False,0.962784,0.5090459,0.81555367,Hard
6721,1,1,0.5087722,True,1,0.9208077,True,1,0.9590228,True,0.96165735,0.5117418,0.7408693,Easy
6722,1,1,0.5172325,True,1,0.96512455,True,1,0.9982627,True,0.9608573,0.50371075,0.7919633,Easy
6723,1,1,0.5129525,True,1,0.9254103,True,1,0.9871597,True,0.95952606,0.50697565,0.9225744,Easy
6724,0,0,0.53734094,True,0,0.9950582,True,0,0.9952559,True,0.958655,0.5376373,0.770265,Easy
6725,1,0,0.5088931,False,1,0.5732668,True,1,0.54056007,True,0.96553206,0.5162992,0.829926,Easy
6726,1,1,0.51015013,True,1,0.86802655,True,1,0.9524253,True,0.96674275,0.50454617,0.9247732,Easy
6727,1,1,0.53505224,True,1,0.8986704,True,1,0.9897054,True,0.9622517,0.50714886,0.7707306,Easy
6728,1,0,0.6575033,False,0,0.5874762,False,1,0.5448504,True,0.9691283,0.5102608,0.8562161,Graph_Only
6729,1,1,0.5210492,True,1,0.9751481,True,1,0.9943136,True,0.95676714,0.50179595,0.82853645,Easy
6730,1,1,0.53710854,True,1,0.80376834,True,0,0.50005496,False,0.968879,0.50824314,0.8315777,Text_Only
6731,1,1,0.52098006,True,1,0.84301466,True,1,0.82226735,True,0.9684392,0.5054037,0.8166963,Easy
6732,0,0,0.52640635,True,1,0.76759475,False,1,0.546709,False,0.96617955,0.50590676,0.8437847,Hard
6733,1,1,0.51647794,True,1,0.97883373,True,1,0.996342,True,0.9595803,0.50035024,0.75692475,Easy
6734,1,1,0.50208694,True,1,0.71057427,True,1,0.58938533,True,0.9694436,0.51340973,0.8205102,Easy
6735,1,1,0.50306433,True,1,0.9298743,True,1,0.99424076,True,0.9618662,0.5101799,0.8706981,Easy
6736,1,1,0.50166404,True,1,0.97437775,True,1,0.990932,True,0.95962477,0.49359035,0.75796646,Easy
6737,1,1,0.52627355,True,1,0.9621487,True,1,0.9951292,True,0.9602438,0.49955127,0.81268764,Easy
6738,1,0,0.515077,False,1,0.87824064,True,1,0.95705074,True,0.964736,0.5024317,0.7868342,Easy
6739,1,1,0.5116224,True,1,0.7060219,True,1,0.915721,True,0.9685803,0.51320887,0.7265969,Easy
6740,1,0,0.5362773,False,1,0.61479115,True,0,0.52313876,False,0.9668801,0.5139162,0.8668517,Text_Only
6741,0,0,0.6281124,True,0,0.8422946,True,0,0.81869197,True,0.9716695,0.53013325,0.7418618,Easy
6742,1,1,0.5412158,True,1,0.83888245,True,1,0.93777823,True,0.96595526,0.50197995,0.7916667,Easy
6743,1,1,0.5158317,True,1,0.9699054,True,1,0.9965571,True,0.9578053,0.50441784,0.8808296,Easy
6744,1,1,0.52051264,True,1,0.9463088,True,1,0.9888337,True,0.9591596,0.50546896,0.847602,Easy
6745,0,0,0.5887502,True,1,0.58936185,False,0,0.6540367,True,0.96608627,0.5082026,0.89826417,Graph_Only
6746,1,0,0.55051774,False,1,0.87173015,True,1,0.8834058,True,0.9678215,0.4972088,0.8905928,Easy
6747,1,0,0.5136262,False,1,0.8382178,True,1,0.9150531,True,0.9631796,0.5123069,0.9157996,Easy
6748,1,1,0.50235856,True,1,0.9037696,True,1,0.98101807,True,0.9621736,0.5029535,0.77487767,Easy
6749,1,0,0.5999028,False,1,0.5070213,True,1,0.6752658,True,0.96698487,0.51732016,0.8991622,Easy
6750,1,1,0.56741333,True,1,0.56444204,True,1,0.56699777,True,0.97000074,0.5196272,0.8937175,Easy
6751,0,0,0.6029207,True,0,0.89004725,True,0,0.96580464,True,0.96899486,0.52691054,0.8800045,Easy
6752,1,0,0.56579334,False,0,0.651357,False,0,0.56026495,False,0.9670501,0.52297366,0.88254744,Hard
6753,1,1,0.5375475,True,1,0.9008935,True,1,0.9921163,True,0.96447754,0.5077521,0.7294797,Easy
6754,0,1,0.5462418,False,1,0.5159097,False,1,0.5422054,False,0.9681788,0.51900554,0.84848666,Hard
6755,1,1,0.53348416,True,1,0.9026687,True,1,0.9872149,True,0.9629941,0.5087868,0.8907168,Easy
6756,0,0,0.57441497,True,0,0.91502184,True,0,0.98537666,True,0.9680843,0.5230196,0.8729058,Easy
6757,1,0,0.5113712,False,1,0.8307244,True,1,0.92901844,True,0.9648285,0.50804013,0.82500446,Easy
6758,1,1,0.52000725,True,1,0.9205261,True,1,0.9750176,True,0.9643318,0.50757384,0.86418056,Easy
6759,1,1,0.5448842,True,1,0.84878916,True,1,0.8353989,True,0.9641833,0.51158935,0.80038667,Easy
6760,1,0,0.53537846,False,1,0.71535623,True,1,0.54030424,True,0.96650803,0.5034788,0.88920975,Easy
6761,1,1,0.50550747,True,1,0.96882904,True,1,0.9976331,True,0.9571178,0.5059367,0.84117067,Easy
6762,1,1,0.52530795,True,1,0.9026536,True,1,0.9042968,True,0.9651479,0.4970536,0.8156843,Easy
6763,0,0,0.59377164,True,1,0.58489794,False,0,0.84009165,True,0.9689277,0.51658857,0.93899935,Graph_Only
6764,1,1,0.5233379,True,1,0.927263,True,1,0.99326575,True,0.95994234,0.51463354,0.9261298,Easy
6765,0,1,0.5283873,False,1,0.8177671,False,1,0.95384085,False,0.96377885,0.5099272,0.8579228,Hard
6766,1,1,0.52199787,True,1,0.8998763,True,1,0.99197924,True,0.9614104,0.51807046,0.9481045,Easy
6767,0,0,0.5380133,True,1,0.5271464,False,0,0.5516653,True,0.96786636,0.51351726,0.94160855,Graph_Only
6768,1,1,0.5468817,True,1,0.78454345,True,1,0.8837214,True,0.9683887,0.5072158,0.83440506,Easy
6769,1,1,0.51140827,True,1,0.83451355,True,1,0.9587146,True,0.96549565,0.50746286,0.76908994,Easy
6770,1,1,0.51712435,True,1,0.9629605,True,1,0.9816404,True,0.95954686,0.502353,0.82277787,Easy
6771,0,0,0.64446205,True,1,0.5454967,False,0,0.74776286,True,0.96672446,0.51411945,0.9408649,Graph_Only
6772,0,0,0.60103184,True,0,0.86735433,True,0,0.93720627,True,0.9696415,0.52235305,0.8860496,Easy
6773,1,0,0.54165107,False,0,0.61774945,False,0,0.69664073,False,0.9694344,0.52309895,0.8458198,Hard
6774,0,0,0.57487595,True,1,0.86404085,False,0,0.54444975,True,0.9666363,0.49691033,0.8390392,Graph_Only
6775,0,0,0.50740683,True,1,0.8009445,False,0,0.62780094,True,0.96770406,0.5056238,0.80352616,Graph_Only
6776,1,0,0.5567439,False,1,0.53534305,True,1,0.5997534,True,0.9680606,0.5196417,0.8212613,Easy
6777,1,1,0.5066815,True,1,0.8976885,True,1,0.99050975,True,0.961925,0.5102477,0.8313376,Easy
6778,1,0,0.50700116,False,1,0.55937207,True,1,0.5579938,True,0.9661956,0.5165801,0.8754232,Easy
6779,1,1,0.5016763,True,1,0.95866257,True,1,0.99088633,True,0.95892596,0.49835318,0.88321984,Easy
6780,1,1,0.5715192,True,1,0.7399765,True,1,0.9932482,True,0.96288455,0.52248085,0.8761244,Easy
6781,1,1,0.52464855,True,1,0.92096215,True,1,0.99384934,True,0.96258986,0.507082,0.81973475,Easy
6782,1,1,0.51231223,True,1,0.8632782,True,1,0.9327012,True,0.9659601,0.50453895,0.8787593,Easy
6783,0,0,0.63353527,True,0,0.62492377,True,0,0.88523835,True,0.96750414,0.5194976,0.9404791,Easy
6784,1,1,0.5192866,True,1,0.95312345,True,1,0.9889464,True,0.9594316,0.5055093,0.86629343,Easy
6785,1,0,0.5071452,False,1,0.77876174,True,1,0.80794936,True,0.96846044,0.5049701,0.8441744,Easy
6786,0,0,0.579085,True,0,0.92172366,True,0,0.99843484,True,0.9669988,0.52040595,0.75992274,Easy
6787,1,1,0.56675076,True,1,0.7851968,True,1,0.9301492,True,0.9679939,0.5070616,0.8865127,Easy
6788,0,1,0.5101951,False,1,0.9042815,False,1,0.8873995,False,0.96562445,0.5006877,0.87939763,Hard
6789,1,1,0.5299317,True,1,0.942458,True,1,0.9975569,True,0.9596661,0.50982374,0.91648066,Easy
6790,1,1,0.517098,True,1,0.9874085,True,1,0.9986601,True,0.9547865,0.500674,0.8932674,Easy
6791,1,1,0.50545037,True,1,0.9731039,True,1,0.99342763,True,0.9575099,0.50475705,0.9295138,Easy
6792,1,1,0.52385706,True,1,0.95551264,True,1,0.99066156,True,0.95874584,0.50919926,0.809759,Easy
6793,1,0,0.5220166,False,1,0.895366,True,1,0.9503308,True,0.96184516,0.5073267,0.90708923,Easy
6794,1,1,0.53512895,True,1,0.9298377,True,1,0.99715877,True,0.96128416,0.5139336,0.93432987,Easy
6795,1,1,0.50087184,True,1,0.83811253,True,1,0.94037074,True,0.9639251,0.51197815,0.92764705,Easy
6796,1,1,0.51304,True,1,0.94863474,True,1,0.9885526,True,0.96202564,0.5045789,0.86695033,Easy
6797,1,0,0.5149446,False,1,0.82606703,True,1,0.93334407,True,0.96440387,0.5094335,0.80820286,Easy
6798,0,0,0.5256588,True,1,0.79874724,False,1,0.6280139,False,0.9658375,0.5005261,0.7999743,Hard
6799,1,1,0.5246197,True,1,0.986284,True,1,0.99927074,True,0.95613474,0.50202316,0.8158533,Easy
6800,1,0,0.5351514,False,0,0.75985324,False,1,0.5733747,True,0.9706041,0.5166559,0.88437235,Graph_Only
6801,1,1,0.5284861,True,1,0.89196944,True,1,0.9903656,True,0.9619086,0.51940227,0.7795119,Easy
6802,0,1,0.55126756,False,1,0.57884204,False,1,0.5332423,False,0.96600854,0.5180769,0.8604691,Hard
6803,1,1,0.526897,True,1,0.8960025,True,1,0.9891465,True,0.96108854,0.51026076,0.7704616,Easy
6804,1,1,0.50716543,True,1,0.95645994,True,1,0.99331903,True,0.9598218,0.5025126,0.9014707,Easy
6805,1,0,0.5529383,False,1,0.64614356,True,1,0.6662641,True,0.9684005,0.5089975,0.8317224,Easy
6806,1,1,0.53761786,True,1,0.9125141,True,1,0.9791021,True,0.9661812,0.5105095,0.84230554,Easy
6807,1,1,0.5458444,True,1,0.86031276,True,1,0.8665903,True,0.9656384,0.5137797,0.76476485,Easy
6808,1,1,0.518175,True,1,0.771655,True,1,0.77142185,True,0.9644648,0.5123766,0.835814,Easy
6809,1,0,0.50617355,False,1,0.8502794,True,1,0.8687693,True,0.9646008,0.50666803,0.85570246,Easy
6810,1,1,0.51108277,True,1,0.7601045,True,1,0.6263028,True,0.96506965,0.50623983,0.88731897,Easy
6811,1,0,0.505692,False,1,0.9530324,True,1,0.980008,True,0.9625238,0.49164835,0.70401454,Easy
6812,1,0,0.5622077,False,1,0.5560924,True,0,0.6120113,False,0.9706818,0.51478255,0.9062121,Text_Only
6813,1,1,0.51436865,True,1,0.9171418,True,1,0.9272199,True,0.96556664,0.5005111,0.8018051,Easy
6814,1,1,0.52791786,True,1,0.94195104,True,1,0.9976311,True,0.9596987,0.5123299,0.83475685,Easy
6815,1,1,0.5319993,True,1,0.69098324,True,1,0.8561663,True,0.9685271,0.5127033,0.8367904,Easy
6816,1,1,0.5297854,True,1,0.62915397,True,1,0.691096,True,0.9668709,0.5060363,0.8919114,Easy
6817,1,1,0.5388162,True,1,0.9034894,True,1,0.9852261,True,0.9612446,0.51206726,0.9038373,Easy
6818,1,0,0.5149427,False,1,0.88836664,True,1,0.72910964,True,0.966068,0.49992403,0.8782735,Easy
6819,1,1,0.55204535,True,1,0.72292656,True,1,0.9561681,True,0.9680907,0.51350385,0.8069782,Easy
6820,1,1,0.5193695,True,1,0.9477141,True,1,0.99582326,True,0.95910525,0.5115618,0.8521267,Easy
6821,0,0,0.6238002,True,1,0.6750711,False,0,0.95695424,True,0.96713,0.5046628,0.76000464,Graph_Only
6822,1,1,0.51131284,True,1,0.81799436,True,1,0.7112115,True,0.9692063,0.5052584,0.852323,Easy
6823,1,1,0.508615,True,1,0.9224305,True,1,0.98431647,True,0.9615762,0.50517625,0.8853016,Easy
6824,0,0,0.53669035,True,1,0.9048675,False,1,0.58773637,False,0.9650974,0.4983825,0.7895751,Hard
6825,1,1,0.56071115,True,1,0.77683544,True,1,0.98895895,True,0.96576923,0.5112433,0.7705411,Easy
6826,0,1,0.5790841,False,1,0.6106274,False,1,0.7006725,False,0.96590966,0.5229069,0.81834894,Hard
6827,1,1,0.52327925,True,1,0.9574526,True,1,0.9949013,True,0.95837075,0.5010329,0.7750026,Easy
6828,1,1,0.51589733,True,1,0.9056547,True,1,0.9721309,True,0.96347,0.49658796,0.83306515,Easy
6829,1,0,0.6009381,False,1,0.6321481,True,0,0.6435627,False,0.9668648,0.51122934,0.7824321,Text_Only
6830,1,1,0.5185326,True,1,0.96296877,True,1,0.99340606,True,0.9583219,0.5024801,0.87011373,Easy
6831,1,0,0.6319301,False,0,0.50884384,False,0,0.6888523,False,0.9701266,0.514911,0.88836706,Hard
6832,1,1,0.53829896,True,1,0.8196012,True,1,0.91659534,True,0.96816134,0.51113755,0.862762,Easy
6833,1,1,0.51503795,True,1,0.8887671,True,1,0.9118492,True,0.96558404,0.5060402,0.76707846,Easy
6834,1,0,0.51394594,False,1,0.81429666,True,1,0.9057182,True,0.96446794,0.5073124,0.8692473,Easy
6835,0,0,0.6575096,True,0,0.7595058,True,0,0.8830345,True,0.96895534,0.51435846,0.9112822,Easy
6836,1,1,0.51289135,True,1,0.9412866,True,1,0.9859438,True,0.9595845,0.50473124,0.82007724,Easy
6837,1,0,0.62525237,False,1,0.73770195,True,0,0.5668065,False,0.9663334,0.5109401,0.84859025,Text_Only
6838,0,0,0.5991505,True,0,0.87240183,True,0,0.9661994,True,0.9650191,0.52238744,0.826796,Easy
6839,0,0,0.68891025,True,0,0.5691276,True,0,0.9582266,True,0.96424574,0.5147281,0.91799295,Easy
6840,1,1,0.50210226,True,1,0.52004546,True,1,0.6503083,True,0.9671498,0.5150731,0.88226163,Easy
6841,1,1,0.52422935,True,1,0.96927446,True,1,0.99781835,True,0.9576294,0.5071429,0.8968436,Easy
6842,0,0,0.5325736,True,0,0.6576681,True,1,0.6082293,False,0.9668372,0.5191161,0.88315815,Text_Only
6843,1,1,0.5138299,True,1,0.7545307,True,1,0.98005545,True,0.96750534,0.51093644,0.90802383,Easy
6844,0,0,0.5026606,True,1,0.68620676,False,1,0.54283977,False,0.9664867,0.51213324,0.86913186,Hard
6845,1,1,0.5171585,True,1,0.9407601,True,1,0.9934564,True,0.96035385,0.5127385,0.93068165,Easy
6846,1,1,0.5195938,True,1,0.9648353,True,1,0.9960937,True,0.96277803,0.50009114,0.0,Easy
6847,1,1,0.5227768,True,1,0.8798203,True,1,0.96125036,True,0.9652042,0.5076961,0.8061223,Easy
6848,1,1,0.5495354,True,1,0.81867594,True,1,0.96754473,True,0.9658957,0.5009088,0.0,Easy
6849,0,0,0.6632479,True,0,0.6909498,True,0,0.9670305,True,0.96658885,0.51196057,0.90083987,Easy
6850,1,1,0.5475688,True,1,0.53976715,True,1,0.9694864,True,0.97162676,0.5108811,0.0,Easy
6851,1,0,0.51211876,False,1,0.84176296,True,1,0.8851045,True,0.9682342,0.50320745,0.0,Easy
6852,1,1,0.52995276,True,1,0.7432407,True,1,0.94329846,True,0.96527517,0.51093614,0.8175566,Easy
6853,0,0,0.6952352,True,0,0.5489508,True,0,0.93138826,True,0.96934986,0.508957,0.92046964,Easy
6854,1,0,0.51370233,False,1,0.8431897,True,1,0.8658899,True,0.96842325,0.50314534,0.7480458,Easy
6855,1,0,0.5161639,False,1,0.9047176,True,1,0.98102355,True,0.96319187,0.49733195,0.7980703,Easy
6856,0,0,0.5532733,True,0,0.80945086,True,0,0.9371274,True,0.973625,0.5210023,0.76616156,Easy
6857,0,0,0.5103496,True,1,0.63984567,False,1,0.6075336,False,0.96746564,0.5167737,0.8845346,Hard
6858,1,1,0.53164554,True,0,0.57641417,False,1,0.6533108,True,0.97111374,0.52181184,0.7376212,Graph_Only
6859,1,1,0.51582927,True,1,0.8428634,True,1,0.9569396,True,0.966992,0.5002065,0.0,Easy
6860,0,0,0.5959449,True,0,0.8868768,True,0,0.9757867,True,0.9702315,0.5237561,0.8513981,Easy
6861,0,0,0.65287155,True,0,0.7306573,True,0,0.9521779,True,0.96526897,0.5195881,0.82780653,Easy
6862,1,1,0.55967873,True,1,0.85008454,True,1,0.94761604,True,0.9647183,0.5046859,0.8488432,Easy
6863,0,0,0.5406894,True,0,0.6513637,True,0,0.65081024,True,0.9679493,0.5253597,0.76855576,Easy
6864,1,0,0.5576457,False,1,0.6630479,True,1,0.6047512,True,0.9695234,0.50580484,0.0,Easy
6865,0,0,0.58287275,True,0,0.9257982,True,0,0.9761678,True,0.9693154,0.52958655,0.8631122,Easy
6866,0,0,0.56829154,True,1,0.7947111,False,1,0.5687319,False,0.9646533,0.5031891,0.8584134,Hard
6867,1,0,0.51653165,False,1,0.89593625,True,1,0.9233693,True,0.9655349,0.49879047,0.8567299,Easy
6868,1,1,0.5157988,True,1,0.728657,True,1,0.9761035,True,0.9647628,0.5165242,0.8251406,Easy
6869,1,1,0.50016665,True,1,0.7844922,True,1,0.7347047,True,0.96415704,0.5031706,0.0,Easy
6870,1,1,0.58666146,True,0,0.51428336,False,1,0.5117745,True,0.9702766,0.52702355,0.779762,Graph_Only
6871,1,0,0.5056108,False,1,0.881298,True,1,0.97931355,True,0.96711564,0.50006354,0.8754672,Easy
6872,0,0,0.61771894,True,0,0.8236897,True,0,0.9020289,True,0.9725944,0.52517503,0.8707111,Easy
6873,1,1,0.5340489,True,1,0.8468547,True,1,0.80335444,True,0.96654403,0.50460076,0.8563886,Easy
6874,0,0,0.51277196,True,1,0.5737465,False,1,0.63142806,False,0.9659339,0.5168617,0.92293584,Hard
6875,1,0,0.5028064,False,1,0.8952147,True,1,0.87785023,True,0.96391773,0.49998036,0.82558125,Easy
6876,1,0,0.5171942,False,1,0.9200127,True,1,0.96832377,True,0.9615982,0.49885908,0.79088867,Easy
6877,1,0,0.5211859,False,1,0.875265,True,1,0.7826853,True,0.9688462,0.49647218,0.0,Easy
6878,1,1,0.53902894,True,1,0.89020497,True,1,0.6256479,True,0.9673747,0.5075752,0.82873726,Easy
6879,0,0,0.59378654,True,0,0.74393934,True,0,0.63788986,True,0.9718817,0.52036005,0.8588167,Easy
6880,1,0,0.50167614,False,0,0.50638777,False,1,0.9177125,True,0.96558857,0.5274804,0.881881,Graph_Only
6881,1,1,0.544232,True,1,0.89836854,True,1,0.97086334,True,0.9638786,0.5029048,0.89197576,Easy
6882,1,1,0.5503201,True,1,0.7532184,True,1,0.9650818,True,0.96693254,0.5070368,0.0,Easy
6883,1,1,0.5131508,True,1,0.88549197,True,1,0.9767496,True,0.96201193,0.50799716,0.8511679,Easy
6884,1,1,0.5698244,True,1,0.52753,True,1,0.9659245,True,0.97041005,0.5233185,0.84528065,Easy
6885,1,1,0.5277152,True,1,0.8127736,True,1,0.96451634,True,0.9686799,0.5057772,0.0,Easy
6886,0,0,0.5448053,True,0,0.54697335,True,1,0.62829316,False,0.9687842,0.5205951,0.7571329,Text_Only
6887,1,0,0.6013921,False,0,0.5474337,False,1,0.67314243,True,0.9700765,0.5152486,0.8390993,Graph_Only
6888,1,1,0.51917887,True,1,0.8883243,True,1,0.9537143,True,0.96594125,0.49920556,0.8541578,Easy
6889,1,0,0.5084207,False,1,0.9442065,True,1,0.9389036,True,0.9613925,0.49650174,0.7897986,Easy
6890,1,1,0.5586281,True,1,0.80473256,True,1,0.9254308,True,0.9690909,0.5016384,0.0,Easy
6891,1,1,0.53959376,True,1,0.8712353,True,1,0.9775597,True,0.9642226,0.51086634,0.8248653,Easy
6892,0,0,0.5906452,True,0,0.87016255,True,0,0.9959304,True,0.96882826,0.5172463,0.8281021,Easy
6893,0,0,0.54688174,True,0,0.89740384,True,0,0.99528104,True,0.97002137,0.5242277,0.8425479,Easy
6894,0,0,0.69247335,True,0,0.5640592,True,0,0.88098794,True,0.96864516,0.5145449,0.879528,Easy
6895,0,0,0.62926406,True,1,0.5884952,False,0,0.9813861,True,0.96962583,0.5072998,0.84753954,Graph_Only
6896,0,0,0.5855353,True,0,0.5553281,True,1,0.67913264,False,0.9683114,0.51781446,0.9094651,Text_Only
6897,1,0,0.57263964,False,0,0.7489529,False,0,0.5338875,False,0.96994954,0.5195768,0.81225735,Hard
6898,0,0,0.61877364,True,0,0.6303318,True,0,0.8393264,True,0.97096246,0.52147657,0.8168368,Easy
6899,0,0,0.6726153,True,0,0.5743886,True,0,0.9047917,True,0.9695635,0.509306,0.9581085,Easy
6900,1,1,0.5726896,True,1,0.7220251,True,1,0.9870827,True,0.96820456,0.51908326,0.8549225,Easy
6901,1,1,0.52071726,True,1,0.9227869,True,1,0.9892855,True,0.9661696,0.50282305,0.78488255,Easy
6902,0,1,0.55573744,False,0,0.50769144,True,1,0.6671324,False,0.9705315,0.5177986,0.7834182,Text_Only
6903,1,1,0.5056301,True,1,0.8893055,True,0,0.67572504,False,0.9685576,0.5022871,0.79518104,Text_Only
6904,1,1,0.5508207,True,1,0.8361727,True,1,0.98162234,True,0.9665656,0.5090278,0.82006687,Easy
6905,1,1,0.56312275,True,1,0.6855773,True,1,0.92319024,True,0.9633695,0.5150485,0.81768894,Easy
6906,0,0,0.52632785,True,0,0.5166321,True,0,0.5667119,True,0.96936107,0.51470965,0.91953075,Easy
6907,1,1,0.56906277,True,1,0.6357036,True,1,0.9171405,True,0.9646868,0.5179124,0.7699391,Easy
6908,1,1,0.5666585,True,0,0.52543056,False,1,0.9164593,True,0.9697832,0.5216179,0.7728483,Graph_Only
6909,1,1,0.52255464,True,1,0.94965476,True,1,0.9940096,True,0.9585974,0.50480616,0.0,Easy
6910,1,1,0.53281415,True,1,0.64452183,True,1,0.8644083,True,0.9671899,0.51598024,0.84829605,Easy
6911,1,1,0.529349,True,1,0.8330227,True,1,0.99211556,True,0.9642688,0.5102121,0.8831676,Easy
6912,0,0,0.6087278,True,0,0.8523872,True,0,0.8602785,True,0.97170126,0.52668697,0.0,Easy
6913,0,0,0.5958887,True,0,0.6996042,True,0,0.8974821,True,0.9718586,0.5189894,0.8177297,Easy
6914,1,1,0.58080125,True,1,0.5565494,True,1,0.9285424,True,0.96742725,0.5223258,0.8532009,Easy
6915,0,0,0.66833746,True,0,0.60914606,True,0,0.8738492,True,0.96969235,0.51283383,0.84603864,Easy
6916,1,1,0.5174012,True,1,0.8330773,True,1,0.9447041,True,0.96489275,0.49770966,0.0,Easy
6917,0,1,0.5104844,False,1,0.7588082,False,0,0.7398761,True,0.9675232,0.51372486,0.8160351,Graph_Only
6918,0,0,0.6016066,True,0,0.7987512,True,0,0.9725223,True,0.9728454,0.52110183,0.8202407,Easy
6919,0,0,0.56715494,True,1,0.5231724,False,0,0.5042073,True,0.96874475,0.5171758,0.82665956,Graph_Only
6920,1,1,0.5131284,True,1,0.96209806,True,1,0.99602216,True,0.9613644,0.50238013,0.79674256,Easy
6921,1,1,0.5524418,True,0,0.5917369,False,1,0.80514365,True,0.97049344,0.5156755,0.0,Graph_Only
6922,0,0,0.5326973,True,0,0.5109636,True,0,0.6520021,True,0.9703052,0.51884574,0.73998827,Easy
6923,1,1,0.52769274,True,1,0.6980635,True,1,0.8385199,True,0.9671796,0.5098368,0.8708515,Easy
6924,0,0,0.6021893,True,0,0.7996726,True,0,0.93724513,True,0.9712221,0.52443117,0.86732316,Easy
6925,1,0,0.52473456,False,0,0.8077948,False,0,0.71674716,False,0.9698358,0.5266785,0.7773639,Hard
6926,1,1,0.52665055,True,1,0.92216533,True,1,0.9942001,True,0.9600434,0.51277786,0.82008606,Easy
6927,1,1,0.5513001,True,1,0.8674008,True,1,0.9667772,True,0.96515596,0.5139501,0.85564876,Easy
6928,0,0,0.6273288,True,0,0.5375424,True,1,0.5348631,False,0.97061586,0.5073118,0.81657434,Text_Only
6929,1,1,0.5338679,True,0,0.580024,False,1,0.8991038,True,0.9668969,0.52072895,0.7617694,Graph_Only
6930,1,0,0.53766084,False,1,0.84445214,True,1,0.65974796,True,0.9627384,0.5042698,0.0,Easy
6931,1,1,0.5290988,True,1,0.9167371,True,1,0.99761945,True,0.9637245,0.5146262,0.8423422,Easy
6932,1,1,0.50948924,True,1,0.7745408,True,1,0.91054815,True,0.9649665,0.50397426,0.0,Easy
6933,1,1,0.5094903,True,1,0.7292045,True,1,0.968794,True,0.9645522,0.50871545,0.8691018,Easy
6934,0,1,0.5187578,False,1,0.8327248,False,1,0.7652427,False,0.9646617,0.5117793,0.7746002,Hard
6935,1,0,0.5117783,False,1,0.7733245,True,1,0.6569072,True,0.9673564,0.5092301,0.8003251,Easy
6936,1,1,0.5367195,True,1,0.7008994,True,1,0.88757116,True,0.96531904,0.5148455,0.7919673,Easy
6937,1,1,0.5296659,True,1,0.9026092,True,1,0.9924104,True,0.96117437,0.5090795,0.8759879,Easy
6938,0,0,0.59628415,True,0,0.76946604,True,0,0.8510712,True,0.9692341,0.52021295,0.93427557,Easy
6939,1,0,0.61714476,False,0,0.59732443,False,1,0.5496127,True,0.9716627,0.52221155,0.81378436,Graph_Only
6940,1,0,0.5026908,False,1,0.72366524,True,1,0.9374087,True,0.9641532,0.5083625,0.82147074,Easy
6941,1,1,0.5045594,True,1,0.88820165,True,1,0.8991834,True,0.9669731,0.50262463,0.8001333,Easy
6942,1,1,0.50303775,True,1,0.9346978,True,1,0.9422414,True,0.9648032,0.49396935,0.76501733,Easy
6943,1,1,0.5098015,True,1,0.7466838,True,1,0.9602361,True,0.96890825,0.507628,0.794259,Easy
6944,1,1,0.5011692,True,1,0.96253353,True,1,0.98621064,True,0.958588,0.498793,0.0,Easy
6945,1,1,0.5787201,True,1,0.7887813,True,1,0.9808233,True,0.96798456,0.5153851,0.7941969,Easy
6946,1,0,0.526445,False,1,0.79900867,True,1,0.9164892,True,0.96537375,0.5064593,0.9106684,Easy
6947,0,0,0.5053631,True,1,0.5876703,False,1,0.56847477,False,0.9702039,0.51516956,0.8617541,Hard
6948,1,0,0.5018298,False,1,0.77853185,True,1,0.85303986,True,0.9676584,0.5100997,0.8595432,Easy
6949,1,1,0.5326956,True,1,0.58697575,True,1,0.9289816,True,0.97394985,0.51092494,0.8485154,Easy
6950,1,1,0.542378,True,1,0.8882244,True,1,0.9754336,True,0.96511185,0.5028307,0.0,Easy
6951,1,1,0.5190104,True,1,0.7909192,True,1,0.98496175,True,0.9680403,0.5076673,0.0,Easy
6952,1,0,0.5088793,False,1,0.734824,True,1,0.96585554,True,0.9652792,0.5106964,0.89727974,Easy
6953,1,1,0.52127993,True,1,0.9594308,True,1,0.9967989,True,0.9613167,0.49998584,0.6422702,Easy
6954,1,1,0.54802465,True,1,0.92355597,True,1,0.9811597,True,0.96463263,0.5048435,0.85564876,Easy
6955,1,1,0.50492513,True,1,0.8821161,True,1,0.97563475,True,0.9667413,0.5035925,0.7592877,Easy
6956,1,1,0.54792535,True,1,0.7904414,True,1,0.9816913,True,0.9673394,0.5162861,0.8285049,Easy
6957,1,0,0.62184006,False,0,0.51252484,False,1,0.502603,True,0.967605,0.5160114,0.0,Graph_Only
6958,1,1,0.5140759,True,1,0.7020234,True,1,0.9786017,True,0.9672992,0.51917607,0.85087395,Easy
6959,1,1,0.52106947,True,1,0.96253854,True,1,0.99446243,True,0.95778894,0.5062896,0.0,Easy
6960,0,0,0.55182046,True,0,0.50055397,True,0,0.7991098,True,0.9679934,0.5210866,0.8927103,Easy
6961,0,0,0.54771894,True,0,0.9658409,True,0,0.9731909,True,0.96558183,0.5354235,0.80285215,Easy
6962,1,0,0.5062786,False,1,0.70952797,True,1,0.9625928,True,0.9654208,0.5151316,0.799794,Easy
6963,1,1,0.5413151,True,1,0.90682596,True,1,0.9929269,True,0.96269894,0.50493795,0.7645079,Easy
6964,1,1,0.5581447,True,1,0.5709629,True,1,0.89080316,True,0.9688717,0.51654863,0.8708516,Easy
6965,1,1,0.537966,True,1,0.802904,True,1,0.9868628,True,0.9656499,0.5082354,0.891199,Easy
6966,1,1,0.52205485,True,1,0.96251744,True,1,0.9895013,True,0.9612357,0.49817443,0.8770301,Easy
6967,0,0,0.6401124,True,0,0.8111593,True,0,0.958029,True,0.9676536,0.5142479,0.8606235,Easy
6968,0,0,0.5025565,True,1,0.9036611,False,1,0.8146942,False,0.96392167,0.49965966,0.87847286,Hard
6969,1,1,0.54521936,True,1,0.7766576,True,1,0.97733796,True,0.96630985,0.5069031,0.84688234,Easy
6970,1,1,0.5100912,True,1,0.783758,True,1,0.9829322,True,0.9644102,0.5103156,0.0,Easy
6971,0,0,0.5953179,True,0,0.92963994,True,0,0.97246516,True,0.9700448,0.52637964,0.0,Easy
6972,1,1,0.54442346,True,1,0.879056,True,1,0.99189746,True,0.96962863,0.50742483,0.0,Easy
6973,1,1,0.53040737,True,1,0.76954114,True,1,0.9784162,True,0.96852714,0.5094025,0.8519782,Easy
6974,1,1,0.57314146,True,1,0.73416185,True,1,0.78300786,True,0.9666337,0.5103343,0.83661646,Easy
6975,0,0,0.70329714,True,0,0.5598727,True,0,0.9816226,True,0.9642663,0.51627415,0.8035284,Easy
6976,1,1,0.5207645,True,1,0.9617753,True,1,0.99613816,True,0.9589453,0.5066476,0.0,Easy
6977,1,1,0.51843166,True,1,0.79496783,True,1,0.88428915,True,0.9672543,0.50930893,0.6619668,Easy
6978,1,1,0.53297263,True,1,0.8847353,True,1,0.94374067,True,0.9655511,0.5057165,0.8534314,Easy
6979,0,0,0.6504508,True,0,0.68164617,True,0,0.92752004,True,0.9684123,0.51875824,0.0,Easy
6980,1,0,0.51441187,False,0,0.81851786,False,1,0.59468716,True,0.97358894,0.52893823,0.7512628,Graph_Only
6981,0,0,0.5339715,True,0,0.8214295,True,0,0.6059642,True,0.96719384,0.5207799,0.78312707,Easy
6982,0,1,0.59419507,False,1,0.6789273,False,1,0.73790234,False,0.9671659,0.51825076,0.74585336,Hard
6983,0,0,0.6976567,True,1,0.5702729,False,0,0.9622474,True,0.96762574,0.5090978,0.89826095,Graph_Only
6984,1,1,0.5167299,True,1,0.9785645,True,1,0.9951148,True,0.95932055,0.49896285,0.74065053,Easy
6985,1,1,0.5026454,True,1,0.7171378,True,1,0.95048803,True,0.9695051,0.51712483,0.7763702,Easy
6986,1,0,0.5166058,False,1,0.8776913,True,1,0.9534779,True,0.96620077,0.49797243,0.832145,Easy
6987,0,0,0.6037821,True,0,0.53318006,True,0,0.9149291,True,0.96791625,0.5211849,0.85266066,Easy
6988,1,0,0.51009315,False,1,0.88980263,True,1,0.9195434,True,0.9675064,0.49982187,0.8047703,Easy
6989,1,1,0.5639394,True,1,0.82178295,True,1,0.9682137,True,0.9652526,0.5105957,0.77781844,Easy
6990,0,0,0.5216251,True,0,0.51772267,True,0,0.7616756,True,0.96841514,0.5252094,0.8857882,Easy
6991,1,1,0.5230444,True,1,0.9397617,True,1,0.9798005,True,0.9651332,0.5030158,0.7878684,Easy
6992,1,1,0.54744184,True,1,0.8181737,True,1,0.8636991,True,0.9650261,0.5093841,0.84469926,Easy
6993,0,0,0.539502,True,0,0.62785953,True,0,0.87764525,True,0.97184503,0.52356035,0.7785779,Easy
6994,1,1,0.5837083,True,1,0.6030217,True,1,0.9848297,True,0.9682206,0.52462864,0.84334576,Easy
6995,1,1,0.5269678,True,1,0.9582812,True,1,0.9894956,True,0.96298397,0.50286394,0.8399278,Easy
6996,1,0,0.5554361,False,1,0.7412102,True,1,0.76744545,True,0.9697461,0.50261426,0.86543036,Easy
6997,0,0,0.58246535,True,0,0.59830815,True,0,0.9719091,True,0.9743613,0.51956743,0.7380625,Easy
6998,1,1,0.5083722,True,1,0.8529839,True,1,0.9833761,True,0.96491003,0.50576323,0.8256428,Easy
6999,0,0,0.5502769,True,0,0.66452485,True,0,0.7635031,True,0.9668832,0.514758,0.0,Easy
7000,1,0,0.5504304,False,0,0.62669307,False,0,0.66921467,False,0.9714403,0.5226368,0.8572218,Hard
7001,1,1,0.54618216,True,1,0.9526219,True,1,0.9938566,True,0.96127355,0.5037188,0.84342855,Easy
7002,1,1,0.5161121,True,1,0.84937316,True,1,0.99653697,True,0.9644682,0.50592643,0.81101793,Easy
7003,0,0,0.573649,True,0,0.89596176,True,0,0.92685586,True,0.9672365,0.5321685,0.81832814,Easy
7004,1,1,0.562215,True,1,0.7379623,True,1,0.96171784,True,0.9671967,0.51307505,0.7580966,Easy
7005,0,0,0.64428496,True,0,0.72937447,True,0,0.9387713,True,0.9698235,0.52029955,0.88528705,Easy
7006,0,0,0.61173064,True,0,0.88568985,True,0,0.99047816,True,0.96715117,0.518128,0.86352843,Easy
7007,1,1,0.59804255,True,1,0.76958424,True,1,0.9544025,True,0.9685255,0.5093231,0.8758159,Easy
7008,1,1,0.5415445,True,1,0.9244777,True,1,0.986505,True,0.96327186,0.50723517,0.8631877,Easy
7009,1,1,0.5089265,True,1,0.96022916,True,1,0.99230534,True,0.96407914,0.49951681,0.73137987,Easy
7010,1,0,0.51080304,False,1,0.8986547,True,1,0.959966,True,0.9678713,0.4983554,0.8591913,Easy
7011,1,1,0.5035693,True,1,0.9545594,True,1,0.9880882,True,0.96017385,0.50183475,0.0,Easy
7012,0,0,0.5839522,True,1,0.60216105,False,0,0.86236227,True,0.9689362,0.50406456,0.8195935,Graph_Only
7013,1,0,0.50117564,False,1,0.72576535,True,1,0.9562505,True,0.9655402,0.51325905,0.0,Easy
7014,1,1,0.55220145,True,1,0.6505828,True,1,0.8838508,True,0.96946967,0.5131869,0.8570374,Easy
7015,1,1,0.5309168,True,1,0.9652093,True,1,0.9973816,True,0.95885515,0.5105699,0.88499403,Easy
7016,0,0,0.53155327,True,1,0.70093244,False,0,0.67524856,True,0.9656126,0.50818795,0.89886665,Graph_Only
7017,1,0,0.524507,False,1,0.9200392,True,1,0.8118261,True,0.9668337,0.49448693,0.7379601,Easy
7018,1,1,0.50555557,True,0,0.6514677,False,0,0.50008696,False,0.96948206,0.5214152,0.749012,Hard
7019,1,1,0.5510719,True,1,0.6387549,True,1,0.9923975,True,0.9694475,0.51791537,0.79115736,Easy
7020,1,0,0.56395787,False,0,0.7631572,False,0,0.5602248,False,0.9690857,0.5248249,0.8199831,Hard
7021,1,1,0.54612243,True,1,0.94710517,True,1,0.9951324,True,0.9614475,0.50362086,0.86054146,Easy
7022,1,0,0.52625483,False,1,0.7082295,True,0,0.5435509,False,0.9732273,0.5060215,0.0,Text_Only
7023,1,1,0.5496969,True,1,0.841619,True,1,0.98631126,True,0.96913517,0.5067664,0.7450545,Easy
7024,1,0,0.5819752,False,0,0.68924946,False,0,0.8382715,False,0.9700029,0.52309734,0.8120147,Hard
7025,1,1,0.5247141,True,1,0.8106901,True,1,0.8509446,True,0.9658856,0.5036655,0.86907166,Easy
7026,1,0,0.515476,False,1,0.67749053,True,1,0.9162199,True,0.9711237,0.5133604,0.7349693,Easy
7027,1,1,0.57181495,True,1,0.7999298,True,1,0.9812307,True,0.9681935,0.5131478,0.74717593,Easy
7028,1,1,0.50969744,True,1,0.92497635,True,1,0.9829873,True,0.96077263,0.50635856,0.0,Easy
7029,1,0,0.5114661,False,1,0.90990156,True,1,0.9428839,True,0.959988,0.5071184,0.770535,Easy
7030,1,1,0.5114087,True,1,0.9701938,True,1,0.99419796,True,0.95751274,0.5028981,0.8499545,Easy
7031,1,1,0.5208121,True,1,0.9518626,True,1,0.97755164,True,0.9622178,0.5046428,0.0,Easy
7032,1,1,0.5188953,True,1,0.968135,True,1,0.9958912,True,0.957636,0.50005144,0.8438734,Easy
7033,1,1,0.53538126,True,1,0.9257157,True,1,0.9939564,True,0.9596993,0.51079977,0.9088018,Easy
7034,1,0,0.5991355,False,0,0.55100596,False,1,0.52696234,True,0.96619076,0.52175623,0.81108856,Graph_Only
7035,1,0,0.5016986,False,1,0.9429863,True,1,0.9847659,True,0.9594993,0.5029243,0.7453331,Easy
7036,1,1,0.53458625,True,1,0.6951591,True,1,0.9650323,True,0.96953344,0.51269245,0.75056684,Easy
7037,1,1,0.5257543,True,1,0.96876156,True,1,0.99775547,True,0.9566481,0.50883025,0.91713357,Easy
7038,1,1,0.5020068,True,1,0.97044015,True,1,0.99082804,True,0.9571967,0.50287,0.897735,Easy
7039,1,1,0.5202336,True,1,0.9539246,True,1,0.9942339,True,0.95969594,0.50989896,0.89039105,Easy
7040,1,1,0.50487715,True,1,0.7573334,True,1,0.9615332,True,0.96667814,0.5166876,0.82481694,Easy
7041,1,0,0.5087744,False,1,0.9593255,True,1,0.9710416,True,0.95951974,0.49958178,0.8982011,Easy
7042,1,0,0.5178991,False,1,0.66141653,True,0,0.5029704,False,0.9661441,0.5160872,0.8633799,Text_Only
7043,1,1,0.5225081,True,1,0.7747937,True,1,0.98124355,True,0.96449816,0.5132546,0.8151995,Easy
7044,0,0,0.54826266,True,1,0.8737085,False,1,0.8882145,False,0.9633161,0.5108901,0.7790049,Hard
7045,1,1,0.5232197,True,1,0.84611684,True,1,0.9930581,True,0.96241635,0.51831096,0.9084629,Easy
7046,1,1,0.5287151,True,1,0.94956404,True,1,0.9952626,True,0.95876133,0.5091725,0.88884515,Easy
7047,1,1,0.5347612,True,1,0.9518885,True,1,0.99332434,True,0.96028304,0.51210105,0.7406877,Easy
7048,1,1,0.5014387,True,1,0.96689034,True,1,0.987711,True,0.9584522,0.5015674,0.0,Easy
7049,1,1,0.60046965,True,0,0.5100423,False,1,0.8141835,True,0.9676398,0.5244905,0.82762146,Graph_Only
7050,1,1,0.5442905,True,1,0.85269743,True,1,0.9795416,True,0.9641095,0.518522,0.88871896,Easy
7051,1,1,0.5310436,True,1,0.89912677,True,1,0.98738736,True,0.96171194,0.51068836,0.92543876,Easy
7052,1,1,0.52695876,True,1,0.8991442,True,1,0.9929924,True,0.960582,0.51656157,0.75736743,Easy
7053,1,1,0.5533822,True,1,0.8673211,True,1,0.98714334,True,0.96282685,0.5108384,0.85664034,Easy
7054,1,1,0.540694,True,1,0.90757936,True,1,0.9917406,True,0.96476996,0.50398535,0.82992125,Easy
7055,1,1,0.5150815,True,1,0.78189737,True,1,0.9770049,True,0.9655776,0.5115864,0.840423,Easy
7056,1,1,0.563903,True,1,0.718233,True,1,0.9356791,True,0.9676323,0.5152869,0.7836391,Easy
7057,1,1,0.5208883,True,1,0.91419375,True,1,0.99406564,True,0.96102273,0.5120783,0.8442841,Easy
7058,1,1,0.51770544,True,1,0.9489591,True,1,0.9954007,True,0.95979017,0.5144108,0.78875726,Easy
7059,1,1,0.5285278,True,1,0.9315438,True,1,0.9957788,True,0.96046144,0.51052135,0.9045681,Easy
7060,1,1,0.5270339,True,1,0.96957546,True,1,0.9983399,True,0.95662075,0.5090075,0.8807957,Easy
7061,1,1,0.5310593,True,1,0.9097123,True,1,0.9935457,True,0.9599259,0.5095939,0.0,Easy
7062,1,1,0.51402855,True,1,0.9594617,True,1,0.99553645,True,0.95840806,0.5083243,0.8895612,Easy
7063,1,1,0.5345731,True,1,0.9246856,True,1,0.9896931,True,0.9602998,0.5091997,0.9269422,Easy
7064,1,1,0.5339417,True,1,0.9267064,True,1,0.9972149,True,0.96137005,0.5158549,0.88845885,Easy
7065,1,1,0.52384454,True,1,0.8028675,True,1,0.9834261,True,0.9632653,0.51543415,0.8709695,Easy
7066,1,1,0.5300022,True,1,0.8301071,True,1,0.9912642,True,0.9623297,0.51578367,0.88584936,Easy
7067,1,1,0.52726966,True,1,0.9417873,True,1,0.9954526,True,0.9587929,0.51002854,0.8871696,Easy
7068,1,1,0.5140871,True,1,0.9256842,True,1,0.986545,True,0.96014535,0.50912815,0.8951347,Easy
7069,1,1,0.53214294,True,1,0.9338116,True,1,0.9917773,True,0.9610745,0.5127189,0.7909477,Easy
7070,1,1,0.52316993,True,1,0.8180694,True,1,0.91497314,True,0.9658771,0.50560594,0.85670197,Easy
7071,0,0,0.5942058,True,1,0.58941436,False,1,0.57390594,False,0.96883726,0.5116091,0.7837968,Hard
7072,1,1,0.5076644,True,1,0.92324066,True,1,0.9798583,True,0.9596272,0.5075775,0.9002371,Easy
7073,1,1,0.5114185,True,1,0.9433737,True,1,0.98380363,True,0.95940834,0.50405586,0.8858698,Easy
7074,1,1,0.5270291,True,1,0.72829247,True,1,0.921433,True,0.96583056,0.51007485,0.7903297,Easy
7075,1,1,0.5286828,True,1,0.95522016,True,1,0.996061,True,0.95849866,0.5071826,0.90841097,Easy
7076,1,1,0.52937055,True,1,0.9393904,True,1,0.99335164,True,0.95925796,0.507213,0.9136077,Easy
7077,1,1,0.52769935,True,1,0.9488754,True,1,0.99604636,True,0.9593946,0.5106528,0.8842258,Easy
7078,1,1,0.53490067,True,1,0.8844783,True,1,0.991355,True,0.9615418,0.51033473,0.8968426,Easy
7079,1,1,0.53310037,True,1,0.9764841,True,1,0.9979965,True,0.95686173,0.50578827,0.8981142,Easy
7080,1,1,0.52619344,True,1,0.9422908,True,1,0.9965565,True,0.9589422,0.50999933,0.8850839,Easy
7081,1,0,0.5359232,False,1,0.90136683,True,1,0.87354124,True,0.9627498,0.50785494,0.8775248,Easy
7082,1,1,0.52948266,True,1,0.93414736,True,1,0.99320835,True,0.95910436,0.5099862,0.87232447,Easy
7083,1,0,0.53277045,False,1,0.7544198,True,1,0.9064487,True,0.9632454,0.5123193,0.8950794,Easy
7084,1,1,0.5193183,True,1,0.8413524,True,1,0.9937996,True,0.961972,0.5178975,0.8731552,Easy
7085,1,1,0.50601006,True,1,0.95830727,True,1,0.98819613,True,0.9593682,0.5050651,0.8864361,Easy
7086,1,0,0.5039422,False,1,0.9240502,True,1,0.97962373,True,0.96104884,0.50474066,0.866114,Easy
7087,1,1,0.53720534,True,1,0.9441459,True,1,0.99319756,True,0.96144485,0.50642407,0.860466,Easy
7088,1,1,0.5420976,True,1,0.9595035,True,1,0.9967512,True,0.9604842,0.49854726,0.7861595,Easy
7089,1,1,0.52618116,True,1,0.9628818,True,1,0.99637306,True,0.95783913,0.5071661,0.0,Easy
7090,1,1,0.5217528,True,1,0.9447247,True,1,0.9945522,True,0.9601482,0.51149523,0.91638047,Easy
7091,1,1,0.5220944,True,1,0.8996088,True,1,0.98159075,True,0.96254843,0.5081657,0.85463536,Easy
7092,1,0,0.51699036,False,1,0.85895264,True,1,0.85958767,True,0.9625715,0.50683194,0.0,Easy
7093,1,1,0.52945006,True,1,0.9572914,True,1,0.9958851,True,0.95811504,0.5065345,0.93321365,Easy
7094,1,1,0.5078241,True,1,0.7472163,True,1,0.98136044,True,0.9633224,0.51335263,0.897045,Easy
7095,1,1,0.5159165,True,1,0.9707323,True,1,0.99614596,True,0.9571673,0.50017923,0.8931531,Easy
7096,1,1,0.51804173,True,1,0.98544717,True,1,0.9979814,True,0.9542331,0.4995167,0.91178,Easy
7097,1,1,0.5164409,True,1,0.93288374,True,1,0.98871183,True,0.9588662,0.50555706,0.9159972,Easy
7098,1,1,0.5146857,True,1,0.9577928,True,1,0.9917528,True,0.9580154,0.5026522,0.87432253,Easy
7099,1,1,0.51819366,True,1,0.95529145,True,1,0.9929575,True,0.9582732,0.5018692,0.9020295,Easy
7100,1,1,0.5166376,True,1,0.96429795,True,1,0.9923535,True,0.9580216,0.5036674,0.9129188,Easy
7101,1,0,0.50432795,False,1,0.82563883,True,1,0.9691097,True,0.96413076,0.5133546,0.8923991,Easy
7102,1,1,0.5217697,True,1,0.9602538,True,1,0.99456894,True,0.958271,0.5016887,0.92878944,Easy
7103,1,1,0.52842945,True,1,0.87946576,True,1,0.98627484,True,0.96219945,0.5105959,0.88066363,Easy
7104,1,1,0.51630193,True,1,0.96955925,True,1,0.9964889,True,0.95672834,0.5061641,0.9514432,Easy
7105,1,1,0.53545177,True,1,0.8900261,True,1,0.9941742,True,0.9615631,0.51287895,0.8698149,Easy
7106,1,0,0.5396577,False,1,0.9515746,True,1,0.9311179,True,0.9586283,0.50020975,0.74458855,Easy
7107,1,1,0.5213114,True,1,0.96324855,True,1,0.9957343,True,0.95867455,0.5071203,0.8290225,Easy
7108,1,1,0.5039307,True,1,0.8994119,True,1,0.96498305,True,0.9629413,0.50957483,0.8787926,Easy
7109,1,1,0.5372002,True,1,0.94864684,True,1,0.997874,True,0.9593283,0.5111773,0.9035072,Easy
7110,1,1,0.5367182,True,1,0.8838455,True,1,0.99354196,True,0.9640839,0.50852877,0.836337,Easy
7111,1,1,0.5504186,True,1,0.8496464,True,1,0.97820467,True,0.96626925,0.5083577,0.78817147,Easy
7112,1,1,0.52557737,True,1,0.96236044,True,1,0.9972621,True,0.95794165,0.50705296,0.91206396,Easy
7113,1,1,0.517344,True,1,0.853061,True,1,0.98842245,True,0.96481866,0.50782114,0.8554113,Easy
7114,1,1,0.5373408,True,1,0.870128,True,1,0.98138237,True,0.9676615,0.504933,0.8097866,Easy
7115,1,1,0.51731676,True,1,0.9274184,True,1,0.9844707,True,0.9627594,0.5091764,0.8735428,Easy
7116,1,1,0.5252055,True,1,0.9433319,True,1,0.99631655,True,0.95943165,0.51341575,0.9012877,Easy
7117,1,1,0.50314325,True,1,0.7062842,True,1,0.894472,True,0.96449256,0.51696926,0.8707947,Easy
7118,1,1,0.55015147,True,1,0.8623046,True,1,0.99754375,True,0.96744686,0.50602144,0.8245732,Easy
7119,1,0,0.5097722,False,1,0.9110265,True,1,0.9760006,True,0.95996773,0.5047785,0.8877734,Easy
7120,1,1,0.5299038,True,1,0.95005614,True,1,0.99720263,True,0.9587951,0.5097,0.88872516,Easy
7121,1,0,0.50510424,False,1,0.94934887,True,1,0.9739726,True,0.9597399,0.5050479,0.9170777,Easy
7122,1,1,0.5030987,True,1,0.50951815,True,1,0.7291371,True,0.9694652,0.5175334,0.7695135,Easy
7123,1,1,0.5113799,True,1,0.9613352,True,1,0.9904841,True,0.958289,0.50381863,0.0,Easy
7124,1,1,0.5076046,True,1,0.9391604,True,1,0.9837923,True,0.96034217,0.5041587,0.906564,Easy
7125,1,1,0.5141413,True,1,0.9652626,True,1,0.994409,True,0.9578278,0.5033513,0.9291364,Easy
7126,1,1,0.5287708,True,1,0.9332983,True,1,0.99585307,True,0.96024024,0.5124592,0.88930607,Easy
7127,0,1,0.50121474,False,1,0.9535592,False,1,0.9829443,False,0.9601484,0.5057141,0.8941308,Hard
7128,1,1,0.5674083,True,1,0.88177115,True,1,0.9912425,True,0.96147305,0.51042706,0.82786924,Easy
7129,0,1,0.5279296,False,1,0.90638816,False,1,0.7494501,False,0.9654852,0.5035233,0.77583945,Hard
7130,1,1,0.5204877,True,1,0.908449,True,1,0.99509263,True,0.96077275,0.5131971,0.90170056,Easy
7131,1,0,0.5188639,False,1,0.7905943,True,1,0.82842314,True,0.9644652,0.5098327,0.849559,Easy
7132,1,1,0.52158326,True,1,0.9599319,True,1,0.99799806,True,0.9581114,0.50969315,0.80154514,Easy
7133,1,0,0.5183926,False,1,0.8257356,True,1,0.909285,True,0.9645063,0.51181346,0.7860744,Easy
7134,1,0,0.52276295,False,1,0.824649,True,1,0.8863812,True,0.9646874,0.51201546,0.84250724,Easy
7135,1,1,0.52431196,True,1,0.94560933,True,1,0.99802315,True,0.9592268,0.51437247,0.7273623,Easy
7136,1,1,0.5188692,True,1,0.9572021,True,1,0.99582577,True,0.9592859,0.5072224,0.8838749,Easy
7137,1,1,0.5267818,True,1,0.969399,True,1,0.9972101,True,0.9573804,0.5062122,0.90215063,Easy
7138,1,1,0.5386949,True,0,0.5855392,False,1,0.87461865,True,0.96781737,0.52515966,0.79407704,Graph_Only
7139,1,1,0.51837194,True,1,0.926282,True,1,0.9834058,True,0.9608085,0.5035146,0.8637649,Easy
7140,1,1,0.5008664,True,1,0.9159009,True,1,0.9683625,True,0.9610101,0.5094195,0.91307235,Easy
7141,1,1,0.501497,True,1,0.9506037,True,1,0.99058807,True,0.96001244,0.49947605,0.8584368,Easy
7142,1,1,0.5174078,True,1,0.9110915,True,1,0.9763204,True,0.9611522,0.50993335,0.91074365,Easy
7143,1,1,0.52522737,True,1,0.96278864,True,1,0.99734616,True,0.9582628,0.5074461,0.875245,Easy
7144,1,1,0.53072774,True,1,0.92758435,True,1,0.9952722,True,0.960238,0.5116281,0.939245,Easy
7145,1,1,0.516133,True,1,0.8946739,True,1,0.97101,True,0.9619295,0.50617003,0.0,Easy
7146,1,1,0.5491539,True,1,0.89482564,True,1,0.99259406,True,0.9623283,0.50690603,0.8802086,Easy
7147,1,1,0.50125897,True,1,0.686849,True,1,0.78778046,True,0.96567124,0.5114223,0.86854446,Easy
7148,1,1,0.5004716,True,1,0.9551049,True,1,0.98756844,True,0.9599726,0.5005265,0.0,Easy
7149,1,1,0.51253784,True,1,0.91772836,True,1,0.9824385,True,0.9601401,0.5077597,0.9004699,Easy
7150,1,1,0.5079735,True,1,0.87545145,True,1,0.97704834,True,0.9628949,0.51060945,0.86803895,Easy
7151,1,1,0.5064776,True,1,0.96090025,True,1,0.9880975,True,0.958148,0.5043632,0.910548,Easy
7152,1,1,0.51667184,True,1,0.905708,True,1,0.99153167,True,0.9631697,0.514896,0.82507,Easy
7153,1,1,0.51678896,True,1,0.9203945,True,1,0.9804515,True,0.9609908,0.50080156,0.8370545,Easy
7154,1,1,0.5435321,True,1,0.9339915,True,1,0.9980229,True,0.9609017,0.511744,0.8859682,Easy
7155,1,1,0.5189307,True,1,0.93954474,True,1,0.9942697,True,0.9593458,0.5067121,0.9193611,Easy
7156,1,1,0.51355374,True,1,0.93819577,True,1,0.99020547,True,0.9595456,0.50739515,0.89720637,Easy
7157,1,1,0.51087445,True,1,0.9243135,True,1,0.9800157,True,0.9611929,0.502375,0.8988937,Easy
7158,1,1,0.5247439,True,1,0.9338947,True,1,0.9914294,True,0.96067125,0.51164633,0.89874196,Easy
7159,1,1,0.5111273,True,1,0.94959736,True,1,0.9841159,True,0.960634,0.5047457,0.0,Easy
7160,1,1,0.52740836,True,1,0.9048077,True,1,0.9913447,True,0.961555,0.5138817,0.87695765,Easy
7161,1,1,0.50427175,True,1,0.9570555,True,1,0.99073243,True,0.958645,0.50444996,0.91023475,Easy
7162,1,0,0.59875005,False,1,0.7837807,True,1,0.53338116,True,0.9698094,0.504116,0.7683283,Easy
7163,1,0,0.50352514,False,1,0.9595925,True,1,0.9853581,True,0.95899427,0.5007038,0.88691795,Easy
7164,0,0,0.60676986,True,0,0.6750841,True,1,0.5813136,False,0.96900153,0.52006763,0.8315588,Text_Only
7165,1,1,0.51569283,True,1,0.9337909,True,1,0.9865019,True,0.9609504,0.5028444,0.0,Easy
7166,1,0,0.5003014,False,1,0.97101015,True,1,0.991527,True,0.9572628,0.500999,0.8788883,Easy
7167,1,1,0.5107448,True,0,0.52434194,False,1,0.9151643,True,0.9716809,0.5168172,0.8117317,Graph_Only
7168,1,1,0.5413726,True,1,0.93345904,True,1,0.99543613,True,0.96235263,0.50846314,0.8650031,Easy
7169,1,1,0.50778276,True,1,0.92055386,True,1,0.95434636,True,0.96144336,0.5079838,0.8395512,Easy
7170,1,1,0.5276625,True,1,0.9280072,True,1,0.99446434,True,0.96137136,0.51000404,0.8682946,Easy
7171,1,1,0.5253204,True,1,0.9265913,True,1,0.9912369,True,0.9603371,0.5077928,0.8819462,Easy
7172,1,0,0.5107384,False,1,0.91465664,True,1,0.954122,True,0.9611381,0.5023215,0.0,Easy
7173,1,1,0.50999963,True,1,0.9464926,True,1,0.98847723,True,0.95926857,0.50506264,0.8861736,Easy
7174,1,0,0.6320686,False,1,0.59951246,True,0,0.59216934,False,0.9695104,0.51039994,0.6983718,Text_Only
7175,1,1,0.50952893,True,1,0.9679188,True,1,0.9928202,True,0.9587685,0.49849075,0.895747,Easy
7176,1,1,0.5254368,True,1,0.97263813,True,1,0.9974227,True,0.95753,0.5029982,0.8472216,Easy
7177,0,1,0.52915806,False,1,0.7978171,False,1,0.8354848,False,0.96750987,0.50956625,0.80477685,Hard
7178,1,1,0.518729,True,1,0.92101115,True,1,0.9905273,True,0.9616948,0.50556344,0.8865224,Easy
7179,1,1,0.5011814,True,1,0.9354518,True,1,0.97948563,True,0.9591954,0.50168294,0.92939186,Easy
7180,1,1,0.5295486,True,1,0.93309885,True,1,0.9929442,True,0.96143436,0.5046482,0.0,Easy
7181,1,0,0.5068591,False,1,0.8174828,True,1,0.9511435,True,0.96305215,0.5095932,0.9231539,Easy
7182,1,1,0.55619746,True,1,0.8219232,True,1,0.93089163,True,0.9633221,0.50933075,0.83594334,Easy
7183,1,1,0.51813984,True,1,0.9785709,True,1,0.9978897,True,0.95574546,0.50705665,0.8894564,Easy
7184,0,1,0.517091,False,1,0.8480893,False,1,0.97019714,False,0.96246886,0.5138504,0.91115856,Hard
7185,1,0,0.5197459,False,1,0.94784325,True,1,0.9684028,True,0.96028274,0.5032678,0.907535,Easy
7186,1,1,0.51179713,True,1,0.8283044,True,1,0.9650607,True,0.9633677,0.5153327,0.82880545,Easy
7187,1,1,0.5225171,True,1,0.8011125,True,1,0.9617932,True,0.9635891,0.5094096,0.8758886,Easy
7188,1,1,0.51778543,True,1,0.7482963,True,1,0.9274259,True,0.9647981,0.5120746,0.0,Easy
7189,1,1,0.5114124,True,1,0.96579736,True,1,0.9921349,True,0.9576288,0.5038649,0.0,Easy
7190,1,1,0.5183052,True,1,0.9682502,True,1,0.9972621,True,0.95790124,0.5060695,0.8397057,Easy
7191,1,1,0.51574486,True,1,0.9215714,True,1,0.9920095,True,0.96045494,0.5071416,0.89249456,Easy
7192,1,1,0.5277795,True,1,0.9672801,True,1,0.996863,True,0.957052,0.50560826,0.9028139,Easy
7193,1,1,0.52639693,True,1,0.94382805,True,1,0.9961079,True,0.95969504,0.5113757,0.8754588,Easy
7194,1,1,0.5233551,True,1,0.9459355,True,1,0.9897914,True,0.96138775,0.50350654,0.882975,Easy
7195,1,1,0.51522505,True,1,0.96223235,True,1,0.9915495,True,0.95798814,0.50205636,0.8888327,Easy
7196,1,1,0.53429544,True,1,0.55441076,True,1,0.9772454,True,0.9660386,0.52806574,0.90373456,Easy
7197,1,1,0.50697094,True,1,0.9632589,True,1,0.9932847,True,0.9576324,0.504343,0.8725803,Easy
7198,1,1,0.50359803,True,1,0.52369165,True,1,0.8775419,True,0.9683267,0.5187815,0.79514146,Easy
7199,1,0,0.5007305,False,1,0.9431347,True,1,0.9838358,True,0.95951,0.503367,0.0,Easy
7200,1,1,0.51379025,True,1,0.9275841,True,1,0.98944,True,0.9597569,0.5078426,0.94266564,Easy
7201,1,1,0.5334189,True,1,0.8882293,True,1,0.99362624,True,0.9622419,0.50904727,0.90494007,Easy
7202,1,0,0.58871317,False,0,0.82131875,False,1,0.70556885,True,0.9711166,0.527897,0.7653003,Graph_Only
7203,1,1,0.52588093,True,1,0.9632887,True,1,0.99672973,True,0.9578083,0.50681674,0.92390835,Easy
7204,1,1,0.51549524,True,1,0.85575396,True,1,0.96582454,True,0.9637774,0.5099308,0.0,Easy
7205,1,1,0.50417095,True,1,0.9621786,True,1,0.9916187,True,0.9585879,0.49976304,0.9174626,Easy
7206,1,1,0.54659927,True,1,0.95329833,True,1,0.99345726,True,0.9616675,0.504588,0.79653853,Easy
7207,1,0,0.50526,False,1,0.8233077,True,1,0.970234,True,0.9640715,0.51290774,0.0,Easy
7208,1,1,0.51677096,True,1,0.9540723,True,1,0.9925107,True,0.9596275,0.5056274,0.8754138,Easy
7209,1,1,0.5039825,True,1,0.8993968,True,1,0.98072195,True,0.962723,0.5088344,0.88452053,Easy
7210,1,1,0.51338375,True,1,0.8273643,True,1,0.8915929,True,0.965361,0.50959045,0.8775248,Easy
7211,1,1,0.522584,True,1,0.8749599,True,1,0.9831496,True,0.96055716,0.50903344,0.90816474,Easy
7212,1,1,0.5314347,True,1,0.9460953,True,1,0.9952691,True,0.95834506,0.50933164,0.88516986,Easy
7213,1,1,0.5195711,True,1,0.8517459,True,1,0.9521387,True,0.9678386,0.50398797,0.0,Easy
7214,1,1,0.5287289,True,1,0.9580607,True,1,0.9971578,True,0.9593142,0.5065637,0.80477685,Easy
7215,1,1,0.51541394,True,1,0.9291648,True,1,0.99135244,True,0.9605185,0.5078133,0.0,Easy
7216,1,1,0.50645727,True,1,0.9545768,True,1,0.98377335,True,0.9603118,0.50409234,0.0,Easy
7217,1,0,0.50007725,False,1,0.8701899,True,1,0.97101235,True,0.9624549,0.5077556,0.87659353,Easy
7218,1,0,0.5306884,False,0,0.584084,False,1,0.8726905,True,0.9718149,0.5142505,0.0,Graph_Only
7219,1,1,0.5192872,True,1,0.9473454,True,1,0.9909196,True,0.9648882,0.49892753,0.8012513,Easy
7220,1,1,0.5155025,True,1,0.90032566,True,1,0.97522587,True,0.9618715,0.5118867,0.84989166,Easy
7221,1,1,0.52974075,True,1,0.8298167,True,1,0.9732991,True,0.9640399,0.50938416,0.86415434,Easy
7222,1,1,0.5260491,True,1,0.9595868,True,1,0.9940082,True,0.95883286,0.50515425,0.92189884,Easy
7223,1,1,0.5160747,True,1,0.9462936,True,1,0.9911572,True,0.9589627,0.5079453,0.0,Easy
7224,1,1,0.52336466,True,1,0.92810744,True,1,0.9905483,True,0.9601315,0.5060427,0.9181471,Easy
7225,1,1,0.5344526,True,1,0.95631397,True,1,0.99801874,True,0.9588311,0.5062246,0.89638877,Easy
7226,1,1,0.5196922,True,1,0.78200555,True,1,0.8549009,True,0.96527517,0.5147641,0.8878201,Easy
7227,1,1,0.52149016,True,1,0.91284823,True,1,0.9830358,True,0.9612392,0.51122165,0.89858425,Easy
7228,1,1,0.51429504,True,1,0.9028878,True,1,0.9824897,True,0.9639371,0.5072036,0.91404176,Easy
7229,1,1,0.51824504,True,1,0.8664744,True,1,0.9908059,True,0.9631623,0.5098657,0.84780204,Easy
7230,1,1,0.5116473,True,1,0.88125825,True,1,0.9666844,True,0.9649365,0.50525844,0.77730596,Easy
7231,1,1,0.50367177,True,1,0.8074191,True,1,0.93588233,True,0.96347225,0.51053524,0.86604196,Easy
7232,1,1,0.50947326,True,1,0.98303556,True,1,0.99531084,True,0.9548857,0.50118446,0.7807057,Easy
7233,0,0,0.54604757,True,0,0.5455077,True,1,0.7662468,False,0.96764195,0.52569956,0.7469138,Text_Only
7234,1,1,0.52560455,True,1,0.9295733,True,1,0.99283147,True,0.9602771,0.50915736,0.907395,Easy
7235,1,1,0.5061827,True,1,0.9722435,True,1,0.9943652,True,0.95718837,0.5006938,0.9168588,Easy
7236,1,1,0.53828216,True,1,0.89937073,True,1,0.99397755,True,0.963804,0.5091419,0.80444324,Easy
7237,1,1,0.5119595,True,1,0.9625463,True,1,0.9941155,True,0.95878345,0.5040977,0.0,Easy
7238,1,1,0.5159686,True,1,0.88095427,True,1,0.925687,True,0.96399355,0.5087691,0.8386357,Easy
7239,1,1,0.5218729,True,1,0.958259,True,1,0.98645246,True,0.9587443,0.5012359,0.0,Easy
7240,1,1,0.51743543,True,1,0.8383591,True,1,0.9867106,True,0.962147,0.51060396,0.0,Easy
7241,1,0,0.5377502,False,0,0.6008518,False,1,0.78996015,True,0.96920526,0.5276489,0.8213334,Graph_Only
7242,1,1,0.5090746,True,1,0.95130616,True,1,0.98917913,True,0.9593295,0.5032568,0.9211964,Easy
7243,1,0,0.51158464,False,1,0.967821,True,1,0.9747456,True,0.9582889,0.50158805,0.8823626,Easy
7244,1,0,0.57775295,False,1,0.847549,True,1,0.6653704,True,0.96337736,0.50977916,0.88839376,Easy
7245,1,1,0.50513977,True,1,0.75598913,True,1,0.7461207,True,0.9649556,0.5134827,0.8849112,Easy
7246,1,1,0.50683016,True,1,0.7812811,True,1,0.96499634,True,0.9633851,0.5115659,0.0,Easy
7247,1,1,0.5643784,True,1,0.8391505,True,1,0.93706095,True,0.9674175,0.5076335,0.71469593,Easy
7248,1,1,0.51106554,True,1,0.8222707,True,1,0.8029735,True,0.96465546,0.50579685,0.9179579,Easy
7249,1,1,0.5630955,True,1,0.6922776,True,1,0.9624324,True,0.96450496,0.51675236,0.8333962,Easy
7250,0,0,0.57546806,True,0,0.9565204,True,0,0.9916562,True,0.96510184,0.52892774,0.0,Easy
7251,1,0,0.5866045,False,1,0.5001201,True,0,0.6068047,False,0.96640694,0.52055705,0.8038348,Text_Only
7252,1,0,0.59003067,False,0,0.58827853,False,1,0.5094351,True,0.9672462,0.5165922,0.9160707,Graph_Only
7253,1,1,0.53866637,True,1,0.68080395,True,1,0.77609414,True,0.96547705,0.5099375,0.8915561,Easy
7254,1,1,0.5334095,True,1,0.9131232,True,1,0.99299735,True,0.9618583,0.49634343,0.92596376,Easy
7255,1,0,0.501594,False,1,0.78703684,True,1,0.93459386,True,0.9643923,0.5084273,0.8363295,Easy
7256,1,0,0.5347103,False,1,0.80593824,True,0,0.5817091,False,0.96350956,0.5039214,0.87382966,Text_Only
7257,0,0,0.59111875,True,0,0.8069511,True,0,0.95116526,True,0.969244,0.51944566,0.0,Easy
7258,0,0,0.59279835,True,0,0.87510866,True,0,0.94476074,True,0.96828127,0.52699476,0.0,Easy
7259,0,0,0.5674274,True,0,0.8834224,True,0,0.9950917,True,0.9659841,0.52194494,0.7802484,Easy
7260,0,1,0.5049936,False,1,0.5802135,False,1,0.6829495,False,0.96508074,0.5115945,0.92830455,Hard
7261,1,1,0.52285063,True,1,0.85969925,True,1,0.92980707,True,0.9642871,0.50309235,0.83878624,Easy
7262,1,1,0.5329359,True,1,0.8575499,True,1,0.97660863,True,0.9626147,0.5024391,0.8869248,Easy
7263,1,0,0.50035936,False,1,0.8915253,True,1,0.9063584,True,0.9642577,0.49861223,0.802708,Easy
7264,0,0,0.5876126,True,0,0.92808115,True,0,0.99725926,True,0.9655936,0.5265964,0.77003074,Easy
7265,0,0,0.6175733,True,0,0.81767726,True,0,0.96243507,True,0.9685255,0.52231836,0.8649217,Easy
7266,1,1,0.52553535,True,1,0.94231725,True,1,0.9951857,True,0.96081996,0.5039278,0.9077856,Easy
7267,1,1,0.5369268,True,1,0.6711971,True,1,0.98466325,True,0.9689871,0.5083936,0.7854278,Easy
7268,0,0,0.580668,True,1,0.52983296,False,0,0.8688243,True,0.9649198,0.5155518,0.9331731,Graph_Only
7269,1,0,0.51252496,False,1,0.82217836,True,1,0.7049384,True,0.96421194,0.5120953,0.9183803,Easy
7270,1,1,0.5182999,True,1,0.89987135,True,1,0.98888004,True,0.96195674,0.49772313,0.9228836,Easy
7271,1,1,0.56888247,True,1,0.70672077,True,1,0.8290884,True,0.96588326,0.5103736,0.8684372,Easy
7272,1,1,0.56640387,True,1,0.69552124,True,1,0.9121203,True,0.968029,0.5140846,0.84866005,Easy
7273,0,0,0.52734566,True,1,0.8841968,False,0,0.5414621,True,0.96395475,0.5057434,0.90395355,Graph_Only
7274,1,1,0.52462775,True,1,0.69554085,True,1,0.60769737,True,0.96838415,0.51980025,0.7840313,Easy
7275,0,0,0.5375419,True,1,0.6541737,False,0,0.7448053,True,0.9651307,0.51164305,0.89081895,Graph_Only
7276,1,0,0.5060074,False,1,0.7006218,True,1,0.7108366,True,0.9646574,0.5092086,0.8838072,Easy
7277,1,0,0.51551616,False,1,0.87594736,True,1,0.9488292,True,0.9628831,0.49832958,0.90979314,Easy
7278,1,1,0.519586,True,1,0.96251625,True,1,0.99442333,True,0.9602654,0.49518418,0.85771644,Easy
7279,0,0,0.58245367,True,0,0.8949788,True,0,0.9925614,True,0.96343076,0.5208337,0.88490915,Easy
7280,0,1,0.5708403,False,1,0.7006765,False,0,0.5768368,True,0.96850073,0.5134128,0.79681754,Graph_Only
7281,1,1,0.53098553,True,1,0.7920247,True,1,0.9917184,True,0.96394104,0.5116034,0.8652277,Easy
7282,1,1,0.542537,True,1,0.92615736,True,1,0.99196374,True,0.9607086,0.5016755,0.8593861,Easy
7283,1,1,0.50366914,True,1,0.7037154,True,0,0.7475693,False,0.9681633,0.5126882,0.77420413,Text_Only
7284,1,1,0.504785,True,1,0.9446669,True,1,0.9686988,True,0.9619484,0.50408447,0.828032,Easy
7285,0,0,0.6115134,True,1,0.76984113,False,0,0.900984,True,0.96597636,0.50364155,0.87448573,Graph_Only
7286,1,1,0.514237,True,1,0.9458182,True,1,0.9837982,True,0.96102726,0.49938247,0.9334743,Easy
7287,0,0,0.5496091,True,1,0.57492226,False,0,0.76275975,True,0.9666023,0.5119513,0.86701035,Graph_Only
7288,0,0,0.65083873,True,0,0.6141909,True,0,0.79144233,True,0.9664744,0.51780313,0.85948807,Easy
7289,1,1,0.5091959,True,1,0.6886011,True,1,0.93093306,True,0.9677278,0.512636,0.8348785,Easy
7290,1,0,0.5734561,False,0,0.6824353,False,0,0.6545714,False,0.96660984,0.5245901,0.9207056,Hard
7291,0,0,0.5696248,True,0,0.97698045,True,0,0.9986235,True,0.96332425,0.5311993,0.85833603,Easy
7292,1,1,0.5502634,True,1,0.7326742,True,1,0.9597202,True,0.96662426,0.5145315,0.85687697,Easy
7293,1,0,0.5245921,False,1,0.7456968,True,1,0.59271246,True,0.9654987,0.50543207,0.88600075,Easy
7294,1,0,0.5248673,False,1,0.7976445,True,0,0.6785082,False,0.96402335,0.506456,0.938373,Text_Only
7295,1,1,0.51366544,True,1,0.9140197,True,1,0.9623887,True,0.9616431,0.50336444,0.87421393,Easy
7296,0,1,0.51548517,False,0,0.5455225,True,1,0.5605018,False,0.96834195,0.5228411,0.7363837,Text_Only
7297,0,1,0.5040698,False,1,0.6645173,False,0,0.63882613,True,0.96594095,0.514797,0.90079546,Graph_Only
7298,1,1,0.5549032,True,1,0.86672974,True,1,0.9953526,True,0.9627839,0.50801146,0.83414114,Easy
7299,0,0,0.590861,True,0,0.5986496,True,0,0.8820946,True,0.96852183,0.520083,0.0,Easy
7300,1,0,0.54266137,False,1,0.61502796,True,1,0.64778656,True,0.9726259,0.50878847,0.7766535,Easy
7301,1,1,0.5399409,True,1,0.9193961,True,1,0.98401535,True,0.96404195,0.5017777,0.77519,Easy
7302,1,1,0.5143822,True,1,0.69873834,True,1,0.94594306,True,0.9639129,0.51185966,0.93322545,Easy
7303,0,0,0.57895595,True,0,0.9304595,True,0,0.99141407,True,0.9644621,0.5230363,0.87086284,Easy
7304,1,1,0.5522381,True,1,0.75047415,True,1,0.6717288,True,0.96603256,0.51396525,0.81313837,Easy
7305,1,0,0.560196,False,1,0.57580745,True,1,0.6198882,True,0.9643384,0.5097648,0.0,Easy
7306,0,0,0.5765737,True,0,0.6651654,True,0,0.7591664,True,0.9675144,0.5219439,0.86396885,Easy
7307,1,1,0.5641775,True,1,0.73702186,True,1,0.53883386,True,0.96552944,0.51453316,0.9234163,Easy
7308,1,1,0.53406596,True,1,0.9640909,True,1,0.9894595,True,0.9628365,0.49625385,0.72736907,Easy
7309,0,1,0.52869207,False,1,0.8215163,False,1,0.57298553,False,0.9663085,0.5075518,0.7702448,Hard
7310,0,1,0.5157396,False,1,0.8711522,False,1,0.73000735,False,0.9647273,0.5093236,0.92842495,Hard
7311,0,0,0.67257524,True,1,0.5272657,False,0,0.8870552,True,0.9644816,0.51213855,0.8088661,Graph_Only
7312,1,1,0.5253788,True,1,0.92520744,True,1,0.9838268,True,0.96356696,0.50300074,0.90991074,Easy
7313,1,1,0.5137378,True,1,0.79701716,True,1,0.96888083,True,0.9678923,0.5068021,0.86422616,Easy
7314,0,0,0.50594556,True,1,0.60134363,False,0,0.6245316,True,0.96571475,0.5139894,0.8269299,Graph_Only
7315,1,1,0.52654296,True,1,0.914278,True,1,0.99126726,True,0.96191144,0.5079314,0.8432652,Easy
7316,1,1,0.5214444,True,1,0.9539422,True,1,0.9752049,True,0.96022224,0.49310708,0.8542403,Easy
7317,0,0,0.5597163,True,0,0.9297132,True,0,0.8730755,True,0.9682316,0.5266735,0.7152668,Easy
7318,0,0,0.6333483,True,0,0.699902,True,0,0.99211615,True,0.9637895,0.51065046,0.96163297,Easy
7319,0,0,0.5288593,True,1,0.7645407,False,1,0.5123216,False,0.9647058,0.5105023,0.92609787,Hard
7320,0,0,0.56915706,True,0,0.95068955,True,0,0.97307026,True,0.96528447,0.525543,0.0,Easy
7321,1,1,0.5255642,True,1,0.9131546,True,1,0.9848251,True,0.96183133,0.5000632,0.918868,Easy
7322,1,1,0.51063627,True,1,0.68713075,True,1,0.7714311,True,0.96615726,0.5105304,0.8433641,Easy
7323,1,1,0.51722795,True,1,0.6711188,True,1,0.7962202,True,0.9657552,0.5167613,0.85086465,Easy
7324,0,0,0.5797461,True,0,0.91743207,True,0,0.9420804,True,0.9668219,0.5263107,0.91033566,Easy
7325,0,0,0.6213732,True,0,0.6988373,True,0,0.9791357,True,0.96614337,0.5103718,0.92864084,Easy
7326,0,0,0.55572456,True,0,0.8397143,True,0,0.9482012,True,0.9727844,0.525573,0.7234971,Easy
7327,1,0,0.52681386,False,0,0.51206744,False,0,0.7152816,False,0.96556294,0.51660544,0.8502054,Hard
7328,1,0,0.63211226,False,1,0.5811862,True,1,0.7840861,True,0.9693855,0.51145333,0.7615165,Easy
7329,1,0,0.5023875,False,1,0.8709788,True,1,0.78268075,True,0.9649498,0.5027786,0.8509567,Easy
7330,0,1,0.5123165,False,1,0.8454815,False,1,0.5777589,False,0.96479857,0.5084148,0.8331965,Hard
7331,1,1,0.5228423,True,1,0.7403869,True,1,0.7331693,True,0.9643618,0.51611143,0.9518862,Easy
7332,1,1,0.52569485,True,1,0.96040845,True,1,0.9973423,True,0.9610314,0.4996991,0.75102514,Easy
7333,1,1,0.50671756,True,1,0.666676,True,1,0.811302,True,0.9654586,0.5154078,0.90106714,Easy
7334,1,1,0.52647495,True,1,0.8892818,True,1,0.98331475,True,0.9625584,0.5058108,0.8824628,Easy
7335,1,1,0.5343111,True,1,0.8921014,True,1,0.962465,True,0.9637699,0.50221145,0.8838167,Easy
7336,1,1,0.533112,True,1,0.96283597,True,1,0.99887806,True,0.95898306,0.4967704,0.8727531,Easy
7337,1,1,0.505407,True,1,0.6417908,True,1,0.7494654,True,0.96679807,0.50983393,0.80108225,Easy
7338,1,1,0.5425077,True,1,0.95467836,True,1,0.99520916,True,0.96077394,0.50433666,0.87037694,Easy
7339,1,1,0.5120715,True,1,0.798255,True,1,0.9771119,True,0.9635301,0.5043215,0.870535,Easy
7340,1,1,0.5293917,True,1,0.7797578,True,1,0.953526,True,0.9660323,0.51095605,0.8492818,Easy
7341,1,1,0.52933854,True,1,0.6719179,True,1,0.69101495,True,0.9646707,0.508312,0.9311397,Easy
7342,1,1,0.5144038,True,1,0.866982,True,1,0.97917044,True,0.96447504,0.5079468,0.8671043,Easy
7343,0,0,0.5202785,True,0,0.5371368,True,0,0.7736459,True,0.9709525,0.52090746,0.0,Easy
7344,1,0,0.50610346,False,1,0.94376904,True,1,0.9749205,True,0.9627783,0.49504092,0.8479824,Easy
7345,0,0,0.56763005,True,1,0.6284157,False,0,0.7714864,True,0.9650121,0.515875,0.93572664,Graph_Only
7346,1,0,0.5063145,False,1,0.8836381,True,1,0.94531256,True,0.96157414,0.4976353,0.9292495,Easy
7347,0,0,0.5597254,True,0,0.9819371,True,0,0.9989064,True,0.961362,0.52635574,0.9279319,Easy
7348,0,0,0.5203858,True,1,0.6012797,False,0,0.7545781,True,0.96436036,0.5140602,0.9183399,Graph_Only
7349,1,1,0.5532588,True,1,0.7229699,True,1,0.51184887,True,0.96539533,0.51945204,0.81488264,Easy
7350,0,0,0.5706699,True,0,0.56945646,True,0,0.5940348,True,0.9679959,0.51972944,0.88765144,Easy
7351,1,1,0.5556537,True,1,0.7835084,True,1,0.9916311,True,0.9697175,0.5102483,0.88114786,Easy
7352,0,0,0.5749983,True,1,0.6362705,False,1,0.5942528,False,0.9647167,0.5143095,0.89837706,Hard
7353,1,1,0.5499148,True,1,0.8122716,True,1,0.99182546,True,0.9650441,0.5111637,0.0,Easy
7354,1,1,0.513651,True,1,0.7215004,True,1,0.92351043,True,0.9640471,0.50787675,0.8614979,Easy
7355,1,1,0.5555751,True,1,0.7331504,True,1,0.95965654,True,0.96488094,0.5041687,0.0,Easy
7356,1,1,0.5192464,True,1,0.75058085,True,1,0.8529614,True,0.9661883,0.50745785,0.84118825,Easy
7357,1,1,0.5300781,True,1,0.94556475,True,1,0.9889686,True,0.95958066,0.5033024,0.92969453,Easy
7358,1,1,0.53394294,True,1,0.7782792,True,1,0.97095585,True,0.9640236,0.50744456,0.88538694,Easy
7359,0,0,0.5189881,True,1,0.7163371,False,1,0.8716787,False,0.9656265,0.50583416,0.0,Hard
7360,1,1,0.50129247,True,1,0.77134025,True,1,0.84669393,True,0.96377075,0.5030871,0.9241848,Easy
7361,1,1,0.5014313,True,1,0.8475047,True,1,0.9059817,True,0.9643065,0.503139,0.7728199,Easy
7362,0,0,0.5744429,True,0,0.90606344,True,0,0.9972288,True,0.9675727,0.51904273,0.86163586,Easy
7363,0,0,0.56432694,True,1,0.56316876,False,0,0.84235954,True,0.96722543,0.5188342,0.91984236,Graph_Only
7364,1,0,0.512494,False,1,0.7435352,True,1,0.7108403,True,0.9659452,0.50518274,0.92877626,Easy
7365,1,1,0.55222064,True,1,0.8106444,True,1,0.9698281,True,0.96419287,0.5123088,0.8258165,Easy
7366,0,0,0.5796562,True,0,0.90904903,True,0,0.9909491,True,0.964018,0.525003,0.80628884,Easy
7367,1,0,0.5172006,False,1,0.7663024,True,1,0.8991809,True,0.9646982,0.5093472,0.8105799,Easy
7368,0,0,0.63106996,True,0,0.58418894,True,0,0.7214809,True,0.96601653,0.5166023,0.89403164,Easy
7369,1,1,0.52987,True,1,0.9002088,True,1,0.95515245,True,0.96127665,0.5029866,0.95273274,Easy
7370,1,1,0.5438873,True,1,0.9149477,True,1,0.9916049,True,0.9635063,0.50611854,0.8017678,Easy
7371,1,0,0.52332366,False,1,0.8122082,True,1,0.64152765,True,0.9645014,0.50212556,0.8596078,Easy
7372,1,1,0.5340948,True,1,0.92197824,True,1,0.9943059,True,0.9616515,0.49961495,0.93075943,Easy
7373,1,0,0.50248486,False,1,0.8236701,True,1,0.87054604,True,0.9627863,0.5074356,0.874671,Easy
7374,1,0,0.50244486,False,1,0.7558983,True,1,0.8429065,True,0.9642556,0.50589174,0.90748346,Easy
7375,1,1,0.5334997,True,1,0.6524915,True,1,0.8971728,True,0.9639667,0.50986916,0.926432,Easy
7376,1,0,0.5202543,False,1,0.73370254,True,1,0.79415137,True,0.96518546,0.5119134,0.9101827,Easy
7377,1,1,0.5026358,True,1,0.6793546,True,1,0.80487204,True,0.964558,0.5071305,0.8843697,Easy
7378,0,0,0.50425303,True,0,0.7550241,True,1,0.6788307,False,0.9668257,0.52421653,0.81155765,Text_Only
7379,1,0,0.59416914,False,1,0.65116364,True,0,0.6552504,False,0.9676939,0.51248604,0.8082613,Text_Only
7380,0,1,0.50389224,False,1,0.7290754,False,1,0.8796478,False,0.96440315,0.506754,0.8532759,Hard
7381,1,0,0.5796893,False,1,0.58701265,True,0,0.8244896,False,0.96681654,0.5145782,0.9055887,Text_Only
7382,0,0,0.622114,True,0,0.60895556,True,0,0.5791042,True,0.9669273,0.5165634,0.919814,Easy
7383,1,0,0.53690207,False,1,0.6718433,True,1,0.5805097,True,0.9644443,0.5105436,0.8698385,Easy
7384,1,1,0.5148809,True,1,0.8729048,True,1,0.944451,True,0.9644147,0.5045058,0.8027133,Easy
7385,1,0,0.5318083,False,0,0.78877765,False,1,0.90966797,True,0.9670644,0.5233969,0.7790259,Graph_Only
7386,1,0,0.5865696,False,0,0.75162387,False,1,0.551612,True,0.9690524,0.5194779,0.0,Graph_Only
7387,0,1,0.58604604,False,1,0.65409976,False,0,0.5697511,True,0.9676589,0.5179411,0.86661494,Graph_Only
7388,0,0,0.579248,True,1,0.86758983,False,0,0.60236084,True,0.9669866,0.49583647,0.74627596,Graph_Only
7389,1,0,0.5194019,False,1,0.88910955,True,1,0.9080275,True,0.96316946,0.50050205,0.8761348,Easy
7390,1,0,0.5460119,False,1,0.6112847,True,0,0.5699709,False,0.96656954,0.5096495,0.90185606,Text_Only
7391,0,0,0.54323846,True,1,0.6862233,False,0,0.7959015,True,0.9653475,0.50785834,0.9098654,Graph_Only
7392,1,0,0.5101772,False,1,0.7527222,True,0,0.57500356,False,0.96498865,0.5119094,0.90719044,Text_Only
7393,0,0,0.5304224,True,1,0.8165014,False,0,0.86837584,True,0.9640376,0.5044353,0.906232,Graph_Only
7394,1,0,0.657639,False,0,0.6540334,False,0,0.9243892,False,0.9659052,0.5194859,0.802211,Hard
7395,0,0,0.5169689,True,1,0.61178005,False,1,0.64834505,False,0.96702856,0.5097034,0.73058116,Hard
7396,1,1,0.54209244,True,1,0.910678,True,1,0.98902565,True,0.9630747,0.5082043,0.7344489,Easy
7397,0,0,0.6156187,True,1,0.5775774,False,0,0.6888374,True,0.9649826,0.50928783,0.0,Graph_Only
7398,1,0,0.5423873,False,1,0.7936761,True,1,0.70684147,True,0.9640063,0.50897646,0.93802977,Easy
7399,1,1,0.5180794,True,1,0.72806734,True,1,0.8218098,True,0.9640404,0.50646806,0.86052537,Easy
7400,0,0,0.5673076,True,0,0.9243916,True,0,0.92144525,True,0.9665952,0.5167529,0.8467778,Easy
7401,0,0,0.53375936,True,1,0.70446724,False,0,0.8533507,True,0.9661321,0.51359266,0.91751146,Graph_Only
7402,1,1,0.5318506,True,1,0.83398664,True,1,0.95474386,True,0.9629588,0.51024425,0.9460448,Easy
7403,1,1,0.58749884,True,1,0.7468601,True,1,0.7072738,True,0.9658303,0.5101578,0.87935555,Easy
7404,1,1,0.52309364,True,1,0.90898764,True,1,0.98368824,True,0.9647919,0.49594453,0.798934,Easy
7405,1,1,0.5189294,True,1,0.81215066,True,1,0.91378427,True,0.96526694,0.51214135,0.8874248,Easy
7406,1,1,0.5194689,True,1,0.77159476,True,1,0.89936733,True,0.9646963,0.5061144,0.9255725,Easy
7407,0,0,0.59502435,True,0,0.8687431,True,0,0.98437077,True,0.9642519,0.51864463,0.89934313,Easy
7408,1,1,0.540228,True,1,0.8737857,True,1,0.9943547,True,0.9640621,0.5074189,0.84319997,Easy
7409,0,0,0.52519333,True,0,0.56784284,True,0,0.83674324,True,0.97104234,0.5234126,0.7153164,Easy
7410,0,0,0.5643809,True,1,0.5964094,False,0,0.7529942,True,0.96777326,0.515248,0.8483292,Graph_Only
7411,0,0,0.63564503,True,0,0.5741962,True,0,0.68214893,True,0.96521884,0.517489,0.8841181,Easy
7412,1,1,0.536715,True,1,0.61143875,True,1,0.84629625,True,0.9650148,0.5131939,0.89860255,Easy
7413,0,0,0.5084058,True,1,0.92800474,False,0,0.55442214,True,0.9621655,0.49649116,0.9233409,Graph_Only
7414,1,1,0.5529635,True,0,0.5023651,False,1,0.9363164,True,0.9668019,0.5204607,0.83743405,Graph_Only
7415,0,1,0.50817686,False,1,0.72824854,False,1,0.85059804,False,0.96448463,0.5122914,0.9417546,Hard
7416,0,0,0.5139075,True,1,0.8586456,False,0,0.6173173,True,0.9675454,0.5009572,0.0,Graph_Only
7417,0,0,0.6646261,True,0,0.50506604,True,0,0.7983479,True,0.9680867,0.519444,0.85193676,Easy
7418,0,0,0.5790295,True,0,0.9253517,True,0,0.9978435,True,0.9639187,0.52343243,0.9284186,Easy
7419,1,1,0.5172346,True,1,0.93040603,True,1,0.9552092,True,0.96094924,0.50068617,0.93158823,Easy
7420,0,1,0.5301428,False,1,0.8267722,False,1,0.93876976,False,0.9642472,0.5104054,0.9037099,Hard
7421,1,1,0.5208343,True,1,0.8496606,True,1,0.9870537,True,0.9644666,0.50722605,0.86026865,Easy
7422,0,0,0.60339034,True,1,0.51243,False,0,0.6805221,True,0.97072273,0.5129486,0.7656176,Graph_Only
7423,0,0,0.5341055,True,1,0.8010508,False,1,0.6304949,False,0.96496147,0.50301087,0.87159324,Hard
7424,1,1,0.53431034,True,1,0.7941975,True,1,0.98451555,True,0.96513134,0.50765646,0.94870186,Easy
7425,0,0,0.5637314,True,0,0.94276184,True,0,0.9888488,True,0.9676655,0.5240455,0.8823571,Easy
7426,0,0,0.53262514,True,1,0.6938716,False,0,0.69637203,True,0.96568215,0.51008046,0.8321287,Graph_Only
7427,0,0,0.68160444,True,0,0.58329695,True,0,0.9670669,True,0.96525,0.51899433,0.7716097,Easy
7428,1,1,0.52256995,True,1,0.9248762,True,1,0.9840867,True,0.96207565,0.5050726,0.9213711,Easy
7429,1,0,0.5588268,False,0,0.5938713,False,1,0.6501198,True,0.9653423,0.5176451,0.8995049,Graph_Only
7430,0,0,0.5940478,True,1,0.6226714,False,0,0.65780747,True,0.9655093,0.5119381,0.82402295,Graph_Only
7431,0,0,0.57533413,True,0,0.9503572,True,0,0.997027,True,0.96404594,0.52065337,0.9294879,Easy
7432,1,0,0.56620014,False,0,0.54996467,False,0,0.5543169,False,0.97023803,0.5097029,0.0,Hard
7433,1,0,0.5193748,False,1,0.7761097,True,1,0.66419464,True,0.9652301,0.5125659,0.9075708,Easy
7434,1,1,0.54462147,True,1,0.9614252,True,1,0.98659015,True,0.95916754,0.4982698,0.92712533,Easy
7435,1,1,0.5239499,True,0,0.5149085,False,1,0.55243367,True,0.967067,0.5239676,0.87713695,Graph_Only
7436,0,0,0.55942047,True,0,0.5262932,True,1,0.6246079,False,0.9640701,0.5174185,0.80111116,Text_Only
7437,1,0,0.51406825,False,1,0.7255218,True,1,0.50112873,True,0.96471953,0.51247984,0.86354476,Easy
7438,0,0,0.604788,True,0,0.8601732,True,0,0.950182,True,0.9704877,0.5274366,0.82196283,Easy
7439,1,1,0.5877579,True,1,0.7164487,True,1,0.9492222,True,0.96703887,0.51705885,0.70981216,Easy
7440,0,1,0.55295306,False,1,0.6303892,False,1,0.51956093,False,0.96588933,0.5152953,0.9048279,Hard
7441,1,1,0.5297734,True,1,0.8219194,True,1,0.85604364,True,0.9653944,0.50453585,0.8704002,Easy
7442,1,1,0.5314527,True,1,0.67247564,True,1,0.87656677,True,0.9655937,0.5106906,0.8635478,Easy
7443,1,1,0.528871,True,1,0.87256885,True,1,0.97277373,True,0.9633403,0.5050665,0.8717419,Easy
7444,0,0,0.5681731,True,0,0.9275239,True,0,0.98239833,True,0.96791995,0.51981705,0.88820434,Easy
7445,0,0,0.6292594,True,0,0.76163495,True,0,0.9788507,True,0.9683824,0.51331455,0.8762951,Easy
7446,0,0,0.58526653,True,0,0.8821953,True,0,0.9457364,True,0.9669932,0.52234197,0.92032033,Easy
7447,1,1,0.5935981,True,1,0.7127829,True,1,0.92426753,True,0.9680814,0.50946385,0.7939391,Easy
7448,1,1,0.53273124,True,1,0.76510173,True,1,0.9897685,True,0.9630921,0.5108929,0.9299114,Easy
7449,1,1,0.5359223,True,1,0.9026079,True,1,0.9928126,True,0.96241736,0.50850725,0.7617748,Easy
7450,1,1,0.5533568,True,1,0.7211712,True,1,0.91824764,True,0.966501,0.50295913,0.78048074,Easy
7451,0,1,0.5165401,False,1,0.71699524,False,0,0.51704633,True,0.9688938,0.50680023,0.0,Graph_Only
7452,0,0,0.5554862,True,1,0.6433086,False,1,0.71112835,False,0.96692455,0.50990665,0.0,Hard
7453,0,1,0.5069411,False,1,0.96806884,False,1,0.98706126,False,0.9575209,0.5008098,0.8770317,Hard
7454,1,1,0.52553654,True,0,0.61651355,False,1,0.54654384,True,0.9700322,0.5269944,0.7764956,Graph_Only
7455,1,1,0.5317646,True,1,0.8391222,True,1,0.9729565,True,0.962883,0.5098434,0.0,Easy
7456,1,1,0.52738273,True,1,0.9305613,True,1,0.995103,True,0.9606386,0.5145137,0.787037,Easy
7457,1,1,0.5319468,True,1,0.9229868,True,1,0.9964192,True,0.96131456,0.5125435,0.90007836,Easy
7458,1,1,0.51802444,True,1,0.75461066,True,1,0.95741576,True,0.9654017,0.5126462,0.87619656,Easy
7459,1,0,0.53608984,False,1,0.9244288,True,1,0.8820147,True,0.96127987,0.5052271,0.0,Easy
7460,1,0,0.5074687,False,0,0.9207471,False,1,0.8695793,True,0.9705297,0.53538954,0.7512044,Graph_Only
7461,1,1,0.5115482,True,1,0.9386135,True,1,0.98971564,True,0.95989245,0.502442,0.8617584,Easy
7462,1,1,0.51807386,True,1,0.74710727,True,1,0.9749933,True,0.9659569,0.51927674,0.81719315,Easy
7463,0,1,0.637739,False,1,0.6086275,False,1,0.7055146,False,0.967007,0.5254801,0.8393314,Hard
7464,1,1,0.5112931,True,1,0.8706987,True,1,0.9399031,True,0.96261406,0.5051575,0.7814362,Easy
7465,1,1,0.5470869,True,1,0.9635628,True,1,0.9914984,True,0.9618603,0.50011337,0.75989467,Easy
7466,1,1,0.5151044,True,1,0.9261837,True,1,0.98828363,True,0.9621852,0.51255304,0.88749504,Easy
7467,1,1,0.5212188,True,1,0.921804,True,1,0.99256057,True,0.9607532,0.5065577,0.8439683,Easy
7468,1,1,0.5320495,True,1,0.96740615,True,1,0.9986999,True,0.9571726,0.50948167,0.91857326,Easy
7469,1,1,0.5307737,True,1,0.8945839,True,1,0.9923883,True,0.96155524,0.51763326,0.86188674,Easy
7470,1,1,0.5222615,True,1,0.9447933,True,1,0.9911413,True,0.9584249,0.5051702,0.9137132,Easy
7471,1,1,0.5188656,True,1,0.97770226,True,1,0.99836487,True,0.95735157,0.5025549,0.8429533,Easy
7472,1,1,0.5201403,True,1,0.9244187,True,1,0.9913288,True,0.96035767,0.508266,0.9188989,Easy
7473,1,1,0.5506838,True,1,0.87965995,True,1,0.9979235,True,0.96158683,0.5189882,0.83546126,Easy
7474,1,1,0.5387711,True,1,0.7396202,True,1,0.9782929,True,0.96539694,0.51582086,0.8986591,Easy
7475,1,1,0.5120315,True,1,0.894564,True,1,0.9819842,True,0.96126616,0.5101386,0.92507815,Easy
7476,1,1,0.5329013,True,1,0.9413148,True,1,0.99503064,True,0.9601546,0.50620383,0.8241844,Easy
7477,1,1,0.54773813,True,1,0.8700744,True,1,0.9912177,True,0.9633151,0.51528597,0.85932505,Easy
7478,1,1,0.52272284,True,1,0.97102845,True,1,0.99671566,True,0.956834,0.5012013,0.9096216,Easy
7479,1,1,0.55469763,True,1,0.93367565,True,1,0.9837795,True,0.96217334,0.5059123,0.79015946,Easy
7480,1,1,0.59562063,True,1,0.73775905,True,1,0.86906374,True,0.9665499,0.51027346,0.8753662,Easy
7481,1,1,0.5289571,True,1,0.92168105,True,1,0.9931639,True,0.9606117,0.5129426,0.9157881,Easy
7482,1,1,0.5181457,True,1,0.8854526,True,1,0.98844576,True,0.96223664,0.51626366,0.8779479,Easy
7483,1,1,0.5397614,True,1,0.83735615,True,1,0.98507524,True,0.96296346,0.51497203,0.8531365,Easy
7484,0,0,0.59878063,True,0,0.5130941,True,0,0.58009356,True,0.9673243,0.515621,0.0,Easy
7485,1,1,0.52273226,True,1,0.9531308,True,1,0.99624497,True,0.95884234,0.50485516,0.9134214,Easy
7486,0,0,0.5108729,True,1,0.573545,False,0,0.73368317,True,0.96674514,0.5164503,0.8630723,Graph_Only
7487,1,1,0.5236996,True,1,0.8918932,True,1,0.9923269,True,0.962793,0.51581955,0.9034191,Easy
7488,1,1,0.5184411,True,1,0.897514,True,1,0.9635267,True,0.9629661,0.50890607,0.8477265,Easy
7489,1,1,0.5391426,True,1,0.76908183,True,1,0.9755879,True,0.9640597,0.5110349,0.8520873,Easy
7490,0,1,0.51244146,False,1,0.7300879,False,1,0.9342015,False,0.96623915,0.50403833,0.0,Hard
7491,1,1,0.5346533,True,1,0.92519826,True,1,0.9970797,True,0.9592198,0.51383126,0.91072154,Easy
7492,1,1,0.5147898,True,1,0.9341403,True,1,0.9907419,True,0.96044207,0.5102746,0.8696122,Easy
7493,1,1,0.51156515,True,1,0.8726522,True,1,0.9599156,True,0.9627438,0.5063064,0.8812803,Easy
7494,1,1,0.5297459,True,1,0.95920146,True,1,0.9976419,True,0.958516,0.51032686,0.9303924,Easy
7495,1,1,0.50574607,True,1,0.863941,True,1,0.94933254,True,0.96367943,0.5095298,0.8538376,Easy
7496,0,0,0.5416429,True,1,0.86776924,False,1,0.825259,False,0.96402806,0.510925,0.8731837,Hard
7497,1,1,0.57275766,True,1,0.66529423,True,1,0.9186694,True,0.96713567,0.5216245,0.90378755,Easy
7498,1,1,0.5294875,True,1,0.92735773,True,1,0.9939745,True,0.9608184,0.51017725,0.8099058,Easy
7499,1,1,0.5123462,True,1,0.8286054,True,1,0.9723318,True,0.96350396,0.5161105,0.840304,Easy
7500,1,1,0.52649796,True,1,0.9356652,True,1,0.9916903,True,0.9603491,0.5087744,0.9143604,Easy
7501,1,1,0.53579813,True,1,0.9684096,True,1,0.99765944,True,0.9581342,0.5058625,0.0,Easy
7502,0,1,0.51442724,False,1,0.96491534,False,1,0.9937118,False,0.9601295,0.50581956,0.86643827,Hard
7503,1,1,0.542839,True,1,0.77538943,True,1,0.981683,True,0.96305585,0.5176307,0.87769204,Easy
7504,1,1,0.51856315,True,1,0.8743487,True,1,0.9925189,True,0.9625056,0.5125148,0.9043896,Easy
7505,1,0,0.5472822,False,1,0.7188387,True,0,0.55920565,False,0.9654927,0.5110281,0.87685686,Text_Only
7506,1,1,0.5388432,True,1,0.7703197,True,1,0.9487768,True,0.96483064,0.5187618,0.87720454,Easy
7507,1,1,0.5003815,True,1,0.6017391,True,0,0.58402205,False,0.9686713,0.5201899,0.81423676,Text_Only
7508,1,1,0.52803826,True,1,0.871816,True,1,0.9779016,True,0.96206284,0.51248306,0.0,Easy
7509,1,1,0.53806615,True,1,0.77056813,True,1,0.9823976,True,0.963981,0.5158784,0.8882475,Easy
7510,0,0,0.537293,True,1,0.86978453,False,1,0.84323645,False,0.96166533,0.5065614,0.0,Hard
7511,1,1,0.51471096,True,1,0.7549018,True,1,0.93685156,True,0.96572673,0.51738244,0.89786035,Easy
7512,1,1,0.54195637,True,1,0.8748559,True,1,0.99276865,True,0.963007,0.5174071,0.877159,Easy
7513,1,1,0.51988935,True,1,0.8347595,True,1,0.9366875,True,0.96490574,0.516847,0.83264804,Easy
7514,1,1,0.53315955,True,1,0.95821327,True,1,0.99641067,True,0.95885295,0.5051923,0.8812242,Easy
7515,1,1,0.51326567,True,1,0.9745096,True,1,0.97928166,True,0.96165216,0.49484485,0.68258905,Easy
7516,0,0,0.6040326,True,0,0.90306854,True,0,0.9639981,True,0.96760327,0.52529186,0.0,Easy
7517,1,1,0.5805296,True,1,0.7900084,True,1,0.9436886,True,0.96525145,0.5115902,0.8607465,Easy
7518,1,0,0.57207173,False,0,0.7359423,False,0,0.7203558,False,0.9687871,0.5338746,0.8588906,Hard
7519,1,0,0.5067473,False,1,0.8250324,True,1,0.98313165,True,0.96395487,0.5113748,0.86400944,Easy
7520,1,1,0.51437706,True,1,0.86998975,True,1,0.96711993,True,0.96264666,0.5100384,0.8493384,Easy
7521,1,1,0.5474111,True,1,0.8888995,True,1,0.99518317,True,0.9619299,0.5175083,0.8297326,Easy
7522,1,1,0.5455567,True,1,0.8294321,True,1,0.9895131,True,0.9638481,0.5215294,0.8420763,Easy
7523,0,1,0.5266196,False,1,0.93675905,False,1,0.84728295,False,0.9614352,0.504137,0.7778759,Hard
7524,1,1,0.5138929,True,1,0.88406706,True,1,0.9077419,True,0.9639988,0.50362414,0.8889476,Easy
7525,1,1,0.53576404,True,1,0.92795074,True,1,0.99542564,True,0.9596551,0.51283276,0.90172744,Easy
7526,1,0,0.56254053,False,0,0.88452995,False,0,0.5910689,False,0.967262,0.53028834,0.0,Hard
7527,0,1,0.53390324,False,1,0.9108604,False,1,0.9914287,False,0.9610926,0.5098662,0.0,Hard
7528,1,1,0.55325055,True,1,0.8203905,True,1,0.99293923,True,0.9623903,0.5194806,0.91564167,Easy
7529,1,1,0.5238,True,1,0.9102125,True,1,0.99204093,True,0.96028847,0.5118893,0.9187619,Easy
7530,1,1,0.60739195,True,0,0.5142998,False,1,0.8885188,True,0.96671796,0.5288574,0.881613,Graph_Only
7531,1,1,0.53189725,True,1,0.96878034,True,1,0.99720913,True,0.9594829,0.5048628,0.7754148,Easy
7532,1,1,0.5372004,True,1,0.9496754,True,1,0.9947556,True,0.95999086,0.51244164,0.7279398,Easy
7533,1,0,0.51143444,False,1,0.82075584,True,1,0.7834491,True,0.9660232,0.507914,0.765597,Easy
7534,1,1,0.52743167,True,1,0.7902897,True,1,0.95905,True,0.96519893,0.5053496,0.0,Easy
7535,1,1,0.5454219,True,1,0.9134343,True,1,0.9961397,True,0.9607086,0.5154069,0.916512,Easy
7536,0,1,0.52470726,False,1,0.89866924,False,1,0.9791196,False,0.9614612,0.5130807,0.89984536,Hard
7537,1,1,0.52061564,True,1,0.95553875,True,1,0.99224585,True,0.95940256,0.5031958,0.87222844,Easy
7538,1,1,0.5268442,True,1,0.8952154,True,1,0.9877846,True,0.9632174,0.5055243,0.82266295,Easy
7539,1,1,0.5417414,True,1,0.8308189,True,1,0.9377345,True,0.96523696,0.5076219,0.79444647,Easy
7540,1,1,0.5282779,True,1,0.8043338,True,1,0.9459694,True,0.96645534,0.5055893,0.0,Easy
7541,1,1,0.5923407,True,1,0.6231569,True,1,0.93491864,True,0.9659762,0.51957923,0.9085765,Easy
7542,1,1,0.5200325,True,1,0.97008455,True,1,0.996849,True,0.9581021,0.5060277,0.894717,Easy
7543,0,0,0.56232476,True,0,0.91798955,True,0,0.92857784,True,0.9665952,0.53069115,0.8342629,Easy
7544,1,1,0.52492243,True,1,0.87822384,True,1,0.9850786,True,0.9618226,0.51659805,0.8850554,Easy
7545,1,1,0.5844556,True,1,0.81496465,True,1,0.97020096,True,0.9631868,0.51491356,0.8812407,Easy
7546,1,1,0.5219139,True,1,0.9326671,True,1,0.9950481,True,0.96018386,0.5107883,0.934191,Easy
7547,1,1,0.51534516,True,1,0.82971007,True,1,0.96158665,True,0.9612355,0.50942814,0.0,Easy
7548,1,1,0.5249266,True,1,0.9186624,True,1,0.992316,True,0.96137774,0.514498,0.8615347,Easy
7549,1,1,0.52659726,True,1,0.8889983,True,1,0.99628264,True,0.9641953,0.5043966,0.78882855,Easy
7550,1,1,0.54506755,True,1,0.94937885,True,1,0.99903834,True,0.9612081,0.50623155,0.7988411,Easy
7551,1,1,0.506133,True,1,0.96122414,True,1,0.9910328,True,0.95889574,0.50444716,0.8972041,Easy
7552,1,1,0.5237858,True,1,0.9652345,True,1,0.99787426,True,0.9595212,0.5109402,0.83151543,Easy
7553,1,1,0.5166302,True,1,0.94080997,True,1,0.99042666,True,0.9599352,0.50495684,0.0,Easy
7554,1,1,0.53230125,True,1,0.9141994,True,1,0.99019974,True,0.96121764,0.50824076,0.8767699,Easy
7555,1,1,0.52282196,True,1,0.98584193,True,1,0.99822384,True,0.9542558,0.49989855,0.0,Easy
7556,1,1,0.53612846,True,1,0.88796735,True,1,0.98864603,True,0.964314,0.5114495,0.8391199,Easy
7557,1,1,0.5186851,True,1,0.89634883,True,1,0.98675376,True,0.9609142,0.50902385,0.9269312,Easy
7558,1,0,0.50905156,False,1,0.79527086,True,1,0.9081794,True,0.96383595,0.5082059,0.85999215,Easy
7559,1,1,0.5490724,True,1,0.9594156,True,1,0.9898106,True,0.9617545,0.49831784,0.0,Easy
7560,1,1,0.5255555,True,1,0.86363435,True,1,0.9933636,True,0.96301496,0.5178927,0.8634097,Easy
7561,1,1,0.5322017,True,1,0.89811283,True,1,0.9847777,True,0.9637048,0.5097589,0.89382255,Easy
7562,1,0,0.53505,False,1,0.5936223,True,1,0.8842026,True,0.96334934,0.52097136,0.8662287,Easy
7563,1,1,0.56311744,True,1,0.8921776,True,1,0.972851,True,0.9658742,0.5135001,0.7666883,Easy
7564,1,0,0.51229715,False,1,0.83843356,True,1,0.87176055,True,0.963912,0.5113888,0.8767624,Easy
7565,1,1,0.5380781,True,1,0.94826066,True,1,0.99538475,True,0.960732,0.5079657,0.8281305,Easy
7566,1,1,0.5281789,True,1,0.91718453,True,1,0.99334407,True,0.96164024,0.5131869,0.8782284,Easy
7567,1,1,0.53390604,True,1,0.90747774,True,1,0.99027926,True,0.96168226,0.5137986,0.9041934,Easy
7568,1,1,0.5357412,True,1,0.97230566,True,1,0.9988834,True,0.95835704,0.5074957,0.9016,Easy
7569,1,0,0.5510556,False,1,0.685182,True,1,0.5158748,True,0.9651462,0.5187989,0.8819754,Easy
7570,1,0,0.5903047,False,0,0.79276997,False,0,0.5990607,False,0.9698261,0.5219528,0.0,Hard
7571,1,1,0.5037799,True,1,0.8565226,True,1,0.97611237,True,0.9615834,0.5127268,0.73730576,Easy
7572,1,0,0.50184906,False,1,0.96001333,True,1,0.99060446,True,0.9583131,0.50179833,0.8937156,Easy
7573,1,0,0.50087816,False,1,0.9162329,True,1,0.9758237,True,0.96066403,0.50239134,0.0,Easy
7574,1,1,0.5386965,True,1,0.88322717,True,1,0.9959059,True,0.9619077,0.51683396,0.8590937,Easy
7575,1,1,0.50870585,True,1,0.93443644,True,1,0.9880521,True,0.9594761,0.5043846,0.92156684,Easy
7576,1,1,0.51330006,True,1,0.9701101,True,1,0.99265164,True,0.9578942,0.49961236,0.0,Easy
7577,1,1,0.5128429,True,1,0.87387395,True,1,0.98588425,True,0.96218,0.5121107,0.90945315,Easy
7578,1,1,0.52124125,True,1,0.9595822,True,1,0.9957455,True,0.9599421,0.50215024,0.8332486,Easy
7579,1,0,0.510104,False,1,0.8993148,True,1,0.95186085,True,0.9613408,0.50408894,0.8940319,Easy
7580,1,1,0.55488896,True,1,0.8450387,True,1,0.99181867,True,0.96353376,0.5163312,0.83216786,Easy
7581,1,1,0.50633466,True,1,0.9586409,True,1,0.9618537,True,0.96158904,0.49484763,0.7507455,Easy
7582,1,0,0.54541945,False,0,0.7874184,False,1,0.5489766,True,0.9688544,0.5301081,0.7861116,Graph_Only
7583,1,1,0.53901565,True,1,0.9221493,True,1,0.99244714,True,0.959772,0.50668377,0.8853057,Easy
7584,0,1,0.61168504,False,1,0.7313471,False,1,0.83861727,False,0.96550006,0.51676565,0.8321378,Hard
7585,1,1,0.52428186,True,1,0.84889233,True,1,0.89473677,True,0.9627305,0.5103571,0.9184905,Easy
7586,1,1,0.5142107,True,1,0.8885169,True,1,0.9936069,True,0.9609544,0.5154208,0.91807836,Easy
7587,1,1,0.50685275,True,1,0.9780463,True,1,0.9944113,True,0.9562119,0.5009586,0.93886197,Easy
7588,1,1,0.5249079,True,1,0.93664527,True,1,0.9963726,True,0.95954496,0.5118116,0.8998812,Easy
7589,1,1,0.52732104,True,1,0.9513158,True,1,0.97838086,True,0.96085566,0.5014391,0.81556416,Easy
7590,1,1,0.58149636,True,1,0.7683457,True,1,0.9196678,True,0.9665836,0.5137025,0.884948,Easy
7591,1,1,0.57975644,True,1,0.55348176,True,1,0.6344625,True,0.96736383,0.52153605,0.885452,Easy
7592,0,1,0.53401875,False,1,0.778965,False,1,0.50001425,False,0.9675549,0.5114188,0.8506042,Hard
7593,1,1,0.5774076,True,1,0.86437297,True,1,0.9131263,True,0.96622485,0.500772,0.7978907,Easy
7594,1,1,0.52208453,True,1,0.96730864,True,1,0.9949456,True,0.957864,0.5017028,0.92451674,Easy
7595,1,1,0.5275342,True,1,0.859276,True,1,0.9807624,True,0.96237767,0.5052227,0.8931181,Easy
7596,1,1,0.5039841,True,1,0.8329006,True,1,0.96177995,True,0.96390843,0.5116875,0.9065548,Easy
7597,1,1,0.5217274,True,1,0.916188,True,1,0.97619414,True,0.9622135,0.5085532,0.8529779,Easy
7598,1,1,0.5617842,True,1,0.8572885,True,1,0.9658769,True,0.9672717,0.5068282,0.69934094,Easy
7599,1,1,0.5533616,True,1,0.81898487,True,1,0.954462,True,0.9682519,0.5078037,0.79920816,Easy
7600,1,1,0.55666834,True,1,0.86858875,True,1,0.958371,True,0.96457446,0.4962046,0.0,Easy
7601,1,1,0.5213286,True,1,0.76367354,True,1,0.980194,True,0.9632893,0.5181885,0.9271319,Easy
7602,0,0,0.5818458,True,1,0.71927214,False,0,0.73456985,True,0.96477294,0.50913733,0.0,Graph_Only
7603,1,1,0.53669924,True,1,0.826732,True,1,0.98893344,True,0.9644661,0.5140524,0.89254385,Easy
7604,1,1,0.52945316,True,1,0.85025877,True,1,0.9849385,True,0.9632088,0.5153313,0.82244015,Easy
7605,1,1,0.52401036,True,1,0.94065976,True,1,0.99622065,True,0.9592984,0.51203597,0.9002627,Easy
7606,1,1,0.5078417,True,1,0.7421964,True,1,0.83410895,True,0.9700017,0.50568765,0.0,Easy
7607,1,1,0.5396283,True,1,0.8056246,True,1,0.98091745,True,0.96502775,0.5193084,0.8887295,Easy
7608,1,1,0.5303158,True,1,0.9193491,True,1,0.99424213,True,0.9612967,0.51048785,0.0,Easy
7609,1,1,0.52476114,True,1,0.893039,True,1,0.99495006,True,0.9608809,0.51784825,0.933409,Easy
7610,1,1,0.5280875,True,1,0.888297,True,1,0.9932893,True,0.9618913,0.5110969,0.8959984,Easy
7611,1,1,0.55241895,True,1,0.81875694,True,1,0.9838541,True,0.9640874,0.5138922,0.8817529,Easy
7612,1,1,0.5196392,True,1,0.95154864,True,1,0.99605906,True,0.9588074,0.5098076,0.89056003,Easy
7613,1,1,0.5107706,True,1,0.9511096,True,1,0.98662704,True,0.9600737,0.49699354,0.90158856,Easy
7614,1,1,0.53128695,True,1,0.9343604,True,1,0.9985759,True,0.96228147,0.507248,0.8316622,Easy
7615,1,1,0.5363504,True,1,0.7920022,True,1,0.97542,True,0.9645359,0.5181731,0.8825277,Easy
7616,1,1,0.5382463,True,1,0.94599503,True,1,0.99767405,True,0.95972675,0.5138103,0.9137006,Easy
7617,1,1,0.5325937,True,1,0.89599645,True,1,0.9927321,True,0.9620704,0.50979817,0.9094711,Easy
7618,1,1,0.5329499,True,1,0.71637344,True,1,0.98370683,True,0.9640516,0.51795954,0.85938156,Easy
7619,1,1,0.52789843,True,1,0.6915239,True,1,0.83305866,True,0.96571076,0.51234263,0.8188106,Easy
7620,0,0,0.61029947,True,1,0.53920287,False,0,0.7184957,True,0.96427155,0.5255103,0.8616874,Graph_Only
7621,1,1,0.5357323,True,1,0.9588927,True,1,0.99876547,True,0.9605641,0.50603473,0.79444647,Easy
7622,1,1,0.5183473,True,1,0.9228328,True,1,0.9879902,True,0.96065974,0.5109723,0.9092955,Easy
7623,1,1,0.50712633,True,1,0.90676594,True,1,0.9659551,True,0.9624123,0.5054725,0.0,Easy
7624,1,1,0.5129117,True,1,0.7592274,True,1,0.8505543,True,0.9670211,0.50954884,0.8088448,Easy
7625,1,1,0.5358099,True,1,0.93996316,True,1,0.99821705,True,0.9617585,0.50782347,0.84456986,Easy
7626,1,1,0.55611,True,1,0.8169497,True,1,0.9055338,True,0.96620005,0.50464404,0.79423976,Easy
7627,1,1,0.51996315,True,1,0.7835986,True,1,0.9544971,True,0.96725345,0.5149351,0.86705494,Easy
7628,1,1,0.53094846,True,1,0.94293255,True,1,0.99648356,True,0.9592615,0.51363736,0.9108465,Easy
7629,1,0,0.52383864,False,1,0.9303415,True,1,0.9331687,True,0.9605958,0.50205153,0.87344337,Easy
7630,1,1,0.52671576,True,1,0.8866353,True,1,0.98935485,True,0.9631101,0.5087636,0.85386854,Easy
7631,1,0,0.54252064,False,1,0.83662736,True,1,0.8952883,True,0.96447563,0.5088385,0.87000674,Easy
7632,0,0,0.53906167,True,1,0.7321715,False,1,0.5205503,False,0.9657734,0.51264966,0.8383292,Hard
7633,1,1,0.51791483,True,1,0.93240905,True,1,0.9925505,True,0.9606868,0.5047953,0.8088522,Easy
7634,1,1,0.5283999,True,1,0.9455642,True,1,0.9961469,True,0.95899963,0.5124667,0.92170936,Easy
7635,1,1,0.564725,True,1,0.5876292,True,1,0.9839485,True,0.96423185,0.5271499,0.86703044,Easy
7636,1,1,0.585924,True,1,0.62817377,True,1,0.7459542,True,0.968418,0.51524144,0.82314163,Easy
7637,1,0,0.5054121,False,1,0.8729164,True,1,0.9302291,True,0.9617009,0.51079607,0.80581856,Easy
7638,1,1,0.5311832,True,1,0.9222274,True,1,0.9892826,True,0.9626663,0.49962017,0.0,Easy
7639,1,1,0.53329504,True,1,0.8598456,True,1,0.9550972,True,0.96552646,0.5019016,0.0,Easy
7640,0,1,0.5205191,False,1,0.76812464,False,1,0.9392435,False,0.96492946,0.524546,0.9203794,Hard
7641,1,1,0.5277362,True,1,0.84912616,True,1,0.9740448,True,0.96610975,0.5069007,0.846141,Easy
7642,1,1,0.54879284,True,1,0.8642982,True,1,0.98823416,True,0.96483964,0.5148114,0.8612082,Easy
7643,1,1,0.5312957,True,1,0.879933,True,1,0.99263316,True,0.9613468,0.52017397,0.8593147,Easy
7644,1,1,0.53409463,True,1,0.9120505,True,1,0.9968748,True,0.9607515,0.518722,0.75819045,Easy
7645,1,1,0.5208539,True,1,0.96562153,True,1,0.9955173,True,0.95792013,0.50445133,0.0,Easy
7646,1,1,0.5179708,True,1,0.95700127,True,1,0.9965353,True,0.9580666,0.5086783,0.9410434,Easy
7647,0,1,0.5067228,False,1,0.9122996,False,1,0.88981575,False,0.9637877,0.49992183,0.8627379,Hard
7648,1,1,0.5431568,True,1,0.8483815,True,1,0.9867638,True,0.9644358,0.5141453,0.91044915,Easy
7649,1,1,0.5541091,True,1,0.78343046,True,1,0.98518467,True,0.96523046,0.5164656,0.8880347,Easy
7650,1,0,0.5692158,False,1,0.5827738,True,1,0.89971334,True,0.9668778,0.515682,0.87389404,Easy
7651,1,1,0.51493573,True,1,0.9181001,True,1,0.9928012,True,0.96060944,0.5080196,0.9239735,Easy
7652,1,1,0.5209589,True,1,0.9701063,True,1,0.9923151,True,0.9574908,0.49951255,0.8955637,Easy
7653,1,0,0.52953357,False,1,0.81888723,True,1,0.8741774,True,0.96397614,0.51230395,0.9068507,Easy
7654,1,1,0.52880454,True,1,0.93787134,True,1,0.99572045,True,0.9598543,0.51064765,0.91325647,Easy
7655,1,1,0.5344339,True,1,0.9283577,True,1,0.9841723,True,0.9624431,0.50551176,0.7976351,Easy
7656,1,1,0.522649,True,1,0.919442,True,1,0.9947488,True,0.960284,0.50614655,0.9050799,Easy
7657,1,0,0.5316964,False,1,0.86421543,True,1,0.82826924,True,0.96226364,0.5111462,0.878,Easy
7658,1,1,0.505973,True,1,0.86780334,True,1,0.93304807,True,0.9624505,0.51294065,0.76354456,Easy
7659,1,1,0.5532526,True,1,0.8477276,True,1,0.9956377,True,0.96513695,0.51673454,0.7826221,Easy
7660,1,1,0.5242515,True,1,0.9538191,True,1,0.9910886,True,0.95849645,0.5043285,0.91042906,Easy
7661,1,1,0.52558297,True,1,0.8926116,True,1,0.9816574,True,0.9629532,0.5126524,0.8972403,Easy
7662,1,1,0.5394292,True,1,0.8351587,True,1,0.9896778,True,0.9634361,0.51670134,0.8747752,Easy
7663,1,1,0.5394696,True,1,0.93000036,True,1,0.9962793,True,0.95918214,0.5125986,0.9217519,Easy
7664,1,1,0.5163342,True,1,0.6019936,True,1,0.72136045,True,0.9656441,0.5164402,0.0,Easy
7665,1,1,0.52498126,True,1,0.95501304,True,1,0.9927856,True,0.95921266,0.5058064,0.91445124,Easy
7666,1,1,0.55076456,True,1,0.87585026,True,1,0.980988,True,0.96208483,0.5086471,0.83841515,Easy
7667,1,0,0.52055305,False,1,0.8111693,True,1,0.7791581,True,0.96464205,0.5106649,0.90733844,Easy
7668,1,1,0.541294,True,1,0.9370755,True,1,0.9860415,True,0.9612019,0.5055403,0.90071553,Easy
7669,1,1,0.5436685,True,1,0.9241421,True,1,0.99557436,True,0.95998013,0.51615316,0.8992527,Easy
7670,1,1,0.5125157,True,1,0.8827746,True,1,0.9687026,True,0.96293867,0.5106048,0.93607694,Easy
7671,1,1,0.51984596,True,1,0.9083976,True,1,0.9726881,True,0.962189,0.5105654,0.84082395,Easy
7672,1,1,0.50376344,True,1,0.904481,True,1,0.97968847,True,0.9604014,0.5080059,0.93139356,Easy
7673,1,1,0.5632736,True,1,0.90117216,True,1,0.99596417,True,0.9629475,0.5089168,0.0,Easy
7674,1,1,0.5125187,True,1,0.93312687,True,1,0.9881946,True,0.9596993,0.50430363,0.0,Easy
7675,1,1,0.540241,True,1,0.8937503,True,1,0.9776659,True,0.9628054,0.5134148,0.8775095,Easy
7676,0,0,0.5200866,True,1,0.84102744,False,1,0.90884596,False,0.9631623,0.515013,0.9286756,Hard
7677,1,1,0.557225,True,1,0.9029798,True,1,0.99263096,True,0.96155536,0.50614434,0.8178052,Easy
7678,1,1,0.5306966,True,1,0.8341865,True,1,0.9892784,True,0.96365535,0.52275884,0.84794164,Easy
7679,1,1,0.5383302,True,1,0.9165746,True,1,0.99703276,True,0.9602493,0.51425093,0.9032923,Easy
7680,1,1,0.52254057,True,1,0.7249572,True,1,0.7535281,True,0.96510303,0.5080044,0.82681745,Easy
7681,1,1,0.5090708,True,1,0.5794368,True,0,0.5618249,False,0.97077245,0.51425606,0.8966585,Text_Only
7682,0,0,0.52642035,True,0,0.73092675,True,0,0.978369,True,0.9689532,0.5238866,0.8033766,Easy
7683,1,1,0.51163936,True,1,0.5774687,True,1,0.58412755,True,0.9675542,0.51829046,0.8021547,Easy
7684,1,0,0.5512264,False,1,0.74940586,True,1,0.57416785,True,0.96642953,0.504187,0.0,Easy
7685,1,0,0.57895327,False,0,0.5628001,False,1,0.6887543,True,0.96886927,0.51810735,0.0,Graph_Only
7686,1,1,0.5421207,True,1,0.9348401,True,1,0.9992867,True,0.9649503,0.5132202,0.83242595,Easy
7687,1,1,0.54172003,True,1,0.81919426,True,1,0.98761255,True,0.96392214,0.5136829,0.84751225,Easy
7688,1,1,0.51789165,True,0,0.57414675,False,0,0.7405595,False,0.9742248,0.5190696,0.8658996,Hard
7689,1,1,0.53865093,True,1,0.924091,True,1,0.9966979,True,0.963194,0.5084766,0.8783642,Easy
7690,0,1,0.5167398,False,1,0.88157773,False,1,0.80445427,False,0.9635215,0.50217134,0.92765045,Hard
7691,0,0,0.6594622,True,0,0.61955017,True,0,0.7688041,True,0.97230166,0.52063006,0.7790592,Easy
7692,0,0,0.5143103,True,1,0.72252375,False,1,0.5906184,False,0.9670131,0.51188785,0.7941658,Hard
7693,1,1,0.527786,True,1,0.9482151,True,1,0.9976057,True,0.9627994,0.50359577,0.83222246,Easy
7694,1,1,0.5759364,True,1,0.826563,True,1,0.98929286,True,0.96661925,0.5179539,0.8959,Easy
7695,1,1,0.5291371,True,1,0.959149,True,1,0.9929421,True,0.96347535,0.50373876,0.74373835,Easy
7696,1,1,0.51447165,True,1,0.92263293,True,1,0.95425016,True,0.96484154,0.4978259,0.819726,Easy
7697,1,1,0.55170506,True,1,0.7677818,True,1,0.52124953,True,0.9669932,0.51241094,0.8423892,Easy
7698,0,0,0.60713035,True,0,0.63310295,True,0,0.90167856,True,0.9717833,0.52319735,0.8433722,Easy
7699,1,1,0.5058553,True,1,0.8525957,True,1,0.9114455,True,0.9651546,0.50273716,0.79797757,Easy
7700,1,1,0.53779256,True,1,0.9018022,True,1,0.9956927,True,0.9648435,0.5046411,0.76201916,Easy
7701,1,1,0.51800376,True,1,0.7210503,True,1,0.9392281,True,0.96841204,0.50766164,0.9349106,Easy
7702,1,1,0.5573102,True,1,0.8459893,True,1,0.9952865,True,0.9645064,0.51519084,0.82998455,Easy
7703,1,1,0.51530355,True,1,0.9094052,True,1,0.96028435,True,0.9648286,0.5007536,0.8365511,Easy
7704,0,0,0.5051692,True,0,0.5659785,True,0,0.6692652,True,0.9693926,0.5248488,0.8915026,Easy
7705,0,0,0.5398431,True,1,0.69607437,False,1,0.6241528,False,0.9679518,0.5014723,0.8631854,Hard
7706,0,0,0.55458933,True,0,0.96817946,True,0,0.9857041,True,0.96701014,0.5326337,0.8057624,Easy
7707,0,1,0.5128827,False,1,0.9194509,False,1,0.88137424,False,0.96460634,0.5025013,0.84078115,Hard
7708,1,0,0.5875615,False,0,0.84386253,False,0,0.822514,False,0.96963644,0.5226769,0.0,Hard
7709,0,1,0.5830698,False,1,0.66909564,False,1,0.7328455,False,0.96487,0.51624054,0.8868389,Hard
7710,1,1,0.560782,True,1,0.9105032,True,1,0.97482276,True,0.9645014,0.5032334,0.8908817,Easy
7711,1,1,0.56704223,True,1,0.84809667,True,1,0.9623622,True,0.9679281,0.51426,0.73883563,Easy
7712,1,1,0.52391464,True,1,0.9461796,True,1,0.9801103,True,0.9643642,0.5027642,0.72272074,Easy
7713,1,1,0.55989665,True,1,0.79255396,True,1,0.9845179,True,0.9650543,0.5197247,0.78493226,Easy
7714,1,1,0.51928306,True,1,0.94265676,True,1,0.99602306,True,0.96267253,0.5021585,0.8754338,Easy
7715,1,1,0.53854614,True,1,0.8925575,True,1,0.9322905,True,0.96618503,0.5047839,0.8033004,Easy
7716,1,1,0.5527928,True,1,0.76324224,True,1,0.9679524,True,0.9688355,0.50918585,0.90874183,Easy
7717,1,1,0.5330237,True,1,0.89360064,True,1,0.9761963,True,0.9636987,0.4997513,0.8351145,Easy
7718,1,1,0.5396804,True,1,0.95223016,True,1,0.99466777,True,0.9600188,0.502238,0.9214026,Easy
7719,1,1,0.5169649,True,1,0.78261554,True,1,0.8558371,True,0.96868,0.5045363,0.85578084,Easy
7720,0,1,0.5526941,False,1,0.5854591,False,1,0.8914851,False,0.96913993,0.51841754,0.9111231,Hard
7721,1,1,0.5304859,True,1,0.90124893,True,1,0.97678727,True,0.9632722,0.50604683,0.0,Easy
7722,1,1,0.568279,True,1,0.7585498,True,1,0.5807074,True,0.96831304,0.5137363,0.81615245,Easy
7723,1,1,0.57365847,True,1,0.90069747,True,1,0.99506664,True,0.9653973,0.51231366,0.86644757,Easy
7724,1,0,0.5598474,False,0,0.7925186,False,0,0.87764674,False,0.96943176,0.5271108,0.7706224,Hard
7725,0,1,0.5577696,False,1,0.56793815,False,1,0.77665603,False,0.96884984,0.50938135,0.0,Hard
7726,1,1,0.53781646,True,1,0.9212099,True,1,0.9971733,True,0.96013916,0.51831996,0.81727636,Easy
7727,0,0,0.5380972,True,0,0.96930456,True,0,0.91626906,True,0.9684915,0.5384484,0.84489393,Easy
7728,0,0,0.5087336,True,0,0.54300517,True,1,0.7155102,False,0.9720446,0.51984596,0.79414827,Text_Only
7729,1,1,0.5687553,True,1,0.7211538,True,1,0.7736575,True,0.97177327,0.5091409,0.89650476,Easy
7730,1,0,0.5459569,False,1,0.66954917,True,1,0.78921235,True,0.96359646,0.5107945,0.8369864,Easy
7731,1,1,0.5490934,True,1,0.7887888,True,1,0.94412804,True,0.9652077,0.5050506,0.0,Easy
7732,1,1,0.54271543,True,1,0.7800867,True,1,0.99159473,True,0.96890616,0.5157656,0.9248169,Easy
7733,1,1,0.5505997,True,1,0.77165276,True,1,0.96231073,True,0.9659127,0.5168224,0.77171206,Easy
7734,1,1,0.5153139,True,1,0.82807904,True,1,0.8434655,True,0.9658603,0.50718975,0.8179771,Easy
7735,1,1,0.54365766,True,1,0.9054609,True,1,0.9742157,True,0.9650892,0.5065536,0.7814473,Easy
7736,1,1,0.61166817,True,1,0.6879543,True,1,0.9633331,True,0.9652671,0.52035034,0.81254196,Easy
7737,1,1,0.5744089,True,1,0.85557514,True,1,0.99282736,True,0.96793914,0.5150315,0.87552077,Easy
7738,0,0,0.6301373,True,0,0.6827545,True,0,0.93123233,True,0.97151136,0.5206913,0.75378954,Easy
7739,1,1,0.5160595,True,1,0.7519872,True,1,0.95761317,True,0.9670979,0.5065344,0.84456193,Easy
7740,1,0,0.5222213,False,0,0.72173244,False,1,0.61152273,True,0.9748625,0.5230758,0.8976399,Graph_Only
7741,0,0,0.5870786,True,0,0.79800624,True,0,0.65214556,True,0.9677435,0.52384806,0.0,Easy
7742,0,0,0.52401114,True,0,0.5753859,True,0,0.55672705,True,0.9674347,0.5173727,0.92175865,Easy
7743,1,1,0.5616665,True,1,0.9113789,True,1,0.9817161,True,0.9659336,0.50797075,0.92398006,Easy
7744,1,1,0.5034214,True,1,0.8718597,True,1,0.98732203,True,0.9653775,0.4995342,0.8925195,Easy
7745,1,1,0.5290566,True,1,0.9564498,True,1,0.99397606,True,0.96165705,0.50179976,0.85709035,Easy
7746,1,1,0.5515857,True,1,0.93616223,True,1,0.9983046,True,0.9634001,0.5105131,0.79296136,Easy
7747,1,1,0.5034845,True,1,0.94568396,True,1,0.9896459,True,0.96525276,0.5036425,0.71557903,Easy
7748,1,0,0.59502804,False,1,0.69813555,True,1,0.71204233,True,0.96750844,0.5059064,0.0,Easy
7749,0,1,0.5163939,False,1,0.7044664,False,1,0.6818737,False,0.9667332,0.5055755,0.9152243,Hard
7750,0,0,0.5195315,True,1,0.7317204,False,0,0.6280658,True,0.97240007,0.50630265,0.8039675,Graph_Only
7751,0,0,0.61328644,True,0,0.6469889,True,0,0.9391959,True,0.97086895,0.5234427,0.8578224,Easy
7752,1,0,0.5308505,False,1,0.70093596,True,1,0.82507837,True,0.96888983,0.5061763,0.81263524,Easy
7753,1,1,0.57231045,True,1,0.8507311,True,1,0.98018,True,0.966426,0.51076275,0.8829018,Easy
7754,0,0,0.6078292,True,0,0.729523,True,0,0.88830745,True,0.9707657,0.5221973,0.933649,Easy
7755,1,1,0.5490117,True,1,0.8535564,True,1,0.8785673,True,0.96674615,0.506465,0.89042026,Easy
7756,1,1,0.5347648,True,1,0.9480412,True,1,0.99827576,True,0.96421915,0.50858116,0.78934145,Easy
7757,1,0,0.5646397,False,0,0.71136284,False,0,0.8823703,False,0.96882355,0.5175807,0.8626487,Hard
7758,1,0,0.5032221,False,1,0.8920422,True,1,0.8085466,True,0.962781,0.49771512,0.87857336,Easy
7759,1,1,0.56724083,True,1,0.86585164,True,1,0.84810126,True,0.96662414,0.50619465,0.88072777,Easy
7760,1,1,0.5274499,True,1,0.9042196,True,1,0.9703489,True,0.9655154,0.4964875,0.8104797,Easy
7761,1,0,0.50076,False,1,0.57834023,True,1,0.97673243,True,0.9706215,0.51313543,0.0,Easy
7762,1,0,0.51601017,False,1,0.78658944,True,1,0.9724266,True,0.9669399,0.503273,0.8720953,Easy
7763,1,1,0.52085495,True,1,0.97874284,True,1,0.9982064,True,0.9586345,0.49921912,0.87517387,Easy
7764,0,1,0.59996784,False,1,0.5368254,False,1,0.5444945,False,0.9675512,0.522451,0.86330825,Hard
7765,1,1,0.5371816,True,1,0.88389975,True,1,0.98948437,True,0.965914,0.5075795,0.7994615,Easy
7766,1,0,0.56971735,False,1,0.76633567,True,1,0.60606414,True,0.96952784,0.5077044,0.9102615,Easy
7767,1,0,0.513711,False,1,0.63969314,True,1,0.816467,True,0.96619856,0.5089308,0.0,Easy
7768,1,1,0.5154688,True,1,0.95135266,True,1,0.9901917,True,0.96468705,0.5047546,0.7193713,Easy
7769,1,0,0.5494001,False,1,0.5117264,True,0,0.6404157,False,0.9710101,0.5177776,0.82759815,Text_Only
7770,1,1,0.51551664,True,1,0.83210385,True,1,0.96825314,True,0.9661212,0.5059851,0.8628341,Easy
7771,1,1,0.5625614,True,1,0.876694,True,1,0.965193,True,0.9665577,0.5079272,0.7464875,Easy
7772,1,1,0.551402,True,1,0.9150358,True,1,0.9944094,True,0.9636512,0.50543016,0.8690568,Easy
7773,0,0,0.583842,True,0,0.94897234,True,0,0.9793705,True,0.9666411,0.5294034,0.8628294,Easy
7774,1,1,0.51212686,True,1,0.88260907,True,1,0.98971736,True,0.96600425,0.5040425,0.8490145,Easy
7775,1,1,0.5469626,True,1,0.90445864,True,1,0.98817635,True,0.96363735,0.5023535,0.75821304,Easy
7776,1,0,0.57917243,False,1,0.5094064,True,1,0.65881664,True,0.9682245,0.51108676,0.0,Easy
7777,1,0,0.6279933,False,0,0.5025175,False,0,0.5871183,False,0.97158974,0.51676923,0.768648,Hard
7778,1,0,0.56512696,False,0,0.5057906,False,1,0.7840225,True,0.9697026,0.5185649,0.7545011,Graph_Only
7779,1,1,0.5054772,True,1,0.9823453,True,1,0.9847365,True,0.957788,0.49541143,0.0,Easy
7780,1,1,0.5651463,True,1,0.89542276,True,1,0.9940666,True,0.96495116,0.50867194,0.7485697,Easy
7781,0,0,0.5496645,True,0,0.98602134,True,0,0.9981482,True,0.9604068,0.5344329,0.8586675,Easy
7782,1,1,0.53621334,True,1,0.7673078,True,1,0.9521573,True,0.9660784,0.5114001,0.7905923,Easy
7783,1,1,0.53917634,True,1,0.8763399,True,1,0.995063,True,0.9656545,0.50733036,0.91862696,Easy
7784,1,1,0.5435686,True,1,0.8494348,True,1,0.9682283,True,0.9664829,0.50714284,0.83824813,Easy
7785,1,0,0.5088617,False,1,0.8164551,True,1,0.93916243,True,0.9633539,0.50426257,0.861672,Easy
7786,1,1,0.5934858,True,1,0.61659294,True,1,0.9086631,True,0.96489245,0.5220665,0.83935153,Easy
7787,0,1,0.5106114,False,1,0.68026614,False,0,0.5832075,True,0.97100484,0.5089788,0.88963205,Graph_Only
7788,1,1,0.52309304,True,1,0.71750116,True,1,0.6456906,True,0.9703121,0.5088818,0.79192024,Easy
7789,1,1,0.53008825,True,1,0.92652315,True,1,0.994406,True,0.9642854,0.49682516,0.79761064,Easy
7790,0,0,0.55901325,True,0,0.825645,True,0,0.9682721,True,0.9712271,0.5256482,0.81433964,Easy
7791,1,1,0.52990466,True,1,0.82345957,True,1,0.93585306,True,0.9681047,0.502588,0.0,Easy
7792,1,1,0.5127464,True,1,0.8378575,True,1,0.82799953,True,0.96608615,0.50295645,0.8879881,Easy
7793,1,0,0.5436245,False,0,0.62106544,False,1,0.66337353,True,0.9693028,0.5215002,0.91152084,Graph_Only
7794,0,0,0.57045126,True,0,0.8633212,True,0,0.97528857,True,0.97158414,0.5214572,0.0,Easy
7795,1,0,0.51829314,False,1,0.79895675,True,1,0.92307687,True,0.96725816,0.50401765,0.8402819,Easy
7796,1,1,0.522543,True,1,0.8023203,True,1,0.72154844,True,0.96797335,0.5021665,0.803661,Easy
7797,1,0,0.52412003,False,1,0.8512341,True,1,0.7971601,True,0.96823,0.4983953,0.79669076,Easy
7798,1,1,0.56292975,True,1,0.82104826,True,1,0.89355415,True,0.96710813,0.5106407,0.8898566,Easy
7799,1,1,0.50884575,True,1,0.6712581,True,1,0.8085068,True,0.9651734,0.5139419,0.89367336,Easy
7800,1,1,0.55159086,True,1,0.55200195,True,1,0.8004013,True,0.9672415,0.5205268,0.9093625,Easy
7801,0,0,0.6118007,True,1,0.57301444,False,1,0.5732021,False,0.96536124,0.51935863,0.8716697,Hard
7802,1,1,0.5203093,True,1,0.7390759,True,1,0.98446274,True,0.9674417,0.5112816,0.78385246,Easy
7803,1,1,0.54626256,True,1,0.9145643,True,1,0.99885,True,0.9659055,0.5082494,0.77953565,Easy
7804,1,1,0.5192548,True,1,0.8245039,True,1,0.94202,True,0.96499467,0.51293546,0.89085037,Easy
7805,1,1,0.54148495,True,1,0.9038338,True,1,0.993226,True,0.9650248,0.5055213,0.86398685,Easy
7806,1,0,0.5482574,False,1,0.78887045,True,1,0.725254,True,0.9676491,0.50073695,0.9193449,Easy
7807,1,1,0.55918056,True,1,0.88513327,True,1,0.9932312,True,0.96367466,0.5054833,0.0,Easy
7808,1,0,0.5091724,False,0,0.5326711,False,1,0.92253965,True,0.9662603,0.5259992,0.8448844,Graph_Only
7809,1,1,0.52407956,True,1,0.8211655,True,1,0.91775537,True,0.9670344,0.5048053,0.8490871,Easy
7810,0,0,0.7162627,True,0,0.51560664,True,0,0.7329859,True,0.96809167,0.51211655,0.0,Easy
7811,1,1,0.5604726,True,1,0.83264565,True,1,0.99229914,True,0.96454567,0.50802666,0.87536037,Easy
7812,1,1,0.5402801,True,1,0.8955023,True,1,0.7791787,True,0.96655357,0.5039992,0.79040223,Easy
7813,1,1,0.53687924,True,1,0.90743893,True,1,0.9984836,True,0.9660485,0.5108152,0.7925463,Easy
7814,0,1,0.5154034,False,1,0.7657237,False,1,0.52089846,False,0.9645818,0.50677526,0.88721913,Hard
7815,1,1,0.5067786,True,0,0.82363147,False,1,0.8892096,True,0.970688,0.52729744,0.7818583,Graph_Only
7816,0,0,0.73872316,True,0,0.5404101,True,0,0.870755,True,0.966603,0.51340926,0.9192498,Easy
7817,1,1,0.5485816,True,1,0.8515822,True,1,0.9447731,True,0.9677844,0.506872,0.7671081,Easy
7818,1,0,0.60442585,False,1,0.74784756,True,1,0.5268902,True,0.96810406,0.50333554,0.0,Easy
7819,1,1,0.56119305,True,1,0.89618033,True,1,0.9894611,True,0.9634192,0.50888264,0.8703488,Easy
7820,1,1,0.637013,True,1,0.5256254,True,1,0.8985487,True,0.97048885,0.52115417,0.7573137,Easy
7821,0,1,0.5000787,False,1,0.66221696,False,1,0.83067006,False,0.96804833,0.5049157,0.85509473,Hard
7822,0,0,0.71301997,True,0,0.5647491,True,0,0.61091584,True,0.96937174,0.5116702,0.8956662,Easy
7823,1,1,0.5958869,True,1,0.71247125,True,1,0.9440923,True,0.9687552,0.51174295,0.7898623,Easy
7824,1,1,0.52809316,True,1,0.82295406,True,1,0.9842442,True,0.97061336,0.5057275,0.75359094,Easy
7825,0,0,0.6937554,True,0,0.55517805,True,0,0.5158338,True,0.9689014,0.5129837,0.0,Easy
7826,1,1,0.5483197,True,1,0.9591546,True,1,0.9933682,True,0.9614524,0.50121987,0.7834666,Easy
7827,1,1,0.553358,True,1,0.8403553,True,1,0.9754157,True,0.9629217,0.50670415,0.90550375,Easy
7828,0,0,0.54624784,True,0,0.5651717,True,0,0.64576906,True,0.96768475,0.51948476,0.8518666,Easy
7829,1,1,0.53750086,True,1,0.8932109,True,1,0.9146408,True,0.96464515,0.50065225,0.83136034,Easy
7830,1,0,0.5013016,False,0,0.53088963,False,0,0.5278595,False,0.9681669,0.51869404,0.8715061,Hard
7831,1,1,0.5217785,True,1,0.7495985,True,1,0.98361117,True,0.9666669,0.51469123,0.8149721,Easy
7832,0,0,0.6801343,True,0,0.6087952,True,0,0.7476556,True,0.97113144,0.5142181,0.852119,Easy
7833,0,0,0.6605727,True,1,0.5317015,False,0,0.5522363,True,0.9686892,0.51032424,0.0,Graph_Only
7834,1,1,0.5061262,True,1,0.93105847,True,1,0.985693,True,0.96718675,0.5048702,0.68009937,Easy
7835,1,0,0.531143,False,0,0.8280612,False,0,0.82589376,False,0.9711431,0.5180208,0.7702262,Hard
7836,1,1,0.5417631,True,1,0.6064341,True,1,0.83135533,True,0.96951187,0.50356317,0.88410854,Easy
7837,1,0,0.5451485,False,1,0.64292806,True,1,0.51154035,True,0.96633834,0.51093477,0.85167086,Easy
7838,1,1,0.56069034,True,1,0.8507439,True,1,0.96842897,True,0.9662446,0.50929123,0.869154,Easy
7839,1,0,0.51033425,False,1,0.68782246,True,1,0.90971714,True,0.9710585,0.5049215,0.0,Easy
7840,1,1,0.5148984,True,1,0.65611976,True,1,0.8118264,True,0.96509683,0.5185349,0.9221807,Easy
7841,1,1,0.5440781,True,1,0.8308552,True,1,0.9370676,True,0.9669883,0.5045657,0.85732543,Easy
7842,1,1,0.5512304,True,1,0.7080008,True,1,0.5893174,True,0.9703344,0.51483095,0.7733129,Easy
7843,1,1,0.5424895,True,1,0.9387421,True,1,0.97630525,True,0.9637029,0.4994905,0.0,Easy
7844,1,1,0.53145945,True,1,0.90591556,True,1,0.9571145,True,0.9642929,0.50202984,0.7257511,Easy
7845,1,1,0.52888864,True,1,0.9110926,True,1,0.99771947,True,0.9627135,0.5044052,0.8269464,Easy
7846,1,1,0.5518849,True,1,0.86105543,True,1,0.98632044,True,0.9694364,0.5075314,0.78347623,Easy
7847,1,1,0.5652723,True,1,0.8744629,True,1,0.9853153,True,0.9657366,0.5093745,0.72053254,Easy
7848,1,1,0.516683,True,1,0.9427257,True,1,0.9928831,True,0.9660088,0.50255775,0.7076195,Easy
7849,1,0,0.5523028,False,1,0.8420155,True,1,0.7971969,True,0.9661779,0.50336045,0.8947842,Easy
7850,1,1,0.6185858,True,0,0.5677259,False,1,0.6256159,True,0.96998906,0.51828194,0.77113986,Graph_Only
7851,1,0,0.5654665,False,0,0.7998839,False,1,0.5124455,True,0.96990526,0.5125197,0.89881796,Graph_Only
7852,0,0,0.5403423,True,1,0.6724525,False,0,0.69001544,True,0.96978897,0.50655407,0.0,Graph_Only
7853,1,1,0.5185898,True,1,0.8481432,True,1,0.81464547,True,0.9666893,0.49944556,0.93006694,Easy
7854,1,0,0.5208855,False,1,0.72992504,True,1,0.8876258,True,0.96537876,0.513517,0.800447,Easy
7855,1,1,0.51972526,True,1,0.96656656,True,1,0.99762577,True,0.95797074,0.50502574,0.8986647,Easy
7856,1,0,0.5842225,False,1,0.5632679,True,0,0.7781591,False,0.9699286,0.5173453,0.0,Text_Only
7857,1,0,0.5115746,False,0,0.69069135,False,1,0.57776135,True,0.968748,0.5155217,0.8720798,Graph_Only
7858,1,1,0.53259736,True,1,0.88963336,True,1,0.8741681,True,0.9642114,0.49579158,0.8521122,Easy
7859,0,0,0.60754627,True,0,0.7699354,True,0,0.9238268,True,0.97203666,0.5246548,0.83190346,Easy
7860,1,0,0.56994826,False,1,0.57330084,True,0,0.51595086,False,0.9672373,0.5178361,0.8826817,Text_Only
7861,1,1,0.5443769,True,1,0.67090726,True,1,0.96794266,True,0.9690232,0.510212,0.8203697,Easy
7862,1,1,0.51936615,True,1,0.88489795,True,1,0.95502007,True,0.96371526,0.5050534,0.8886025,Easy
7863,1,1,0.5322805,True,1,0.96555984,True,1,0.99857736,True,0.9600551,0.49842125,0.78407955,Easy
7864,1,1,0.5556609,True,1,0.7978338,True,1,0.9475886,True,0.9648923,0.50828785,0.71424633,Easy
7865,1,0,0.5040252,False,1,0.6911045,True,0,0.5255737,False,0.9671375,0.50499666,0.88524365,Text_Only
7866,1,1,0.5604191,True,1,0.70999104,True,1,0.6538546,True,0.96837604,0.50461274,0.0,Easy
7867,0,0,0.66517013,True,0,0.6332559,True,0,0.976262,True,0.966989,0.5146486,0.87468016,Easy
7868,1,1,0.5447925,True,1,0.9208352,True,1,0.9888903,True,0.963801,0.5011643,0.7978967,Easy
7869,1,0,0.57053703,False,0,0.8370418,False,0,0.8329324,False,0.96698105,0.53033006,0.756796,Hard
7870,1,1,0.5055516,True,1,0.92545086,True,1,0.9245011,True,0.96261907,0.5051835,0.7899991,Easy
7871,1,1,0.52813435,True,1,0.7796255,True,1,0.96655387,True,0.96268153,0.50517064,0.0,Easy
7872,0,0,0.6459493,True,0,0.58123636,True,0,0.84844553,True,0.97090954,0.5181115,0.0,Easy
7873,1,1,0.5277897,True,1,0.8789124,True,1,0.97223324,True,0.96332145,0.5007475,0.0,Easy
7874,0,0,0.5491944,True,0,0.91100067,True,0,0.96944416,True,0.9669897,0.52546114,0.0,Easy
7875,1,1,0.50789076,True,1,0.6816146,True,1,0.7907469,True,0.96778035,0.50719064,0.8886962,Easy
7876,1,1,0.55068165,True,1,0.9280161,True,1,0.99116,True,0.96470904,0.5061297,0.74869436,Easy
7877,0,0,0.6871359,True,0,0.6602457,True,0,0.96199125,True,0.9698802,0.51631516,0.0,Easy
7878,0,1,0.52519995,False,1,0.86407095,False,1,0.77580607,False,0.9644177,0.5072363,0.9307486,Hard
7879,1,1,0.553248,True,1,0.9381799,True,1,0.99873036,True,0.9637723,0.5101775,0.8289214,Easy
7880,1,1,0.50961274,True,1,0.6262838,True,1,0.54707074,True,0.96737146,0.5096427,0.0,Easy
7881,1,1,0.5688405,True,1,0.67728233,True,1,0.8490714,True,0.9680313,0.5099968,0.68911743,Easy
7882,1,1,0.5409233,True,1,0.9011831,True,1,0.9610954,True,0.9649284,0.5028661,0.7508622,Easy
7883,1,1,0.5288494,True,1,0.7375986,True,1,0.9564411,True,0.96804833,0.51632607,0.8982952,Easy
7884,1,0,0.65899485,False,0,0.6218733,False,0,0.66483486,False,0.97009647,0.52483225,0.8307191,Hard
7885,0,0,0.6567362,True,0,0.7321438,True,0,0.9856447,True,0.9670912,0.51744926,0.9201139,Easy
7886,1,1,0.50465596,True,1,0.687736,True,1,0.5371437,True,0.9676637,0.5055806,0.9439374,Easy
7887,1,1,0.512779,True,1,0.8826305,True,1,0.9411124,True,0.963918,0.5071519,0.8777647,Easy
7888,0,1,0.5305319,False,1,0.90085155,False,1,0.6798366,False,0.96742654,0.504553,0.7421928,Hard
7889,1,0,0.6047504,False,0,0.54379684,False,0,0.8116891,False,0.96896255,0.5170431,0.81971776,Hard
7890,1,1,0.5142107,True,1,0.9551583,True,1,0.99743193,True,0.9622416,0.50590026,0.8284114,Easy
7891,0,0,0.5812169,True,1,0.5494968,False,0,0.6641511,True,0.96640086,0.51476884,0.0,Graph_Only
7892,0,0,0.6993079,True,0,0.5643722,True,0,0.9128044,True,0.9665923,0.5181053,0.9328295,Easy
7893,1,0,0.52183855,False,1,0.84866524,True,1,0.9292866,True,0.9637997,0.5035518,0.8715791,Easy
7894,0,0,0.57302964,True,1,0.7177555,False,1,0.66295403,False,0.96845,0.5012389,0.0,Hard
7895,1,1,0.5385165,True,1,0.9641663,True,1,0.99738115,True,0.9619391,0.50620574,0.8513893,Easy
7896,0,0,0.69305813,True,0,0.6063374,True,0,0.75355345,True,0.9667517,0.5168926,0.0,Easy
7897,1,0,0.541995,False,1,0.6408691,True,1,0.53924173,True,0.9662916,0.5091046,0.0,Easy
7898,0,0,0.5235578,True,1,0.6394615,False,0,0.5310311,True,0.96933377,0.50626254,0.8179946,Graph_Only
7899,1,0,0.53148085,False,1,0.71916777,True,1,0.68892133,True,0.9673581,0.5147809,0.8964987,Easy
7900,1,1,0.5504113,True,1,0.8998928,True,1,0.96152925,True,0.96776575,0.5054562,0.8105371,Easy
7901,1,1,0.5374793,True,1,0.840649,True,1,0.97565097,True,0.96591485,0.5037496,0.8115552,Easy
7902,1,1,0.52390623,True,1,0.93077356,True,1,0.99193007,True,0.96081954,0.50615364,0.0,Easy
7903,1,0,0.50435954,False,1,0.96740425,True,1,0.97072744,True,0.9589785,0.50091964,0.7993467,Easy
7904,1,1,0.53962517,True,1,0.82239103,True,1,0.88444436,True,0.967073,0.50610095,0.69880605,Easy
7905,1,0,0.5175691,False,1,0.93843937,True,1,0.8271326,True,0.96486545,0.495949,0.74087155,Easy
7906,1,0,0.54295915,False,1,0.90359837,True,1,0.72838175,True,0.9653344,0.49692675,0.0,Easy
7907,1,1,0.5464235,True,1,0.86711776,True,1,0.95878845,True,0.9652666,0.5114341,0.87853837,Easy
7908,1,1,0.5609745,True,1,0.84946716,True,1,0.9852813,True,0.9662195,0.5108424,0.7679529,Easy
7909,1,1,0.5116123,True,1,0.97181344,True,1,0.99319506,True,0.9604742,0.49497277,0.8152002,Easy
7910,1,1,0.5088347,True,1,0.8092923,True,1,0.93885654,True,0.96520793,0.5120563,0.87837285,Easy
7911,1,0,0.50716674,False,1,0.7961741,True,1,0.6647525,True,0.9666214,0.5003808,0.92968965,Easy
7912,1,1,0.53197336,True,1,0.8373395,True,1,0.97423685,True,0.966493,0.51094496,0.8931397,Easy
7913,1,1,0.5615546,True,1,0.86200744,True,1,0.9963813,True,0.96520424,0.5089484,0.72529614,Easy
7914,1,1,0.5118846,True,1,0.9171556,True,1,0.9232858,True,0.9643252,0.5019974,0.8861814,Easy
7915,0,0,0.67455685,True,0,0.66891515,True,0,0.92404103,True,0.96483856,0.5200299,0.0,Easy
7916,0,0,0.6153171,True,0,0.77709836,True,0,0.97656167,True,0.9656569,0.52266127,0.0,Easy
7917,1,1,0.5519178,True,1,0.8214512,True,1,0.9830199,True,0.96716136,0.5060557,0.861558,Easy
7918,1,1,0.5475584,True,1,0.8483316,True,1,0.990537,True,0.96756524,0.5140247,0.7124576,Easy
7919,1,1,0.59555674,True,1,0.5100351,True,1,0.9490402,True,0.97038317,0.5257225,0.7581551,Easy
7920,1,0,0.52948314,False,1,0.8778775,True,1,0.80729157,True,0.9671988,0.49328187,0.0,Easy
7921,1,1,0.5430134,True,1,0.9138844,True,1,0.99468213,True,0.9603759,0.5155748,0.81574625,Easy
7922,1,1,0.57768697,True,1,0.78366524,True,1,0.9807773,True,0.9654201,0.5117284,0.87247884,Easy
7923,0,0,0.6379286,True,0,0.73957276,True,0,0.9799763,True,0.96552587,0.5169158,0.0,Easy
7924,1,1,0.5686185,True,1,0.58996266,True,1,0.9536717,True,0.96777195,0.51848847,0.7963064,Easy
7925,1,1,0.541447,True,1,0.83768463,True,1,0.75441456,True,0.9687377,0.4982948,0.84295326,Easy
7926,0,0,0.6019845,True,0,0.8509021,True,0,0.9528113,True,0.9657397,0.5217434,0.0,Easy
7927,0,0,0.5688673,True,1,0.71124214,False,0,0.6990494,True,0.96654856,0.50810117,0.0,Graph_Only
7928,1,1,0.54130274,True,1,0.945567,True,1,0.9834019,True,0.96253526,0.5028909,0.9219843,Easy
7929,0,0,0.5927109,True,0,0.54092664,True,0,0.51337266,True,0.9665427,0.51317257,0.87943125,Easy
7930,1,1,0.56965935,True,1,0.82326925,True,1,0.98938656,True,0.9662651,0.51942456,0.7291486,Easy
7931,1,1,0.51827234,True,1,0.90200037,True,1,0.9926684,True,0.9678586,0.5020835,0.7363043,Easy
7932,1,1,0.555207,True,1,0.88364416,True,1,0.96518666,True,0.96411395,0.49659413,0.83164024,Easy
7933,1,1,0.55771226,True,1,0.81335735,True,1,0.9866747,True,0.9647039,0.51505244,0.7262875,Easy
7934,1,1,0.51047075,True,1,0.784793,True,1,0.9153991,True,0.9633093,0.5031071,0.0,Easy
7935,1,1,0.5545184,True,1,0.90568703,True,1,0.9806793,True,0.9658636,0.5036444,0.7044157,Easy
7936,1,1,0.5238757,True,1,0.92709965,True,1,0.99481565,True,0.9624419,0.50249946,0.82161784,Easy
7937,1,1,0.53274864,True,0,0.644261,False,1,0.7036981,True,0.97055256,0.52172595,0.7394992,Graph_Only
7938,1,0,0.6418038,False,0,0.5783553,False,0,0.6759487,False,0.9681947,0.51436335,0.8519401,Hard
7939,1,1,0.54548275,True,1,0.8902187,True,1,0.99279433,True,0.9643834,0.5173513,0.87172055,Easy
7940,0,0,0.5806879,True,0,0.9401668,True,0,0.9861383,True,0.9674612,0.5280581,0.0,Easy
7941,1,0,0.5108077,False,1,0.8853488,True,1,0.9401348,True,0.96182525,0.5040664,0.0,Easy
7942,1,1,0.53607976,True,1,0.7995543,True,1,0.8860824,True,0.9651155,0.5018682,0.9167781,Easy
7943,1,0,0.60014594,False,1,0.70127857,True,1,0.5859215,True,0.9656025,0.5040205,0.0,Easy
7944,1,1,0.5356224,True,1,0.94859254,True,1,0.98793715,True,0.9640609,0.50676185,0.86228335,Easy
7945,1,1,0.5207599,True,1,0.91587347,True,1,0.9847178,True,0.96542585,0.5029886,0.7607945,Easy
7946,0,0,0.60860795,True,0,0.7192547,True,0,0.87613785,True,0.9688884,0.5221042,0.0,Easy
7947,1,0,0.52379274,False,1,0.5850757,True,0,0.55576146,False,0.9681394,0.51508605,0.92418236,Text_Only
7948,1,1,0.5487474,True,1,0.91772944,True,1,0.9964791,True,0.9643877,0.511079,0.7053286,Easy
7949,1,0,0.5382344,False,1,0.8594889,True,1,0.776422,True,0.9651542,0.5033012,0.8586359,Easy
7950,0,0,0.58515793,True,0,0.6865923,True,0,0.81932944,True,0.9698956,0.52250373,0.0,Easy
7951,1,0,0.5088851,False,1,0.8144047,True,1,0.8056901,True,0.966325,0.49748397,0.0,Easy
7952,1,1,0.5307133,True,1,0.82925004,True,1,0.9629846,True,0.9642511,0.50808954,0.9178503,Easy
7953,1,1,0.51287156,True,1,0.9460715,True,1,0.9492014,True,0.9666074,0.4993846,0.7803261,Easy
7954,1,0,0.53547245,False,1,0.7075338,True,1,0.6083048,True,0.9666051,0.5035966,0.0,Easy
7955,0,0,0.57342315,True,0,0.70704603,True,0,0.888453,True,0.96913916,0.52251506,0.0,Easy
7956,0,0,0.52399987,True,0,0.6011832,True,0,0.56806076,True,0.96970296,0.5178006,0.7219881,Easy
7957,1,0,0.5453108,False,1,0.91296595,True,1,0.8168431,True,0.9669314,0.49808568,0.77577794,Easy
7958,1,0,0.5217629,False,1,0.5098582,True,1,0.63588685,True,0.968977,0.51318157,0.84395397,Easy
7959,1,1,0.5429075,True,1,0.8585522,True,1,0.9937504,True,0.9647422,0.512907,0.8381814,Easy
7960,1,1,0.59228265,True,1,0.63350165,True,1,0.9550922,True,0.9719064,0.5129537,0.6566453,Easy
7961,1,1,0.55526423,True,1,0.9229825,True,1,0.99770856,True,0.9624712,0.5097748,0.7824956,Easy
7962,1,1,0.56006056,True,1,0.78035754,True,1,0.9903807,True,0.9667257,0.515584,0.72525465,Easy
7963,1,1,0.5533628,True,1,0.9339197,True,1,0.986429,True,0.96266997,0.5100058,0.77379674,Easy
7964,1,1,0.52937156,True,1,0.97814995,True,1,0.9991861,True,0.95825016,0.5027542,0.74169225,Easy
7965,1,1,0.5568341,True,1,0.8954785,True,1,0.9967656,True,0.96517456,0.51419044,0.70234376,Easy
7966,0,0,0.6393885,True,0,0.68592787,True,0,0.9068459,True,0.96849084,0.5187847,0.90084875,Easy
7967,0,0,0.52033734,True,0,0.97651416,True,0,0.99777335,True,0.9659412,0.5224226,0.78187,Easy
7968,1,1,0.53274846,True,1,0.96953684,True,1,0.9889892,True,0.96122193,0.4991831,0.71859336,Easy
7969,1,0,0.5342293,False,1,0.53133786,True,0,0.7377844,False,0.9711056,0.5131549,0.0,Text_Only
7970,0,0,0.66151667,True,0,0.6929842,True,0,0.93681324,True,0.9688519,0.521216,0.8190849,Easy
7971,1,1,0.5409381,True,1,0.9504122,True,1,0.9919767,True,0.9628278,0.49846107,0.8075073,Easy
7972,1,0,0.58630997,False,0,0.5719129,False,0,0.6068805,False,0.9680788,0.51620585,0.71149194,Hard
7973,1,1,0.5631033,True,1,0.9002684,True,1,0.9971054,True,0.9648245,0.51359314,0.8177042,Easy
7974,0,0,0.50966126,True,0,0.6124469,True,0,0.52749175,True,0.97049767,0.51538205,0.0,Easy
7975,1,1,0.5177456,True,1,0.91629964,True,1,0.9799385,True,0.9640784,0.49778345,0.8391232,Easy
7976,1,0,0.5753988,False,1,0.62834895,True,1,0.60827434,True,0.9658216,0.51980776,0.90690696,Easy
7977,1,1,0.60429984,True,1,0.630689,True,1,0.9578776,True,0.9726273,0.5215237,0.73101467,Easy
7978,1,0,0.552097,False,1,0.7094117,True,1,0.792206,True,0.9649818,0.51076293,0.8337795,Easy
7979,1,0,0.5537454,False,1,0.5100781,True,0,0.6954722,False,0.96785676,0.51803654,0.0,Text_Only
7980,1,1,0.5196514,True,1,0.8802851,True,1,0.990973,True,0.96253955,0.51423746,0.89477634,Easy
7981,0,0,0.5235723,True,1,0.55639136,False,0,0.6724565,True,0.9678462,0.5210424,0.80121,Graph_Only
7982,1,1,0.5271561,True,1,0.94012284,True,1,0.9907631,True,0.9602989,0.50112736,0.0,Easy
7983,0,0,0.5756239,True,0,0.96159923,True,0,0.9799891,True,0.96683884,0.52923506,0.0,Easy
7984,1,0,0.51665,False,0,0.56356335,False,1,0.8935149,True,0.9713781,0.5107389,0.8195437,Graph_Only
7985,1,1,0.5413828,True,1,0.9543305,True,1,0.99727815,True,0.9623132,0.5081586,0.7318541,Easy
7986,0,0,0.598188,True,0,0.87383616,True,0,0.9782567,True,0.96658754,0.5216049,0.0,Easy
7987,1,0,0.5050377,False,1,0.6936495,True,1,0.7322374,True,0.9670923,0.5092547,0.79972374,Easy
7988,1,1,0.5357897,True,1,0.9557018,True,1,0.99412715,True,0.9597281,0.5003733,0.80836886,Easy
7989,0,0,0.5331639,True,1,0.7947244,False,0,0.70074403,True,0.9664241,0.50569683,0.0,Graph_Only
7990,1,1,0.5031814,True,1,0.95608234,True,1,0.9665412,True,0.96238637,0.49744725,0.8936566,Easy
7991,0,0,0.6755132,True,0,0.63655996,True,0,0.9501096,True,0.96775186,0.52076423,0.751683,Easy
7992,0,0,0.611224,True,0,0.75659144,True,0,0.9826423,True,0.96875966,0.51782095,0.8945463,Easy
7993,1,1,0.53598726,True,1,0.92687654,True,1,0.99487513,True,0.96004283,0.5091141,0.9124025,Easy
7994,1,1,0.5229407,True,1,0.93151796,True,1,0.9909375,True,0.96144104,0.5022646,0.79460096,Easy
7995,1,1,0.5216378,True,1,0.7608958,True,1,0.958194,True,0.9668921,0.5045284,0.0,Easy
7996,1,1,0.5195372,True,1,0.90777016,True,1,0.9934928,True,0.96125853,0.5136426,0.87521136,Easy
7997,1,0,0.530015,False,1,0.60711706,True,0,0.7712328,False,0.9681189,0.5154926,0.88044924,Text_Only
7998,1,1,0.5105628,True,1,0.81358707,True,1,0.80466,True,0.9682479,0.4981485,0.0,Easy
7999,1,1,0.57501364,True,1,0.80145067,True,1,0.6132566,True,0.9675859,0.5120376,0.8166088,Easy
8000,1,1,0.5483315,True,1,0.8669721,True,1,0.9612778,True,0.96519613,0.49723822,0.8959725,Easy
8001,1,1,0.52100885,True,1,0.8633028,True,1,0.9039785,True,0.9648822,0.50067425,0.8871534,Easy
8002,0,0,0.5208586,True,1,0.8421996,False,1,0.80562377,False,0.9676939,0.49870133,0.86458445,Hard
8003,0,1,0.5376311,False,1,0.88250065,False,1,0.78771555,False,0.96530473,0.5014596,0.7327162,Hard
8004,1,1,0.5643861,True,1,0.5594063,True,0,0.69241446,False,0.97103167,0.5223366,0.8342168,Text_Only
8005,1,0,0.50081563,False,1,0.89061373,True,1,0.9350927,True,0.96693254,0.4984376,0.0,Easy
8006,1,0,0.52746564,False,0,0.54588133,False,1,0.61708266,True,0.96696895,0.52181274,0.90873444,Graph_Only
8007,1,0,0.5498561,False,0,0.64083356,False,1,0.62087625,True,0.96772337,0.5225664,0.91843116,Graph_Only
8008,1,1,0.533552,True,1,0.956299,True,1,0.9972453,True,0.9607018,0.5062062,0.72289896,Easy
8009,0,0,0.56245077,True,1,0.68863535,False,1,0.53340834,False,0.9658321,0.51186,0.9089166,Hard
8010,1,1,0.5372103,True,1,0.9645523,True,1,0.99483216,True,0.96165735,0.50532395,0.95308423,Easy
8011,0,0,0.71385384,True,0,0.60642433,True,0,0.9737257,True,0.9661791,0.5123238,0.8709929,Easy
8012,0,0,0.5530517,True,0,0.58410585,True,0,0.6082615,True,0.9658422,0.5167978,0.0,Easy
8013,0,0,0.61324614,True,1,0.6952567,False,0,0.82927275,True,0.9659552,0.50683826,0.8362249,Graph_Only
8014,1,1,0.5165114,True,1,0.93737936,True,1,0.9311249,True,0.96517456,0.50398326,0.74037975,Easy
8015,0,0,0.5981079,True,0,0.86705184,True,0,0.98849094,True,0.9660809,0.5242676,0.85155296,Easy
8016,0,0,0.62544,True,0,0.80613184,True,0,0.98397183,True,0.96497315,0.52097976,0.0,Easy
8017,1,1,0.5447621,True,1,0.91953856,True,1,0.9810172,True,0.9641089,0.51634824,0.7410752,Easy
8018,0,0,0.6602478,True,0,0.56934977,True,0,0.8905976,True,0.96877444,0.51116306,0.0,Easy
8019,1,0,0.5104962,False,1,0.7754435,True,1,0.929575,True,0.9647392,0.5086618,0.91437954,Easy
8020,0,0,0.5194415,True,0,0.67051226,True,0,0.61793596,True,0.9704523,0.5249216,0.8374464,Easy
8021,0,0,0.62436116,True,1,0.5410072,False,0,0.77719516,True,0.9686036,0.51645905,0.8168757,Graph_Only
8022,1,1,0.51826453,True,1,0.95636946,True,1,0.9944028,True,0.9602834,0.5004857,0.8077619,Easy
8023,0,0,0.65044487,True,1,0.64599884,False,0,0.76663315,True,0.96703774,0.51083714,0.85776824,Graph_Only
8024,1,1,0.54513246,True,1,0.8588934,True,1,0.99449265,True,0.9671018,0.5072786,0.7547573,Easy
8025,1,0,0.5222125,False,1,0.7280897,True,1,0.6827876,True,0.96531945,0.513012,0.8850517,Easy
8026,1,1,0.53037745,True,1,0.9556855,True,1,0.9962567,True,0.9614204,0.4991989,0.7687597,Easy
8027,1,1,0.5689164,True,1,0.68042165,True,1,0.9721015,True,0.96890426,0.515129,0.6559441,Easy
8028,1,1,0.56306446,True,1,0.6943646,True,1,0.71591944,True,0.9669718,0.51513,0.8186008,Easy
8029,1,1,0.53350794,True,1,0.9309341,True,1,0.9962251,True,0.9618584,0.5056658,0.7885039,Easy
8030,1,0,0.6287363,False,1,0.5436143,True,0,0.71972525,False,0.96741724,0.5162967,0.8328699,Text_Only
8031,0,0,0.51645374,True,1,0.7066475,False,1,0.6235332,False,0.9681,0.506655,0.8361152,Hard
8032,1,1,0.5316296,True,1,0.88138884,True,1,0.9801853,True,0.9621442,0.50968516,0.7855425,Easy
8033,1,0,0.55096394,False,1,0.5708174,True,0,0.6013849,False,0.9705103,0.51556426,0.9022773,Text_Only
8034,0,1,0.5036497,False,1,0.9082584,False,1,0.7735416,False,0.9632927,0.49880168,0.8897981,Hard
8035,0,1,0.5763706,False,1,0.65513986,False,1,0.5849254,False,0.9663106,0.511487,0.8226312,Hard
8036,1,1,0.5756821,True,1,0.58557516,True,1,0.945979,True,0.9674325,0.5171169,0.7227756,Easy
8037,0,1,0.5143454,False,1,0.57504576,False,0,0.56675875,True,0.96881235,0.51390946,0.7306609,Graph_Only
8038,1,1,0.58200854,True,1,0.72767925,True,1,0.908375,True,0.9685224,0.50863916,0.787818,Easy
8039,1,0,0.50088966,False,1,0.8882533,True,1,0.98546106,True,0.962749,0.514654,0.8367416,Easy
8040,1,0,0.5667244,False,1,0.56783074,True,1,0.62719285,True,0.96748054,0.5163517,0.9191253,Easy
8041,1,0,0.5393638,False,1,0.80737656,True,1,0.7696221,True,0.964448,0.5039778,0.0,Easy
8042,0,0,0.7177985,True,0,0.51454884,True,0,0.76076394,True,0.96778935,0.5112365,0.8694315,Easy
8043,1,0,0.54466134,False,0,0.6318149,False,0,0.6164913,False,0.969609,0.51847327,0.0,Hard
8044,0,0,0.6307323,True,0,0.5137655,True,0,0.5903865,True,0.9672748,0.5168894,0.9035233,Easy
8045,1,1,0.52677286,True,1,0.87619156,True,1,0.9847733,True,0.9663236,0.51081127,0.8269113,Easy
8046,1,1,0.55611485,True,1,0.919533,True,1,0.98462266,True,0.964194,0.5069031,0.7583179,Easy
8047,0,0,0.6115463,True,0,0.79683393,True,0,0.9218376,True,0.969411,0.52101797,0.0,Easy
8048,1,1,0.53575295,True,1,0.9345567,True,1,0.99627185,True,0.96328986,0.5073246,0.8412823,Easy
8049,1,0,0.5094072,False,1,0.82035965,True,1,0.93218136,True,0.964754,0.50780624,0.826,Easy
8050,1,1,0.5346181,True,1,0.8654351,True,1,0.9365678,True,0.96707916,0.49418014,0.8344423,Easy
8051,1,0,0.52986896,False,0,0.5220356,False,1,0.7738708,True,0.96642816,0.5193178,0.0,Graph_Only
8052,0,0,0.6787568,True,0,0.65413713,True,0,0.9414546,True,0.96922565,0.5125269,0.9173044,Easy
8053,1,0,0.5593886,False,1,0.7088279,True,1,0.69332486,True,0.96575,0.5068378,0.0,Easy
8054,1,1,0.529073,True,1,0.8435143,True,1,0.8453631,True,0.96682346,0.49465695,0.0,Easy
8055,1,1,0.5141823,True,1,0.936122,True,1,0.99005824,True,0.962632,0.5081326,0.8045948,Easy
8056,0,0,0.533301,True,1,0.64205575,False,0,0.6411786,True,0.9667717,0.519211,0.91608775,Graph_Only
8057,1,1,0.5339352,True,1,0.7586904,True,1,0.9272115,True,0.9671056,0.5123823,0.9178027,Easy
8058,1,1,0.5248587,True,1,0.8081902,True,1,0.98611534,True,0.9647467,0.50936687,0.80940455,Easy
8059,1,1,0.5396465,True,1,0.8782167,True,1,0.98888665,True,0.96265125,0.5079284,0.8236449,Easy
8060,0,0,0.57982606,True,0,0.6340961,True,0,0.6285631,True,0.96606183,0.5192748,0.7746798,Easy
8061,1,0,0.50398546,False,1,0.72884387,True,1,0.65323496,True,0.96592426,0.51320755,0.77628124,Easy
8062,1,1,0.54120106,True,1,0.66639477,True,1,0.78908825,True,0.96546555,0.50727224,0.8414024,Easy
8063,1,1,0.54625255,True,1,0.89236087,True,1,0.9887812,True,0.9646424,0.50870925,0.8316628,Easy
8064,0,0,0.53669894,True,0,0.5452864,True,0,0.8426521,True,0.96932906,0.52318,0.7774093,Easy
8065,1,1,0.54811215,True,1,0.72654927,True,1,0.90678144,True,0.9663123,0.51310945,0.84646434,Easy
8066,1,1,0.54222023,True,1,0.913077,True,1,0.99596196,True,0.96486056,0.5043685,0.7595119,Easy
8067,0,0,0.579148,True,0,0.53805625,True,0,0.6856464,True,0.9683242,0.5209284,0.9298444,Easy
8068,1,0,0.50664765,False,1,0.88621056,True,1,0.7948206,True,0.96629316,0.4938396,0.9070461,Easy
8069,1,1,0.51689005,True,1,0.8935393,True,1,0.98481447,True,0.96566343,0.4990866,0.758093,Easy
8070,1,0,0.51761603,False,1,0.6195854,True,1,0.92543864,True,0.9655021,0.5117971,0.0,Easy
8071,1,0,0.50456476,False,1,0.8834427,True,1,0.96464545,True,0.96408755,0.5034933,0.87115884,Easy
8072,1,1,0.54413503,True,1,0.8616552,True,1,0.9962012,True,0.9684323,0.5098754,0.7171693,Easy
8073,0,0,0.65976185,True,0,0.71079606,True,0,0.9590384,True,0.96615946,0.5164447,0.0,Easy
8074,0,0,0.69588673,True,0,0.5027366,True,0,0.7551868,True,0.969693,0.5162737,0.0,Easy
8075,1,1,0.53401506,True,1,0.93413544,True,1,0.9971826,True,0.96107745,0.50620914,0.8708695,Easy
8076,1,1,0.54698575,True,1,0.8873188,True,1,0.9952956,True,0.9654306,0.50820917,0.8284584,Easy
8077,1,0,0.5305777,False,1,0.7530296,True,1,0.77094203,True,0.9641093,0.49817735,0.0,Easy
8078,0,0,0.5391805,True,0,0.91118294,True,0,0.99555427,True,0.9637958,0.52357763,0.8305253,Easy
8079,0,0,0.6756487,True,0,0.7110128,True,0,0.97032565,True,0.96569717,0.51628333,0.8831284,Easy
8080,1,1,0.53920865,True,1,0.8461854,True,1,0.98638135,True,0.9635639,0.5081704,0.88017774,Easy
8081,1,1,0.5571933,True,1,0.77077997,True,1,0.9717713,True,0.9681064,0.5109353,0.8016679,Easy
8082,1,1,0.5093911,True,1,0.8502949,True,1,0.93337613,True,0.9616641,0.507929,0.0,Easy
8083,1,0,0.54935586,False,1,0.5431574,True,1,0.8665747,True,0.96712136,0.5153578,0.8516446,Easy
8084,0,0,0.6137968,True,0,0.6283215,True,0,0.7937848,True,0.9692468,0.5142322,0.8029913,Easy
8085,0,1,0.53324026,False,0,0.5045942,True,0,0.7613959,True,0.9679377,0.5220588,0.93547666,Easy
8086,0,0,0.5392791,True,0,0.8620147,True,0,0.99741626,True,0.96546376,0.5212749,0.86631,Easy
8087,1,1,0.54819787,True,1,0.77629614,True,1,0.728091,True,0.9656557,0.50699824,0.8520206,Easy
8088,1,1,0.50448287,True,1,0.8745442,True,1,0.9783358,True,0.9626379,0.5047533,0.8528909,Easy
8089,0,0,0.5063753,True,0,0.6715971,True,0,0.8769968,True,0.9684943,0.524562,0.8983208,Easy
8090,0,0,0.5601959,True,0,0.9094727,True,0,0.9773595,True,0.96796227,0.525855,0.71938646,Easy
8091,1,1,0.5418671,True,1,0.930261,True,1,0.9952225,True,0.96052825,0.50340074,0.0,Easy
8092,1,1,0.5244658,True,1,0.8565153,True,1,0.9901726,True,0.9623334,0.5050297,0.90386903,Easy
8093,1,0,0.5583534,False,1,0.7859574,True,1,0.81561977,True,0.96387434,0.50937295,0.91798717,Easy
8094,0,0,0.5157831,True,1,0.78487885,False,1,0.5135308,False,0.9672923,0.49754515,0.79945964,Hard
8095,1,1,0.5625734,True,1,0.6989868,True,1,0.9231132,True,0.96535873,0.51975316,0.82368094,Easy
8096,0,0,0.57532114,True,0,0.6349396,True,0,0.917784,True,0.9673071,0.52049905,0.85669225,Easy
8097,0,0,0.6013928,True,0,0.80356246,True,0,0.99633574,True,0.9646445,0.51631916,0.8964826,Easy
8098,0,0,0.59780675,True,0,0.7647906,True,0,0.71877843,True,0.9699656,0.52517825,0.84003335,Easy
8099,0,0,0.5268921,True,1,0.7345077,False,1,0.5428662,False,0.9658749,0.5005983,0.8126009,Hard
8100,0,0,0.5364736,True,1,0.624712,False,1,0.5135339,False,0.9673294,0.50913376,0.8485265,Hard
8101,1,1,0.52008677,True,1,0.86619675,True,1,0.91035116,True,0.9671402,0.50771445,0.7234312,Easy
8102,0,0,0.6061934,True,0,0.7917306,True,0,0.91946435,True,0.9690211,0.51469755,0.87536275,Easy
8103,0,0,0.61093944,True,0,0.6636393,True,0,0.71030027,True,0.96948653,0.5153949,0.0,Easy
8104,1,1,0.56614363,True,1,0.7124502,True,1,0.95640236,True,0.96667296,0.51410365,0.8236218,Easy
8105,1,1,0.5210123,True,1,0.87962943,True,1,0.920919,True,0.9660944,0.5042983,0.77838767,Easy
8106,1,0,0.609121,False,0,0.68425024,False,1,0.51070386,True,0.9667776,0.52265453,0.8226349,Graph_Only
8107,1,1,0.5071495,True,1,0.93728334,True,1,0.98346174,True,0.9606587,0.50153106,0.0,Easy
8108,1,0,0.5061776,False,1,0.96353203,True,1,0.9734675,True,0.959769,0.49702775,0.0,Easy
8109,1,1,0.5256942,True,1,0.8842993,True,1,0.9336453,True,0.96258724,0.5105871,0.8837699,Easy
8110,1,0,0.54272336,False,1,0.58910066,True,1,0.90580153,True,0.9690908,0.50910336,0.7903398,Easy
8111,0,1,0.5008208,False,1,0.5673938,False,0,0.66737527,True,0.968892,0.5168536,0.86830664,Graph_Only
8112,1,0,0.52412546,False,1,0.9241975,True,1,0.7548481,True,0.96438634,0.49412608,0.86375517,Easy
8113,1,0,0.5105223,False,1,0.7520077,True,1,0.93447655,True,0.96434736,0.51340157,0.8892578,Easy
8114,0,0,0.63373405,True,1,0.56676775,False,0,0.9665933,True,0.96665156,0.5146263,0.876862,Graph_Only
8115,1,0,0.5270196,False,0,0.5108082,False,1,0.86955935,True,0.9689083,0.51808864,0.7252851,Graph_Only
8116,1,1,0.53279537,True,1,0.9326241,True,1,0.99653494,True,0.96028864,0.5026478,0.8941014,Easy
8117,0,0,0.6762948,True,0,0.6464102,True,0,0.8162405,True,0.96688366,0.51538754,0.92489874,Easy
8118,1,1,0.5330479,True,1,0.86569333,True,1,0.9347734,True,0.9645263,0.51095706,0.8799298,Easy
8119,1,0,0.51445764,False,1,0.6789567,True,1,0.92192465,True,0.96548057,0.5059123,0.0,Easy
8120,1,1,0.5382775,True,1,0.5967203,True,0,0.5205668,False,0.9687996,0.5164174,0.8252998,Text_Only
8121,1,1,0.5334707,True,1,0.8547251,True,1,0.9564306,True,0.9657954,0.50388545,0.8718678,Easy
8122,1,1,0.5269445,True,1,0.9335064,True,1,0.97579044,True,0.9649737,0.50547314,0.0,Easy
8123,1,1,0.53992337,True,1,0.9512465,True,1,0.98581946,True,0.96272063,0.505455,0.8808123,Easy
8124,1,1,0.5269021,True,1,0.670493,True,1,0.7264452,True,0.96616894,0.5092495,0.8995172,Easy
8125,1,0,0.52110815,False,1,0.6266035,True,1,0.7149729,True,0.97312057,0.50933945,0.7997229,Easy
8126,1,1,0.506503,True,1,0.8394684,True,1,0.95352006,True,0.9631496,0.50319403,0.0,Easy
8127,0,0,0.60066444,True,0,0.8301306,True,0,0.9920216,True,0.96310216,0.5163413,0.86332846,Easy
8128,0,0,0.5791193,True,0,0.89572656,True,0,0.9640181,True,0.96518135,0.5245806,0.90190566,Easy
8129,1,0,0.6307932,False,0,0.50690293,False,0,0.6320453,False,0.9644746,0.5196152,0.9124962,Hard
8130,0,0,0.6071054,True,0,0.7260038,True,0,0.9881421,True,0.9689182,0.5176224,0.813641,Easy
8131,1,1,0.52374166,True,1,0.9580015,True,1,0.99668545,True,0.96220124,0.5080553,0.8934099,Easy
8132,0,0,0.545828,True,1,0.69057137,False,1,0.761316,False,0.9640706,0.5058005,0.0,Hard
8133,0,0,0.57438076,True,0,0.96869844,True,0,0.9969863,True,0.9626199,0.5251048,0.9270668,Easy
8134,1,1,0.623129,True,1,0.5366851,True,1,0.65620303,True,0.9730958,0.51938343,0.76817656,Easy
8135,1,1,0.56656414,True,1,0.6992327,True,1,0.9701801,True,0.9656799,0.5073668,0.8653695,Easy
8136,1,0,0.5621043,False,0,0.80230457,False,0,0.53578323,False,0.97080654,0.5202475,0.0,Hard
8137,1,0,0.51262873,False,1,0.9344578,True,1,0.9503233,True,0.9610164,0.49678594,0.88360125,Easy
8138,1,0,0.7133362,False,0,0.5935342,False,0,0.8590098,False,0.9666277,0.51363623,0.0,Hard
8139,0,0,0.56191814,True,1,0.81830704,False,0,0.5895795,True,0.96333957,0.5028626,0.0,Graph_Only
8140,1,1,0.53432477,True,1,0.90963167,True,1,0.99436104,True,0.96449804,0.5059874,0.82759243,Easy
8141,0,0,0.6328382,True,0,0.80283535,True,0,0.9659691,True,0.967165,0.51807165,0.83976644,Easy
8142,1,1,0.50034857,True,1,0.8335105,True,1,0.9282931,True,0.96293455,0.4998672,0.0,Easy
8143,1,1,0.5308447,True,1,0.77844965,True,1,0.99463415,True,0.963758,0.50918996,0.87608624,Easy
8144,1,0,0.63119525,False,0,0.7229942,False,0,0.79005164,False,0.9684098,0.5172451,0.0,Hard
8145,1,1,0.58363515,True,1,0.7950773,True,1,0.9816126,True,0.96416503,0.51738185,0.92073524,Easy
8146,0,0,0.6498109,True,1,0.5248683,False,0,0.76376843,True,0.96467566,0.5173158,0.91133714,Graph_Only
8147,0,0,0.5845108,True,0,0.875527,True,0,0.9934122,True,0.9671415,0.51898104,0.80450296,Easy
8148,0,0,0.6343066,True,0,0.7334553,True,0,0.90702194,True,0.96790206,0.5177616,0.0,Easy
8149,0,0,0.5724695,True,0,0.71336544,True,0,0.8271322,True,0.9684428,0.5270377,0.8858856,Easy
8150,1,0,0.5172216,False,1,0.8608426,True,1,0.9674334,True,0.9623881,0.50015783,0.0,Easy
8151,0,0,0.50004816,True,1,0.6878696,False,0,0.6393238,True,0.96969503,0.51229405,0.8056997,Graph_Only
8152,0,0,0.61029214,True,0,0.8809899,True,0,0.94627535,True,0.9672773,0.5216436,0.0,Easy
8153,1,1,0.5292913,True,1,0.93038684,True,1,0.99625444,True,0.95989025,0.5155283,0.78140974,Easy
8154,0,0,0.61572427,True,0,0.8464722,True,0,0.99344265,True,0.9665191,0.5169691,0.8287741,Easy
8155,0,0,0.58906835,True,1,0.7606186,False,0,0.93807685,True,0.96455735,0.5026684,0.82104325,Graph_Only
8156,0,1,0.5572688,False,1,0.7669475,False,1,0.8240363,False,0.96716815,0.49720916,0.0,Hard
8157,0,0,0.6861029,True,1,0.6500692,False,0,0.91338605,True,0.9701774,0.51114935,0.83156097,Graph_Only
8158,0,0,0.76827407,True,0,0.55655867,True,0,0.6806437,True,0.9705548,0.51270795,0.8726522,Easy
8159,1,0,0.5094976,False,1,0.83604294,True,1,0.91133773,True,0.96249294,0.50435114,0.8928071,Easy
8160,1,1,0.5130078,True,1,0.84820837,True,1,0.97048485,True,0.9637887,0.50230676,0.86753154,Easy
8161,1,0,0.5253152,False,1,0.8229476,True,0,0.6065454,False,0.9652596,0.5025189,0.8728831,Text_Only
8162,1,1,0.5456347,True,1,0.58690965,True,1,0.88417095,True,0.9661907,0.509782,0.8346621,Easy
8163,1,0,0.7053898,False,1,0.50655544,True,0,0.7983614,False,0.96482396,0.51216483,0.0,Text_Only
8164,1,1,0.58037245,True,1,0.5198295,True,1,0.5035795,True,0.9657811,0.52071255,0.82976335,Easy
8165,1,1,0.52893424,True,1,0.9745461,True,1,0.99842465,True,0.960407,0.50361156,0.85691464,Easy
8166,0,0,0.5993753,True,1,0.562686,False,0,0.938133,True,0.9651962,0.50646406,0.9200403,Graph_Only
8167,0,0,0.718405,True,0,0.5111658,True,0,0.8335486,True,0.9686558,0.5128557,0.0,Easy
8168,1,1,0.5639188,True,1,0.8821603,True,1,0.99397486,True,0.96110463,0.50999784,0.9550584,Easy
8169,1,0,0.50364995,False,1,0.77456033,True,1,0.8422852,True,0.96534806,0.5082258,0.8268846,Easy
8170,1,1,0.54443645,True,1,0.90259385,True,1,0.9613457,True,0.9660877,0.5070521,0.8617327,Easy
8171,1,0,0.5929148,False,0,0.74875396,False,0,0.5334502,False,0.96860087,0.5205056,0.0,Hard
8172,1,1,0.53627825,True,1,0.9216854,True,1,0.98875743,True,0.96070534,0.50101584,0.0,Easy
8173,1,0,0.5048903,False,1,0.7174853,True,1,0.6201582,True,0.9666208,0.50609297,0.8607043,Easy
8174,0,0,0.6159921,True,0,0.88756806,True,0,0.98951143,True,0.96566045,0.5199384,0.0,Easy
8175,1,1,0.5960597,True,1,0.7985163,True,1,0.9923143,True,0.9648036,0.5159103,0.86823785,Easy
8176,1,1,0.5198419,True,1,0.9848416,True,1,0.9974312,True,0.95820844,0.49617627,0.7644721,Easy
8177,0,0,0.5911021,True,0,0.8376182,True,0,0.9509936,True,0.9690043,0.5208851,0.0,Easy
8178,0,0,0.59867346,True,0,0.90551555,True,0,0.9908312,True,0.96750706,0.52373266,0.0,Easy
8179,0,0,0.59269315,True,0,0.9078303,True,0,0.9895446,True,0.9645724,0.52081674,0.0,Easy
8180,1,1,0.5168214,True,1,0.9218584,True,1,0.98321056,True,0.9616194,0.5035553,0.8506036,Easy
8181,1,1,0.519608,True,1,0.93005204,True,1,0.9801599,True,0.9610241,0.5051613,0.0,Easy
8182,1,0,0.6039839,False,0,0.6663271,False,0,0.7111275,False,0.9656838,0.5186562,0.8999109,Hard
8183,1,1,0.5256604,True,1,0.8147484,True,1,0.96194583,True,0.96371824,0.50583524,0.0,Easy
8184,1,0,0.60244375,False,1,0.604444,True,0,0.6357891,False,0.96551836,0.50889325,0.8967937,Text_Only
8185,0,0,0.6002037,True,0,0.8390804,True,0,0.9916047,True,0.965986,0.5191211,0.8921212,Easy
8186,1,1,0.5079525,True,1,0.8924594,True,1,0.9671536,True,0.9616381,0.5078171,0.0,Easy
8187,1,0,0.5200006,False,1,0.8189561,True,1,0.9374626,True,0.96810704,0.50592864,0.85120666,Easy
8188,0,0,0.5997554,True,0,0.5602721,True,0,0.71237105,True,0.96917343,0.5214891,0.8350972,Easy
8189,1,0,0.5100727,False,1,0.66493493,True,0,0.6132563,False,0.9671121,0.51065326,0.8865453,Text_Only
8190,1,1,0.54691935,True,1,0.8019665,True,1,0.9763663,True,0.9635341,0.50668997,0.87968147,Easy
8191,1,1,0.5051607,True,1,0.918553,True,1,0.97874874,True,0.9621387,0.50136495,0.0,Easy
8192,1,0,0.6649563,False,0,0.6105253,False,0,0.76544636,False,0.9642216,0.5159389,0.86830664,Hard
8193,1,1,0.5208864,True,1,0.8610776,True,1,0.87812805,True,0.9644786,0.5061021,0.84165156,Easy
8194,1,1,0.52315074,True,1,0.7206431,True,1,0.90330607,True,0.9651891,0.50544965,0.0,Easy
8195,1,1,0.5860761,True,1,0.65847665,True,1,0.8253258,True,0.9645089,0.51613283,0.88765013,Easy
8196,1,0,0.5163083,False,1,0.91886723,True,1,0.93672025,True,0.96263385,0.48905665,0.88942635,Easy
8197,1,1,0.59847623,True,1,0.6406766,True,1,0.93489873,True,0.96429485,0.51769453,0.9018009,Easy
8198,0,0,0.5196245,True,0,0.6901221,True,0,0.89411676,True,0.96953964,0.5274992,0.8273843,Easy
8199,0,0,0.6281483,True,0,0.7971339,True,0,0.94536996,True,0.9656979,0.521972,0.9006785,Easy
8200,0,1,0.583496,False,1,0.80551845,False,1,0.9355094,False,0.9663369,0.5173369,0.8528419,Hard
8201,1,1,0.50342053,True,1,0.8205089,True,1,0.9455912,True,0.9630782,0.50347835,0.89979285,Easy
8202,1,0,0.5221293,False,1,0.5456341,True,1,0.89928234,True,0.96802497,0.51528746,0.0,Easy
8203,1,1,0.53216124,True,1,0.9543613,True,1,0.99529064,True,0.96126115,0.50383484,0.8151345,Easy
8204,0,0,0.63997597,True,0,0.75229555,True,0,0.90294456,True,0.96657574,0.5191619,0.0,Easy
8205,1,1,0.5064231,True,1,0.8919291,True,1,0.8414075,True,0.9638922,0.5044046,0.8940029,Easy
8206,1,0,0.50243634,False,1,0.7835617,True,1,0.8972328,True,0.9623797,0.50430506,0.8957454,Easy
8207,0,0,0.53270364,True,1,0.8305795,False,1,0.64765394,False,0.96365327,0.51015955,0.81829834,Hard
8208,0,0,0.5738025,True,0,0.6801595,True,0,0.7965365,True,0.9676907,0.5186149,0.9047761,Easy
8209,1,1,0.5341259,True,1,0.7348001,True,1,0.8595284,True,0.9636338,0.5101119,0.8697449,Easy
8210,0,0,0.5983494,True,0,0.63985604,True,0,0.96229607,True,0.9665077,0.5083035,0.8389548,Easy
8211,0,1,0.5099668,False,1,0.6383875,False,0,0.77636117,True,0.96739256,0.5098476,0.0,Graph_Only
8212,0,0,0.5758433,True,0,0.95010453,True,0,0.99538535,True,0.9630342,0.5215649,0.90528584,Easy
8213,0,0,0.63005036,True,0,0.73596346,True,0,0.9314479,True,0.96696556,0.5156416,0.0,Easy
8214,0,0,0.5850267,True,1,0.7618366,False,0,0.53801775,True,0.9668442,0.5044205,0.83081585,Graph_Only
8215,1,1,0.5044745,True,1,0.9805721,True,1,0.9743438,True,0.9581687,0.4907524,0.7453407,Easy
8216,0,0,0.56893593,True,0,0.9466833,True,0,0.99797195,True,0.9646187,0.5198294,0.90499973,Easy
8217,1,1,0.57703847,True,1,0.6032193,True,1,0.8519266,True,0.96486044,0.5150589,0.8231034,Easy
8218,0,0,0.65162814,True,0,0.5127259,True,1,0.59819406,False,0.96530783,0.51155454,0.0,Text_Only
8219,0,0,0.56727725,True,0,0.9811446,True,0,0.99767464,True,0.96199405,0.5317883,0.0,Easy
8220,0,0,0.61357766,True,0,0.61549133,True,0,0.7245327,True,0.96894026,0.5179957,0.835112,Easy
8221,1,1,0.5151055,True,1,0.6273948,True,1,0.88045275,True,0.9658536,0.51248395,0.8718923,Easy
8222,1,1,0.5900807,True,1,0.79679495,True,1,0.9880123,True,0.9664914,0.5165139,0.83010393,Easy
8223,1,0,0.5386052,False,0,0.7479086,False,0,0.82435113,False,0.9682753,0.5272906,0.954936,Hard
8224,1,0,0.50458974,False,1,0.91501004,True,1,0.9600868,True,0.96231127,0.5004149,0.0,Easy
8225,1,1,0.53891784,True,1,0.85122275,True,1,0.99754333,True,0.9621881,0.50757366,0.8626883,Easy
8226,1,1,0.51324505,True,1,0.93541783,True,1,0.98498756,True,0.96011394,0.5049423,0.0,Easy
8227,0,0,0.5848345,True,0,0.85014474,True,0,0.99003464,True,0.9652467,0.5188224,0.8712549,Easy
8228,1,1,0.5052758,True,1,0.92390525,True,1,0.97919285,True,0.96205163,0.49714738,0.8950219,Easy
8229,1,0,0.54753757,False,0,0.68794006,False,0,0.6706996,False,0.96877277,0.52598256,0.89065605,Hard
8230,1,1,0.5475287,True,1,0.83317846,True,1,0.9612062,True,0.9658816,0.50007063,0.810349,Easy
8231,1,0,0.63678944,False,0,0.5723939,False,0,0.52825,False,0.9684996,0.5204951,0.82569385,Hard
8232,1,0,0.5188344,False,1,0.7845735,True,1,0.94487894,True,0.9640604,0.504739,0.0,Easy
8233,1,1,0.5520457,True,1,0.7754839,True,1,0.97724354,True,0.9692068,0.5086951,0.79027796,Easy
8234,1,1,0.5173558,True,1,0.5844027,True,1,0.6782694,True,0.96457446,0.511602,0.8810824,Easy
8235,0,0,0.5276793,True,0,0.5249118,True,1,0.56987673,False,0.96435404,0.5160524,0.89073145,Text_Only
8236,0,0,0.6149052,True,0,0.6301892,True,0,0.9975241,True,0.96698815,0.51218593,0.9122945,Easy
8237,1,0,0.51832104,False,1,0.7327503,True,1,0.6073522,True,0.9667175,0.5093217,0.8006414,Easy
8238,0,1,0.513183,False,1,0.8082906,False,1,0.6554588,False,0.9655864,0.50291944,0.8546925,Hard
8239,1,0,0.52009654,False,1,0.9691051,True,1,0.95569324,True,0.9585015,0.4897141,0.8286317,Easy
8240,1,0,0.62740815,False,0,0.74467236,False,0,0.9621102,False,0.9664358,0.51921314,0.9285621,Hard
8241,1,0,0.6210143,False,0,0.54689765,False,1,0.5626928,True,0.9652134,0.52300096,0.8406657,Graph_Only
8242,1,0,0.5390635,False,1,0.8550386,True,1,0.8786904,True,0.96545255,0.5053044,0.80150604,Easy
8243,1,1,0.5118033,True,1,0.76314837,True,1,0.92212945,True,0.9664724,0.5030032,0.86044484,Easy
8244,1,1,0.5426221,True,1,0.7879634,True,1,0.98198205,True,0.96358734,0.5040717,0.0,Easy
8245,1,0,0.53495854,False,0,0.5867175,False,1,0.6863166,True,0.9639791,0.5201949,0.8878037,Graph_Only
8246,0,0,0.6147122,True,0,0.77794474,True,0,0.9880575,True,0.9655078,0.5180668,0.9098293,Easy
8247,0,0,0.6045483,True,0,0.75641894,True,0,0.8169907,True,0.96533203,0.5184453,0.86872506,Easy
8248,1,0,0.51052016,False,1,0.8137717,True,1,0.6721389,True,0.96460843,0.5124553,0.8208934,Easy
8249,1,0,0.57751787,False,1,0.6761991,True,1,0.84934115,True,0.9650191,0.50618446,0.0,Easy
8250,1,0,0.5886685,False,0,0.5830956,False,1,0.5394,True,0.9665064,0.51175374,0.8272182,Graph_Only
8251,0,0,0.5896651,True,0,0.92683774,True,0,0.96580637,True,0.9661629,0.5220767,0.90784085,Easy
8252,0,0,0.5090314,True,1,0.716904,False,0,0.6399667,True,0.9663711,0.5115084,0.8714165,Graph_Only
8253,1,0,0.5189825,False,1,0.8626012,True,1,0.9260831,True,0.96684873,0.5042557,0.8439039,Easy
8254,1,0,0.5035006,False,1,0.892869,True,1,0.92145264,True,0.96323067,0.5007502,0.89166224,Easy
8255,0,0,0.56719655,True,0,0.93037087,True,0,0.99755824,True,0.965589,0.51993465,0.9033812,Easy
8256,1,0,0.6020863,False,0,0.78002846,False,1,0.54393375,True,0.9682831,0.51402557,0.81610996,Graph_Only
8257,1,1,0.5507528,True,1,0.84195024,True,1,0.99188507,True,0.9627999,0.506584,0.0,Easy
8258,0,0,0.5352623,True,1,0.77455276,False,1,0.88247055,False,0.9634489,0.5117681,0.82842517,Hard
8259,0,0,0.56472147,True,0,0.9702166,True,0,0.9987286,True,0.96175504,0.5258017,0.89083827,Easy
8260,0,0,0.6497781,True,0,0.6819518,True,0,0.91857624,True,0.9663491,0.5146232,0.0,Easy
8261,1,1,0.577768,True,1,0.66783804,True,1,0.6493207,True,0.964549,0.5198387,0.8606199,Easy
8262,1,1,0.5014739,True,1,0.74090636,True,1,0.7229497,True,0.9645475,0.50877887,0.8987466,Easy
8263,0,0,0.5942463,True,1,0.74202204,False,0,0.679962,True,0.9640025,0.5084193,0.0,Graph_Only
8264,1,1,0.5571804,True,1,0.87225455,True,1,0.94832975,True,0.9665549,0.50689334,0.85737944,Easy
8265,1,0,0.71096265,False,0,0.5405076,False,0,0.84142596,False,0.96801543,0.5148328,0.0,Hard
8266,1,1,0.54026514,True,1,0.94168234,True,1,0.99080104,True,0.9651673,0.50965905,0.8626157,Easy
8267,1,0,0.5457104,False,0,0.5620386,False,1,0.61262006,True,0.96447515,0.5161387,0.9045361,Graph_Only
8268,0,0,0.5744369,True,1,0.67289186,False,0,0.80716956,True,0.96548563,0.5041958,0.9039944,Graph_Only
8269,1,1,0.55150354,True,1,0.87687784,True,1,0.9576887,True,0.9676113,0.50677824,0.8162606,Easy
8270,0,0,0.59569,True,0,0.76495886,True,0,0.83590823,True,0.9681375,0.52232194,0.84303343,Easy
8271,1,1,0.53070486,True,1,0.5838632,True,1,0.8808424,True,0.9631636,0.51864326,0.91246176,Easy
8272,1,1,0.53475785,True,1,0.89799714,True,1,0.98166806,True,0.9657318,0.5015437,0.8246388,Easy
8273,0,0,0.65356493,True,0,0.7144017,True,0,0.90358514,True,0.9664726,0.51656836,0.8928016,Easy
8274,1,0,0.50346744,False,1,0.8584983,True,1,0.9035477,True,0.96352625,0.50825256,0.8564848,Easy
8275,1,0,0.52819663,False,1,0.7783396,True,1,0.90905285,True,0.96332586,0.5087802,0.0,Easy
8276,1,1,0.5113649,True,1,0.8367163,True,1,0.9503428,True,0.96420175,0.5090767,0.8363285,Easy
8277,1,0,0.51043224,False,1,0.7698735,True,1,0.6360231,True,0.9663662,0.50767034,0.94999194,Easy
